id,source,source_event_id,nombre,descripcion,costo,gratis,lugar,direccion,municipio_id,categoria,enlaceboletos,boletos_por_localidad,imagen,imagen_orientacion,image_crop_mode,image_focus_x,image_focus_y,image_zoom,image_focus_confidence,image_focus_source,activo
142,prticket,5kfaderun,5K Fade & Run,"5K Fade & Run 🗓️ Domingo, 28 de junio de 2026 ⏰ 6:00 AM (Con concentración de corredores desde las 5:00 AM) 📍 Salida y meta frente al Colegio de Barberos y Estilistas de Puerto Rico, Hato Rey, San Juan, Puerto Rico (recorrido por avenidas principales del área) Precio: Inscripción: $35.00 + c.s.",$35.00,false,Colegio de Barberos y Estilistas de Puerto Rico,"Colegio de Barberos y Estilistas de Puerto Rico, San Juan, San Juan",65,3,https://boletos.prticket.com/events/en/5kfaderun,false,https://boletos.prticket.com/events/img_web/3/602/2351/m_banner.webp,horizontal,cover,0.5,0.26,1.08,72,prticket_auto_v1,true
143,prticket,aguadillapickleballcenter,Aguadilla Pickleball Center,"Aguadilla Pickleball Center ¡El mejor spot de Pickleball en el west! 🎾 En Aguadilla Pickleball Center, te invitamos a vivir una experiencia única con las mejores canchas, un ambiente vibrante y amistoso, y todas las comodidades que necesitas para disfrutar al máximo de este deporte. Tanto si eres principiante como si ya eres todo un experto, nuestras canchas están listas para brindarte la mejor experiencia de juego y momentos inolvidables. Compra tus boletos, reserva tu cancha y únete a nuestra comunidad de jugadores. ¡El oeste nunca había vibrado tanto con el pickleball! 🎟 Venta de boletos y reservas disponibles ahora 📍 ¡Te esperamos en el corazón de Aguadilla! Ubicación: Carr PR-442 km 4.2, Aguadilla, 00603, Puerto Rico https://maps.app.goo.gl/gyQKrhC3xrMuT2vC6?g_st=ig Costo por cancha: $25.00 + IVU Duración: 1 hora y 30 minutos ⏰ Horario: Lunes, Martes y Miércoles 4:00 p.m. – 10:00 p.m. Sábado y Domingo 7:00 a.m. – 11:30 a.m 🏓 Reglas: Aguadilla Pickleball Center Para garantizar una experiencia segura, organizada y agradable para todos, te pedimos seguir las siguientes reglas: 👥 Uso de Canchas Mínimo 2 personas por cancha. Máximo 4 personas por cancha (dobles). El tiempo de uso por reservación es de 1 hora y 30 minutos. 🍽️ Comida y Bebidas No se permite comida dentro del área de las canchas. Solo se permiten bebidas en envases cerrados o deportivos. Mantén el área limpia: usa los zafacones disponibles para desechar basura. 🐶 Mascotas No se permiten mascotas dentro del área de juego por razones de seguridad e higiene. Las mascotas deben permanecer fuera del perímetro de las canchas y bajo supervisión. 🎾 Equipo y Juego Usa calzado deportivo adecuado (no sandalias, tacos ni calzado abierto). Respeta las reglas básicas del pickleball. Sé puntual con tu reserva, si aplica. 🤝 Conducta General Respeta a otros jugadores en todo momento. Lenguaje ofensivo, actitudes agresivas o conducta irrespetuosa no serán toleradas. Este es un espacio familiar: mantén un ambiente positivo y amigable. 🚫 Prohibiciones Adicionales No se permite fumar, vapear ni consumir alcohol en las instalaciones. No está permitido colgarse o apoyarse sobre las redes. No se permite música alta o dispositivos de sonido que interfieran con otros jugadores. Gracias por respetar estas reglas. ¡Disfruta del juego y ayúdanos a mantener el Aguadilla Pickleball Center como un lugar seguro y divertido para todos!",$25.00,false,Aguadilla,"Carr PR-442 km 4.2, Aguadilla, 00603, Puerto Rico - Aguadilla (Aguadilla)",3,3,https://boletos.prticket.com/events/en/aguadillapickleballcenter,false,https://boletos.prticket.com/events/img_web/3/540/2026/m_banner.webp,horizontal,cover,0.5,0.26,1.08,72,prticket_auto_v1,true
144,prticket,algoextra-9,Algo Extra,,,false,Enumerado con 2 precios,San Juan @ Enumerado con 2 precios,65,7,https://boletos.prticket.com/events/en/algoextra-9,false,https://boletos.prticket.com/events/img_web/3/4/1323/m_banner.webp,horizontal,cover,0.5,0.26,1.08,72,prticket_auto_v1,true
145,prticket,asalto,Asalto,"Asalto Una historia llena de enredos e identidades confundidas, con el tono humorístico e irreverente de Teatro Breve. El dueño y presidente de una empresa puertorriqueña está por retirarse y no se sabe a quién le dejará la compañía. En una fiesta navideña se encuentran sus hijos, su nueva esposa y su ex, además de un empresario que posiblemente asumirá la presidencia de la compañía. Es en esta fiesta donde el complot de uno de los hijos para quedarse con la empresa saldrá totalmente mal, en un error tras otro lleno de comedia. 🗓️ Desde el 10 de Marzo de 2026 - ⏰ 8:00pm 📍 Teatro Shorty Castro en Santurce, San Juan, Puerto Rico Precios: Planta Baja - $20.00 + ivu & c.s. Planta Alta - $15.00 + ivu & c.s.",desde $15.00,false,Enumerado con 2 precios+ Vision Limitada,San Juan @ Enumerado con 2 precios+ Vision Limitada,65,10,https://boletos.prticket.com/events/en/asalto,false,https://boletos.prticket.com/events/img_web/3/4/2301/m_banner.webp,horizontal,cover,0.5,0.22,1.07,96,prticket_override_v1,true
146,prticket,bbq,BBQ Grilling War,"BBQ Grilling War 🗓️ Sábado, 13 de Junio de 2026 ⏰ 12:00 PM 📍Plaza de la Independencia, San Juan PR Para más detalles, entra a su Instagram: BBQ GRILLING WARS Precio: General: $35.00 + ivu + c.s. VIP: $49.00 + ivu + c.s. Niños de 4 años o menos, gratis.",desde $35.00,false,Plaza de la Independencia,"Plaza de la Independencia, San Juan PR",65,5,https://boletos.prticket.com/events/en/bbq,false,https://boletos.prticket.com/events/img_web/3/32/1974/m_banner.webp,horizontal,cover,0.5,0.26,1.08,72,prticket_auto_v1,true
147,prticket,best-jevas,Lo Mejor de Noche de Jevas,"Lo Mejor de Noche de Jevas Lo mejor de Noche de Jevas” con tus sketches favoritos y también zumbaremos con unos nuevos. Te aseguramos que si eres fan desde el principio este show es para ti, y si conoces gente que ha vivido debajo de una piedra en estos últimos años, tráelos y conviértelos. Comenzando el 5 de marzo de 2026 @ Café Teatro El Shorty, Santurce Precios: Preventa Planta Baja - $40.00 - $46.00 + ivu & c.s Preventa Planta Alta: $36.00 + ivu & c.s",desde $36.00,false,Enumerado con 2 precios+ Vision Limitada,San Juan @ Enumerado con 2 precios+ Vision Limitada,65,10,https://boletos.prticket.com/events/en/best-jevas,false,https://boletos.prticket.com/events/img_web/3/4/1361/m_banner.webp,horizontal,cover,0.5,0.2,1.08,96,prticket_override_v1,true
148,prticket,campamentoxplore360,Campamento Xplore 360,"Campamento Xplore 360 🗓️1ro de junio al 10 de julio de 2026 • Días: Lunes a viernes ⏰ 8:00 AM – 3:00 PM ⏰ Horario Extendido: 3:00 PM – 5:00 PM (costo adicional) • Edades: 7 a 14 años • Field trips: Todos los viernes (costo adicional) 📍Parque de las Ciencias, Bayamón, PR ACTIVIDADES STEM + EDUCACIÓN • Biólogo por un día (con el santuario de animales) • Charlas educativas y experiencias con animales • Estudio de los astros • Taller de mecánica (con experto del Antique Automobile Club PR) • Competencia de Hot Wheels (crea tu pista) • Competencia de LEGO • Show interactivo de Nutty Scientist • Certificación de horas verdes y servicio comunitario DEPORTES • Dodgeball • Basketball • Pickleball • Fútbol • Hockey • ¡Y muchos más! MÚSICA + BAILE • Bailes típicos: Salsa, Bomba, Plena, Merengue • Bailes internacionales: Jazz, Hip Hop • Talleres de música • Creación de canciones propias TEATRO + FILMACIÓN • Taller de historias • Grabación de películas • Estación de teatro DIVERSIÓN • Waterpark + Playground • Sala de cine • Lago de botes (Pirate Zone + competencias) • Treasure Hunt con los Taínos • Búsqueda de dulces típicos en Ciudad Torito • Field trips todos los viernes (costo adicional) Campamento Xplore 360 no es un campamento tradicional. Aquí, los niños no están limitados a un salón…exploran TODO el Parque de las Ciencias. Es una experiencia 360° donde cada día: • Aprenden algo distinto • Prueban nuevas habilidades • Descubren lo que realmente les apasiona Desde ciencia, deportes, arte, hasta cultura…todo en un solo lugar. Y hay algo más importante… este campamento no solo impacta al niño…El niño también deja una huella en el mundo. Con oportunidades reales para: • Certificar horas de contacto verde • Participar en servicio comunitario Esto es crecimiento real. Esto es experiencia real. Esto es Xplore 360. PRECIOS • Reserva de espacio: $75.00 • 2 semanas: $495.00 • 4 semanas: $950.00 • Campamento completo: $1,225.00 DESCUENTO PARA HERMANOS DISPONIBLE! *Llamar directamente al Parque de las Ciencias para coordinar tu reservación y aplicar el descuento! Horario extendido: $50 por semana Durante los días del campamento: - El parque estará cerrado al público - Solo estarán los participantes del campamento Esto significa: • Ambiente controlado • Mayor supervisión • Interacción únicamente con directores certificados",desde $50.00,false,Camp Explore 360,Bayamón @ Camp Explore 360,11,4,https://boletos.prticket.com/events/en/campamentoxplore360,false,https://boletos.prticket.com/events/img_web/3/596/2356/m_banner.webp,horizontal,cover,0.5,0.26,1.08,72,prticket_auto_v1,true
149,prticket,cangrejeros2026,Cangrejeros de Santurce,Baloncesto Superior Nacional - Temporada 2026 Cangrejeros de Santurce - Temporada 2026 Precios: Arena: SOLD OUT Palco: SOLD OUT Preferencia Norte y Sur: $26.00 + ivu + c.s. Preferencia Este y Oeste: $18.00 + ivu + c.s. General: $12.00 + ivu + c.s.,desde $12.00,false,Cangrejeros 2026,San Juan @ Cangrejeros 2026,65,3,https://boletos.prticket.com/events/en/cangrejeros2026,false,https://boletos.prticket.com/events/img_web/3/12/2058/m_banner.webp,horizontal,cover,0.5,0.26,1.08,72,prticket_auto_v1,true
150,prticket,comediageek,Comedia Geek,"Comedia Geek Si te gustan los videojuegos, el anime, los cómics y todo lo nerd… este show es para ti. Comedia Geek es un espectáculo de stand-up donde Damián del Futuro convierte el mundo geek en pura comedia. Desde referencias a cultura pop hasta experiencias reales como gamer, fan y sobreviviente de debates inútiles en internet… nada se salva. Prepárate para reírte de todo eso que amas: las consolas, los fandoms intensos, las películas que defendemos demasiado… y esas obsesiones que solo otro geek entiende. Un show para los que crecieron jugando, viendo anime, leyendo cómics… o simplemente para los que quieren reírse de ese universo. 🗓️ viernes, 12 de junio de 2026 ⏰ 8:00 PM 📍 Titan Games, Caguas, Puerto Rico Precio: General: $20.00 ivu & c.s. incluidos",$20.00,false,Titan Games,Caguas @ Titan Games,13,10,https://boletos.prticket.com/events/en/comediageek,false,https://boletos.prticket.com/events/img_web/3/604/2359/m_banner.webp,horizontal,cover,0.5,0.24,1.08,72,prticket_auto_v1,true
151,prticket,comicosanonimos,Cómicos Anónimos,"Cómicos Anónimos Si tu vicio es la risa, ven a recaer con nosotros. Cómicos Anónimos es casi una terapia grupal donde los comediantes más desajustados confesarán sus defectos más graciosos, sus manías más absurdas y los secretos que jamás contarían sobrios. Aquí en Cómicos Anónimos, admitir que estamos jodíos es el primer paso… y el segundo es reírnos del primero juntos. Comediantes: Oscar Navarro Angel Lacomba Maurim Chiclana Adrian Castellar Damian Del Futuro 🗓️ viernes, 15 y sábado 16 de mayo de 2026 ⏰ 8:00 PM 📍Lugar Secreto en Cupey, San Juan, Puerto Rico Precio: General - $40.00 (incluye ivu y c.s.) 🗓️ sábado, 30 de mayo de 2026 ⏰ 8:00 PM 📍Studio 58 en Guayama, Puerto Rico Precio: General - $25.00 (incluye ivu y c.s.) 🗓️ sábado, 13 de junio de 2026 ⏰ 8:00 PM 📍Teatro Balboa en Mayagüez, Puerto Rico Precio: General - $25.00 (incluye ivu y c.s.) Cómicos Anónimos: Pa' qué resolver tus problemas? Si puedes ignorarlos un ratito con nosotros 😉",desde $25.00,false,"Studio 58, Guayama","Studio 58, Guayama",30,10,https://boletos.prticket.com/events/en/comicosanonimos,false,https://boletos.prticket.com/events/img_web/3/176/2304/m_banner.webp,horizontal,cover,0.5,0.26,1.08,72,prticket_auto_v1,true
152,prticket,cortaditoocapuchino,¿Cortadito o capuchino?,"¿Cortadito o capuchino? Regresa a Abracadabra la exitosa obra de teatro '¿Cortadito o capuchino?', una historia de dos enamorados que desafían clases sociales y presiones familiares para apostar a quererse. “¿Cortadito o capuchino?”narrada por meseros que cantan y actúan combina teatro, música y gastronomía; logrando una experiencia única a los espectadores, bajo la dirección de Rosa Luisa Márquez. Un trabajo teatral hermoso junto con comida riquísima. ¿Cortadito o Capuchino? con las actuaciones de Israel Lugo, Jessica Rodríguez, Yan Collazo y Héctor Pietri, Adriana Ramírez, Fátima Ortega y Jorge Alexander. La música en vivo estará a cargo de Rafael Martinez. 🚨 Nuevas Funciones: 🗓️ 6, 8, 13, y 15 de mayo de 2026 ⏰ 8:00 PM (Puertas abren 7pm, Cocina y coctelería durante la función) 📍 Abracadabra Counter Café en Santurce, San Juan, Puerto Rico Precios: General: $25.00 + ivu + c.s.",$25.00,false,Abracadabra Counter Cafe,San Juan @ Abracadabra Counter Cafe,65,7,https://boletos.prticket.com/events/en/cortaditoocapuchino,false,https://boletos.prticket.com/events/img_web/3/328/2246/m_banner.webp,horizontal,cover,0.5,0.26,1.08,72,prticket_auto_v1,true
153,prticket,disneyonice,Disney On Ice,"Disney On Ice Disney On Ice - Jump in! invita a las familias a disfrutar de las mágicas aventuras de Frozen, Inside Out, Zootopia, & otros …. del 29 de Mayo al 7 de Junio en el Coliseo Roberto Clemente de San Juan. En este espectáculo, los asistentes podrán cantar junto a los personajes favoritos como Anna, Elsa, Las Emociones de Inside Out, Moana, Maui, Nick, Judy y muchos otros personajes de Disney, mientras experimentan un show de patinaje único, entre acrobacias aéreas, tus canciónes favoritas y mucho más. Desde 29 de mayo en adelante - Varios horarios disponibles @ Coliseo Roberto Clemente, San Juan Precios: Balcón Lateral- $14.00 + ivu & c.s. Central- $18.00 + ivu & c.s. Preferencia Lateral- $23.00 + ivu & c.s. Central- $33.00 + ivu & c.s. Palco Lateral- $43.00 + ivu & c.s. Central- $53.00 + ivu & c.s. VIP - $73.00 + ivu & c.s. Niños de 2 años en adelante requieren boleto de admisión. *** Todas las secciones son asientos enumerados *** *** PRticket.com - Boleteria Oficial de Disney on Ice - 2026 (Puerto Rico) es la única autorizada a la venta y distribución de los boletos para las funciones. No nos hacemos responsables por boletos emitidos, comprados o distribuidos por terceros. Toda duda o reclamación será con el comprador original de la orden. Todas las ventas son finales. No se aceptan solicitudes de cancelaciones o devoluciones. Los reembolsos o cambios se realizan solo para eventos cancelados o pospuestos. En todos los casos en que se reembolsa un boleto, solo aplica al precio y el impuesto del boleto, los cargos por servicio no son reembolsables.***",desde $14.00,false,CRC_disney,San Juan @ CRC_disney,65,7,https://boletos.prticket.com/events/en/disneyonice,false,https://boletos.prticket.com/events/img_web/3/12/378/m_banner.webp,horizontal,cover,0.5,0.26,1.08,72,prticket_auto_v1,true
154,prticket,dragacadabra,DRAGACADABRA,"DRAGACADABRA Te invitamos a celebrar el Mes del Orgullo con una noche de drag, música y mucha energía. Ven a disfrutar de un show lleno de talento, color y celebración de la diversidad. Contamos con la participación estelar de: Anoma Lia Victoria Holiday Catalina Tyrrell Y Cocho Altieri 🏳️‍🌈Ambientación musical por: DJ IMPERIA 🗓 sábado, 20 de junio de 2026 ⏰ 8:00 PM 📍 Abracadabra Counter Café en Santurce, San Juan, Puerto Rico Precio: General: $12.00 + ivu + c.s.",$12.00,false,Abracadabra Enumerado New,San Juan @ Abracadabra Enumerado New,65,7,https://boletos.prticket.com/events/en/dragacadabra,false,https://boletos.prticket.com/events/img_web/3/328/2122/m_banner.webp,horizontal,cover,0.5,0.26,1.08,72,prticket_auto_v1,true
155,prticket,elmagodeoz,El Mago de Oz,"El Mago de Oz Es una adaptación de baile basada en la obra El Mago de Oz del autor L. Frank Baum. En una tierra lejana de Kansas, la joven Dorothy sueña con un mundo más allá de su rutina diaria. Tras la llegada de un poderoso tornado, es transportada mágicamente al colorido y fantástico mundo de Oz. Desorientada pero valiente, Dorothy inicia un viaje por el Camino de Ladrillos Amarillos con la esperanza de encontrar al gran Mago de Oz, quien podría ayudarla a regresar a casa. En su travesía conoce a tres entrañables compañeros: el Espantapájaros, que anhela un cerebro; el Hombre de Hojalata, que desea un corazón; y el León Cobarde, que busca valor. Juntos enfrentan desafíos y descubren que las cualidades que buscan siempre han estado dentro de ellos. Guiados por las bondadosas Brujas Buenas del Norte y Sur; son perseguidos por la temible Bruja Malvada del Oeste, vivirán aventuras llenas de magia, amistad y valentía. Al final, Dorothy comprende que el verdadero hogar no es solo un lugar, sino donde habitan el amor y los recuerdos. Esta presentación combina las técnicas del Ballet, Jazz, Tap , Hip Hop, Danza Moderna, Danza Contemporánea y Danza Aérea en Cuerda, para contar una historia atemporal sobre el coraje, la amistad y el poder de creer en uno mismo. 🗓️ sábado, 6 de junio ⏰ 7:00 PM 🗓️ domingo, 7 de junio ⏰ 3:00 PM 📍 Teatro Tapia en Viejo San Juan, San Juan, Puerto Rico Precio: Platea: $30.00 + ivu + c.s. Palco 1er Nivel: $30.00 + ivu + c.s. Palco 2do Nivel: $25.00 + ivu + c.s. Platea: $20.00 + ivu + c.s.",desde $20.00,false,T.Tapia - 4 precios,San Juan @ T.Tapia - 4 precios,65,7,https://boletos.prticket.com/events/en/elmagodeoz,false,https://boletos.prticket.com/events/img_web/3/36/2367/m_banner.webp,horizontal,cover,0.5,0.26,1.08,72,prticket_auto_v1,true
156,prticket,firstattack2026,🎮 FIRST ATTACK 2026,"🎮 FIRST ATTACK 2026 El Evento de Gaming Más Grande del Caribe First Attack regresa del 2 al 4 de octubre en el Centro de Convenciones de Puerto Rico — y esta edición es diferente. Este año renovamos la experiencia completa. Títulos nuevos, atracciones interactivas, TCG, Tabletop Games, invitados especiales y actividades para todo tipo de gamer. No importa si vienes a competir, a coleccionar o simplemente a disfrutar — aquí hay algo para ti. 🗓️ 2 – 4 de octubre de 2026 · Viernes a Domingo ⏰ 10:00 AM – 10:00 PM 📍 Centro de Convenciones de Puerto Rico ⚔️ Fighting Games 2XKO 💰 $6,000 en premios Tekken 8 💰 $2,000+ en premios Street Fighter 6 · Street Fighter V: Champion Edition · Street Fighter IV · Street Fighter III: 3rd Strike · Street Fighter 2 Super Turbo · Mortal Kombat 1 · Guilty Gear Strive · Fatal Fury: City of the Wolves · Super Smash Bros. Ultimate · The King of Fighters XV · Rivals of Aether 2 · Granblue Fantasy Versus: Rising · Avatar Legends: The Fighting Game · Tokon Fighting Souls · InvincibleVS · MLB The Show 2026. Team Games Overwatch · Fortnite · Mario Kart World Trading Card Games Yu-Gi-Oh! · One Piece · Pokémon TCG 🎯 Más Actividades 🪀 Torneos de Beyblade 🎲 Tabletop Games 🕹️ Área Retro — High Score Challenges y torneos clásicos ⚡ Dinámicas interactivas y atracciones sorpresa Cosplay Contest ¿Tienes el mejor cosplay del Caribe? Más detalles próximamente en firstattackpr.org ¿Listo para competir? Regístrate en firstattackpr.org Mucho más que un torneo… es una EXPERIENCIA. ¡Nos vemos en First Attack 2026! 🎮 Precios: Entrada General (por día): $25.00 +ivu & c.s. Niño (menos de 10yrs) (por día): $20.00 +ivu & c.s. 2 Day Experience: $30.00 +ivu & c.s. 2 Day Experience Niños: $25.00 +ivu & c.s. Weekend Pass (tres dias): $45.00 +ivu & c.s. ( Weekend Pass Niños (tres dias): $35.00 +ivu & c.s. VIP PASS: $70.00 +ivu & c.s. Pase de 3 dias ⁠Early Access⁠ ⁠Express Line dia del evento ⁠VIP Preferred seating para Finales de First Attack Camiseta conmemorativa del evento VIP Badge customizada con Nombre o Gamertag que disease Additional Bonuses Niños Menores de 2 años - Entrada Libre de Costo",desde $20.00,false,First Attack,San Juan @ First Attack,65,4,https://boletos.prticket.com/events/en/firstattack2026,false,https://boletos.prticket.com/events/img_web/3/35/2362/m_banner.webp,horizontal,cover,0.5,0.26,1.08,72,prticket_auto_v1,true
157,prticket,gamingisland,Gaming Island 2026 - Coliseito Pedrín Zorrilla,"Gaming Island 2026 Gaming Island regresa al coliseo Pedrín Zorrilla. Un evento que reúne a jóvenes para sumergirse en un mundo de gaming con varias atracciones para todas las edades. Evento abierto para escuelas y campamentos de verano. Una experiencia interactiva inolvidable. Visita diferentes áreas en el evento tales como: Talleres de Robótica Talleres de Desarrollo de Videojuegos Talleres de STEM Área interactiva de Realidad Virtual Diversos áreas de juegos retro. Videojuegos competitivos (Esports Área) áreas interactivas Goofy Games Los campamentos interesados en participar del evento, favor de comunicarse al email [email protected] . 🗓️ jueves, 18 de Junio de 2026 ⏰ 8:00 AM a 3:00 PM 📍 Coliseito Pedrín Zorrilla, San Juan, Puerto Rico Precios: Adultos: $20.00 + ivu + c.s. Niños: $15.00 + ivu & c.s. (4 años en adelante)",desde $15.00,false,Coliseito Pedrín Zorrilla General,San Juan @ Coliseito Pedrín Zorrilla General,65,4,https://boletos.prticket.com/events/en/gamingisland,false,https://boletos.prticket.com/events/img_web/3/70/175/m_banner.webp,horizontal,cover,0.5,0.26,1.08,72,prticket_auto_v1,true
158,prticket,irvingdarisho,Irving & Darisho,"¡Irving Alberti y su personaje Darisho están de gira mundial! Irving & Darisho Y su primera parada es aquí en SanJuan, Puerto Rico, con una única presentación, este próximo sábado 08 de agosto a las 8:30 pm, en el Teatro Tapia. ¡Prepárate para reír a carcajadas con Irving Alberti y su inconfundible personaje Darisho!. Habrá imitaciones, parodias, monólogos, stand up comedy y por supuesto las confesiones de Darisho, las cuales son cada vez más ocurrentes!. Te invitamos a vivir una noche única llena de humor, sorpresas y la magia de Irving y Darisho. 🗓️ sábado, 8 de agosto de 2026 ⏰ 8:30 PM 📍 Teatro Tapia en Viejo San Juan, San Juan, Puerto Rico Precios: Platea 1: $50.00 + ivu + c.s. Platea 2: $40.00 + ivu + c.s. Palco 1er Niverl: $30.00 + ivu + c.s. Palco 2do Nivel: $20.00 + ivu + c.s. Paraíso: $15.00 + ivu + c.s.",desde $15.00,false,Irving & Darisho,San Juan @ Irving & Darisho,65,10,https://boletos.prticket.com/events/en/irvingdarisho,false,https://boletos.prticket.com/events/img_web/3/36/2363/m_banner.webp,horizontal,cover,0.5,0.26,1.08,72,prticket_auto_v1,true
159,prticket,karmavalcuartaedicion,Karmaval,"Karmaval Adéntrate en un espacio donde el movimiento se convierte en medicina y la quietud en claridad. Únete a Karmaval para un encuentro inspirador de yoga, meditación, pilates, danza extática, tai chi y otras experiencias de bienestar diseñadas para reconectarte con tu cuerpo, calmar tu mente y elevar tu espíritu. No se necesita experiencia; solo trae tu yoga mat, tu respiración, tu presencia y un corazón abierto. Ven tal como eres. Sal renovado. Únete hoy. ¡Te esperamos! 🗓️ sábado, 20 de Junio de 2026 ⏰ 8:30 AM - 2:30 PM 📍 Playa El Escambrón, San Juan Precio: General: $20.00 + ivu & c.s. Bundle: $60.00 + ivu & c.s. (4 personas)",desde $20.00,false,Playa El Escambrón,"Playa El Escambrón, San Juan",65,9,https://boletos.prticket.com/events/en/karmavalcuartaedicion,false,https://boletos.prticket.com/events/img_web/3/300/2373/m_banner.webp,horizontal,cover,0.5,0.26,1.08,72,prticket_auto_v1,true
160,prticket,lacomidacomoculturadialogosdesobremesa,La comida como cultura: diálogos de sobremesa,"🎟 La comida como cultura: diálogos de sobremesa 🎟 Regresa por tercera ocasión el encuentro “La comida como cultura: diálogos de sobremesa” , en esta ocasión se celebrará en el municipio de Caguas el sábado, 23 de mayo de 2026. Un evento abierto al público general para pensar la comida: ¿De dónde viene? ¿Quién la produce? ¿Cuál es el futuro para Puerto Rico? Un espacio de conferencias y diálogos donde podrás escuchar, proponer, debatir y reflexionar junto a quienes inciden en el sistema agroalimentario puertorriqueño. Durante esta edición, el tema central será la producción de carnes en el archipiélago. Los diálogos (conferencias) serán dirigidos por la chef Giovanna Huyke y el investigador Dr. Luis Alexis Rodríguez, quienes integrarán a historiadores, chefs, ganaderos, gestores, agricultoras y académicos sobre el tema cárnico. Con la compra del boleto podrás acceder a las seis conferencias que transcurrirán durante el día, iniciando desde las 10:00am. Paralelo a las conferencias, podrán disfrutar sin costo: Exhibición de arte: “La comida como cultura” (9:00am) Mercado agrícola ( 9:00am) Talleres educativos (10:00am) Fecha: 23 de mayo de 2026 Horario: 9:00am - 4:30pm Lugar: Centro Criollo de Ciencias y Tecnologías del Caribe (C3Tec), Caguas P.R. ¡Asegura tu entrada y hablemos de comida! Precio: $10.00 más IVU & CS - hasta el 22 de mayo de 2026 $15 más IVU & CS - costo en la puerta 23 de mayo de 2026",desde $10.00,false,Teatro del C3TEC,Caguas @ Teatro del C3TEC,13,7,https://boletos.prticket.com/events/en/lacomidacomoculturadialogosdesobremesa,false,https://boletos.prticket.com/events/img_web/3/597/2336/m_banner.webp,horizontal,cover,0.5,0.26,1.08,72,prticket_auto_v1,true
161,prticket,lagala,"La Gala ""Por La Escena""","La Gala ""Por La Escena"" Vive una noche única en el Teatro del Recinto de Río Piedras, un espacio histórico donde el arte, la música y la universidad se unen para crear una experiencia cultural inolvidable. La Gala ""Por La Escena"" celebra el talento, la cultura y la comunidad que se cocina dentro de la Universidad de Puerto Rico, reuniendo arte, música y gastronomía en un mismo espacio. Disfruta de una noche de música en vivo, presentaciones de danza contemporánea y la participación de agrupaciones musicales del recinto. La experiencia gastronómica estará inspirada en productos locales y de temporada, diseñada por chefs reconocidos del país desde una visión agrocultural y sostenible. Este evento benéfico busca recaudar fondos para apoyar la programación cultural y académica de la Facultad de Humanidades de la Universidad de Puerto Rico. Código de vestimenta : Elegante 🗓️ sábado, 16 de mayo de 2026 ⏰ 7:00 PM 📍Teatro de la Universidad de Puerto Rico en Río Piedras, San Juan, Puerto Rico Precio: General: $150.00",$150.00,false,General,San Juan @ General,65,7,https://boletos.prticket.com/events/en/lagala,false,https://boletos.prticket.com/events/img_web/3/55/2334/m_banner.webp,horizontal,cover,0.5,0.26,1.08,72,prticket_auto_v1,true
162,prticket,lamesa,La Mesa,"La Mesa Almuerzo comunitario estilo “farm to table” en los pasillos históricos de la Facultad de Humanidades. El concepto es instalar una mesa larga donde nos sentemos alrededor de 600 personas a compartir alimentos cosechados en el país, dialogar y bajar el ritmo. Contamos con el trabajo de chefs icónicos como Natalia Vallejo, Carlos Portela, Hugo Varona, Mercedes Grubb, Kelly Pirro, Giovanna Huyke, Luz Ferreira, Wanda Pantojas y Pedro Álvarez, quienes representan nuestra gastronomía nacional y son portavoces de la importancia de la producción agrícola de nuestro país. El objetivo es recaudar fondos para ofrecer 14 becas estudiantiles, una para cada departamento de Humanidades y Nutrición y Dietética 🗓️ miércoles, 2 de septiembre de 2026 ⏰ 11:30 AM 📍En los pasillos de la Torre y la Facultad de Humanidades de la Universidad de Puerto Rico en Río Piedras, San Juan, Puerto Rico Precio: General: $27.00",$27.00,false,Facultad de Humanidades,San Juan @ Facultad de Humanidades,65,7,https://boletos.prticket.com/events/en/lamesa,false,https://boletos.prticket.com/events/img_web/3/598/2343/m_banner.webp,horizontal,cover,0.5,0.26,1.08,72,prticket_auto_v1,true
163,prticket,masturbadoquetu,Más Turbado... Que Tú,"El Gazebo Presenta Más Turbado... Que Tú Stand Up 🗓️ sábado, 13 de junio de 2026 ⏰ 8:00 PM 📍 Teatro José M. Lugo Emanuelli, Fajardo, Puerto Rico Precios : Planta Baja A-E: $40.00 Planta Baja F-Q : $35.00 Planta Baja R-V : $30.00 🗓️ jueves, 3 de septiembre de 2026 ⏰ 8:00 PM 📍 Teatro Yagüez, Mayagüez, Puerto Rico Precios : Planta Baja A-G: $40.00 Planta Baja H-R: $35.00 Segundo Nivel: $30.00 🗓️ sábado , 18 de Julio de 2026 ⏰ 8:00 PM 📍 Teatro Francisco Arriví, Santurce Precios : Planta Baja : $45.00 - $50.00 (+ivu & c.s.) Planta Alta: $30.00 - $35.00 (+ivu & c.s.)",desde $30.00,false,Teatro José M. Lugo Emanuelli,Fajardo @ Teatro José M. Lugo Emanuelli,27,10,https://boletos.prticket.com/events/en/masturbadoquetu,false,https://boletos.prticket.com/events/img_web/3/494/2313/m_banner.webp,horizontal,cover,0.5,0.26,1.08,72,prticket_auto_v1,true
164,prticket,natalianieves,Ópera en la Montaña,"Ópera en la Montaña Natalia Nieves en Concierto ¡No te pierdas ""Ópera en la Montaña""! La soprano Natalia Nieves junto a la pianista Daniela Santos presentan un espectáculo apasionante lleno de melodias inolvidables y canciones que llegan al corazón. Una velada exquisita en el Centro de Bellas Artes de Naranjito. 🗓️ Sábado, 20 de junio de 2026 ⏰ 7:00 PM 📍Sala de teatro Modesto Nieves, Centro de Bellas Artes de Naranjito, Puerto Rico Precio: General: $25.00 + ivu + c.s. Otra producción de Chucky Enterprises",$25.00,false,CBA Naranjito - .Online,#97 C. Georgetti - Naranjito (Puerto Rico),54,1,https://boletos.prticket.com/events/en/natalianieves,false,https://boletos.prticket.com/events/img_web/3/495/2372/m_banner.webp,horizontal,cover,0.5,0.26,1.08,72,prticket_auto_v1,true
165,prticket,ndi-calle,Noche de Impro - Cogiendo Calle,Noche de Impro - Cogiendo Calle NDI es un show de improvisación dónde nadie sabe lo que va a pasar. COGIMOS CALLE Y LLEGAMOS A PONCE Y AGUADA!!! Vive una nueva historia creada con tus sugerencias y las ocurrencias de los improvisadores. 🗓️ Todos los viernes desde el 22 de Mayo - 26 de Junio de 2026 - ⏰ 8:00pm 📍Aguada @ Bambalinas Cafe Teatro Precio: Entrada General - $25.00 + ivu & c.s.,$25.00,false,Bambalinas Café Teatro,Aguada @ Bambalinas Café Teatro,2,10,https://boletos.prticket.com/events/en/ndi-calle,false,https://boletos.prticket.com/events/img_web/3/494/2347/m_banner.webp,horizontal,cover,0.5,0.24,1.08,72,prticket_auto_v1,true
166,prticket,nextgenerationbigstep,Next Generation - Big Step,"Next Generation - Big Step 🗓️ sábado, 13 de junio de 2026 ⏰ 7:00 PM 📍 Coliseo Rubén Zayas Montañez, Trujillo Alto, Puerto Rico Precios: General: $25.00 + ivu & c.s. Palco: $35.00 + ivu & c.s. Ring Side: $50.00 + ivu & c.s. Red Carpet: $60.00 + ivu & c.s.",desde $25.00,false,Next Generation 2026,Trujillo Alto @ Next Generation 2026,71,3,https://boletos.prticket.com/events/en/nextgenerationbigstep,false,https://boletos.prticket.com/events/img_web/3/577/2366/m_banner.webp,horizontal,cover,0.5,0.26,1.08,72,prticket_auto_v1,true
167,prticket,nochesdeimpro,Noches de Impro,"Noches de Impro ​ ¡Regresa tu show de improvisación favorito! Noches de Impro: Fotos y recuerdos regresa al Shorty Castro todos los lunes para que comiences tus semanas con las energías necesarias. Tú pones los temas y nosotros la historias. 🗓️ Todos los LUNES ⏰ 8:00pm 📍Café Teatro El Shorty, Santurce Precios: Planta Alta : $18.00 + ivu & c.s Planta Baja: $24.00 + ivu & c.s",desde $18.00,false,Enumerado con 2 precios+ Vision Limitada,San Juan @ Enumerado con 2 precios+ Vision Limitada,65,10,https://boletos.prticket.com/events/en/nochesdeimpro,false,https://boletos.prticket.com/events/img_web/3/4/190/m_banner.webp,horizontal,cover,0.5,0.24,1.08,72,prticket_auto_v1,true
168,prticket,piratas,Piratas de Quebradillas,"Baloncesto Superior Nacional Piratas de Quebradillas Temporada 2026 Itinerario de Juegos Locales Domingo, 12 de abril de 2026 – 8:00 pm -vs- Santeros Domingo, 19 de abril de 2026 – 6:00 pm -vs- Indios Jueves, 23 de abril de 2026 – 8:00 pm -vs- Atléticos Miércoles, 29 de abril de 2026 – 8:00 pm -vs- Gigantes Viernes, 1 de mayo de 2026 – 8:00 pm -vs- Atléticos Viernes, 8 de mayo de 2026 – 8:00 pm -vs- Leones Jueves, 14 de mayo de 2026 – 8:00 pm -vs- Criollos Sábado, 23 de mayo de 2026 – 8:00 pm -vs- Osos Miércoles, 3 de junio de 2026 – 8:00 pm -vs- Cangrejeros Domingo, 7 de junio de 2026 – 6:00 pm -vs- Indios Martes, 9 de junio de 2026 – 8:00 pm -vs- Leones Sábado, 13 de junio de 2026 – 8:00 pm -vs- Capitanes Jueves, 25 de junio de 2026 – 8:00 pm -vs- Capitanes Sábado, 27 de junio de 2026 – 8:00 pm -vs- Santeros Calendario sujeto a cambios. @ Coliseo Raymond Dalmau, Quebradillas Precios: General - $12.00 Preferencia - $18.00 Palco - $24.00 Arena - $30.00 ( ivu & c.s. ya incluidos en el precio) *Boleteria abierta los dias de juego a las 4:00pm*",desde $12.00,false,BSN (General + Enumerado),Quebradillas @ BSN (General + Enumerado),59,3,https://boletos.prticket.com/events/en/piratas,false,https://boletos.prticket.com/events/img_web/3/24/41/m_banner.webp,horizontal,cover,0.5,0.26,1.08,72,prticket_auto_v1,true
169,prticket,puertoricosekaijucon,Puerto Rico Sekaiju Con,"Puerto Rico Sekaiju Con ¡Regresa la convención de anime más grande de Puerto Rico! Puerto Rico Sekaiju Con se llevará a cabo el próximo 29 y 30 de agosto de 2026 en el Coliseo Marcelo Trujillo Panisse en Humacao y esta edición será como ninguna otra en nuestra historia. Por primera vez, contaremos con dos niveles llenos de pura adrenalina para toda la familia: exhibiciones de gaming, torneos de cartas TCG, competencias de cosplay, talleres culinarios, Artistas Locales, Dance Battles, actividades interactivas, paneles de entrevista, y mucho más para todos los fanáticos de anime y la cultura popular en Puerto Rico! Conoce las voces detrás de tus personajes de anime y VTubers favoritos: incluyendo a: • ⁠ Johnny Yong Bosch (Ichigo Kurosaki, Dante, Nero, Lelouch ViBritannia, Vash the Stampede) • ⁠ Alejandro Saab (Cyyu, Deadpool, Cyno, Jing Yuan, Gabimaru) • ⁠ Y MUCHOS MÁS POR ANUNCIAR No te pierdas un fin de semana lleno de momentos inolvidables, entrevistas exclusivas y experiencias únicas que solo puedes vivir en el evento de anime más grande en Puerto Rico. Síguenos en Facebook, Instagram y Twitter: @sekaijucon Visítanos en: sekaijuconpr.com para más información 🗓️ sábado, 29 de agosto de 2026 🗓️ domingo, 30 de agosto de 2026 ⏰ 9:00 AM - 6:00 PM 📍Coliseo Marcelo Trujillo Panisse, Humacao, Puerto Rico Precio: General: $25.00 + ivu + c.s Weekend Pass: $45.00 + ivu + c.s. Weekend pass XL: $100.00 + ivu + c.s. Incluye : Pase para todo el fin de semana Acceso por carril expreso con escolta para áreas de autógrafos y fotos Bolsa (Tote Bag) edición limitada de Sekaiju Lanyard edición limitada de Sekaiju + carnet Póster edición limitada de Sekaiju Sticker edición limitada de Sekaiju Goodies",desde $25.00,false,Sekaiju,Humacao @ Sekaiju,36,4,https://boletos.prticket.com/events/en/puertoricosekaijucon,false,https://boletos.prticket.com/events/img_web/3/601/2350/m_banner.webp,horizontal,cover,0.5,0.26,1.08,72,prticket_auto_v1,true
170,prticket,queens-of-ring,Queens of the Ring,"Queens of the Ring 🗓️ Sábado, 11 de julio de 2026 ⏰ 6:00pm 📍Coliseito Pedrin Zorrilla, San Juan Precios: Red Carpet -$100.00 + ivu & c.s. Ring Side - $60.00 + ivu & c.s. General - $30.00 + ivu & c.s.",desde $30.00,false,Coliseito Pedrin Zorrilla,"Coliseito Pedrin Zorrilla, San Juan",65,3,https://boletos.prticket.com/events/en/queens-of-ring,false,https://boletos.prticket.com/events/img_web/3/70/2371/m_banner.webp,horizontal,cover,0.5,0.26,1.08,72,prticket_auto_v1,true
171,prticket,quien-mato-a-rene,Reynold Alexander : ¿Quién mató a René Monclova?,"Reynold Alexander : ¿Quién mató a René Monclova? Cuando un asesinato sacude a todos los invitados del Hotel Royal Americana, el famoso mago-detective Reynold Alexander decide tomar el caso. Con un poco de magia y mucha astucia, se propone descubrir qué pasó realmente. Esta vez hay un giro: los sospechosos están entre el público, la intriga sube de nivel y todos forman parte del juego. Mientras Reynold sigue las pistas y destapa secretos, cada espectador se convierte en una pieza del rompecabezas. La pregunta es… ¿podrás descubrir al culpable antes que él? Prepárate para una noche llena de magia, risas y giros inesperados, donde hasta tú podrías tener la pista clave para resolver el misterio. Será una experiencia interactiva en la que el teatro y el suspenso se mezclan para mantenerte pegado a tu asiento. Ven a vivir una velada diferente y descubre si tienes lo que se necesita para averiguar “¿Quién mató a René Monclova?”",,false,Teatro Tapia-Reynold,San Juan @ Teatro Tapia-Reynold,65,10,https://boletos.prticket.com/events/en/quien-mato-a-rene,false,https://boletos.prticket.com/events/img_web/3/494/2332/m_banner.webp,horizontal,cover,0.5,0.26,1.08,72,prticket_auto_v1,true
172,prticket,rickycolonencomplicidad,Ricky Colón: En Complicidad,"Ricky Colón: En Complicidad Con tan solo 23 años, Ricky Colón se presenta como una de las voces jóvenes más prometedoras de la música romántica en Puerto Rico. Reconocido por su paso como excantante de la legendaria orquesta de Willie Rosario y por su actual participación como vocalista de Luisito Ayala y La Puerto Rican Power, Ricky se desprende aquí del ritmo salsero para entregarse, con absoluta honestidad, al lenguaje profundo del bolero. En Complicidad es un concierto íntimo, concebido para escuchar de cerca. Acompañado por algunos de los mejores músicos del país, Ricky Colón interpreta una cuidada selección de boleros tradicionales y contemporáneos, revelando una capacidad interpretativa marcada por la entrega, la sensibilidad y el respeto al género. En la atmósfera cercana del Moneró Café Teatro, cada canción se convierte en una confesión y cada silencio en un puente directo al corazón. Este concierto invita al público a ser testigo de una certeza: están escuchando el futuro del bolero puertorriqueño, narrado en una voz joven que honra la tradición mientras la proyecta hacia adelante. 🗓️ domingo, 7 de junio de 2026 ⏰ 4:30 PM 📍 Moneró Café Teatro, Caguas, Puerto Rico Precio: General: $25.00 + ivu + c.s.",$25.00,false,Moneró - .Online,Caguas @ Moneró - .Online,13,1,https://boletos.prticket.com/events/en/rickycolonencomplicidad,false,https://boletos.prticket.com/events/img_web/3/59/2281/m_banner.webp,horizontal,cover,0.5,0.26,1.08,72,prticket_auto_v1,true
173,prticket,showdejossiedeguzman,Show de Josie de Guzmán,"Show de Josie de Guzmán Acompaña a la aclamada artista ganadora del premio Grammy Awards y nominada en dos ocasiones a los Tony Awards, Josie de Guzman, junto a su distinguido Director Musical, Larry Yurman, en una velada íntima y reveladora que invita al público a descubrir los secretos detrás del telón. Este espectáculo ofrece una experiencia cercana y envolvente, donde de Guzman comparte historias de primera mano y memorias inolvidables de su extraordinaria trayectoria en Broadway, acompañadas de interpretaciones musicales que han marcado su carrera. Sus vivencias junto a legendarias figuras como Leonard Bernstein, Stephen Sondheim, Alan Jay Lerner, Jerome Robbins y Arthur Laurents se transforman en relatos fascinantes, a veces inesperados y frecuentemente cargados de humor, que revelan la esencia de su recorrido teatral. El repertorio incluye además una cuidada selección de sus canciones favoritas interpretadas en los escenarios de cabaret y clubes nocturnos de Nueva York, con obras de destacados compositores como Cole Porter, Antonio Carlos Jobim y Liz Swados, evidenciando su impresionante versatilidad artística. El espectáculo conduce al espectador por un viaje emocional que abarca desde Peter Pan hasta West Side Story y Guys and Dolls, incluyendo presentaciones internacionales en ciudades como París, Monte Carlo y Milán. Entre anécdotas de camerino, imprevistos en escena y grandes triunfos teatrales, este espectáculo único captura la esencia de una artista carismática y multifacética. Su trabajo fuera de Nueva York ha sido igualmente aclamado en todo Estados Unidos, con interpretaciones en obras de Tom Stoppard, Arthur Miller, Agatha Christie, Anton Chekhov y William Shakespeare, así como en exitosas comedias teatrales. Pocos artistas estadounidenses logran igualar su amplitud interpretativa, elegancia y dominio escénico en un repertorio tan diverso. Back Where I Started presenta a Josie de Guzman en una de sus facetas más cautivadoras, en un espectáculo simplemente irresistible. Reseñas Destacadas “Jamás había visto una intérprete de cabaret con tanto encanto… ¡Su carisma desbordaba el escenario!” — Peter Filichia, Broadway Radio “Cada anécdota revela el mundo interno del teatro que pocos tienen el privilegio de conocer. Cada historia fluía con naturalidad hacia interpretaciones musicales que emocionaron y cautivaron profundamente al público… Este es un espectáculo imperdible.” — Edward A. Kliszus, Opening Night Reviews New York El espectáculo de la Sra. de Guzman destacó especialmente por sus invaluables anécdotas sobre su paso por Broadway, tanto en grandes éxitos como en producciones legendarias.” — Adrian Dimanlig, Interludes 🗓️ domingo, 30 de agosto de 2026 ⏰ 4:00 PM 📍 Teatro Tapia en Viejo San Juan, San Juan, Puerto Rico Precio: Platea: $55.00 + ivu + c.s. Palco 1er Nivel: $55.00 + ivu + c.s. Palco 2do Nivel: $50.00 + ivu + c.s. Paraíso: $45.00 + ivu + c.s.",desde $45.00,false,T.Tapia - 4 precios,San Juan @ T.Tapia - 4 precios,65,10,https://boletos.prticket.com/events/en/showdejossiedeguzman,false,https://boletos.prticket.com/events/img_web/3/36/2338/m_banner.webp,horizontal,cover,0.5,0.26,1.08,72,prticket_auto_v1,true
174,prticket,tallerdemarketing,Taller de Marketing - Saffra Cowork,"Film Nights y Creānte presentan: Taller de Marketing para la Industria Creativa Una experiencia intensiva de 4 horas diseñada para ayudar a creativos, artistas, productores, emprendedores y profesionales del entretenimiento a entender cómo desarrollar una estrategia clara de marketing para sus proyectos. Guiado por Héctor D. Ortiz Rodríguez, publicista y actor con más de 15 años de experiencia manejando marcas en retail, gastronomía, cine, teatro y entretenimiento, este taller combina teoría aplicada, casos de estudio globales y locales, y una sesión práctica donde cada participante podrá trabajar conceptos directamente sobre su propio proyecto. Durante el taller exploraremos: Investigación y brief creativo Definición de audiencias Estrategia de marca Plan de medios Promociones y colaboraciones Activaciones y experiencias Métricas y análisis de resultados Estrategias de lanzamiento No es una charla, es un taller práctico de trabajo real. Ven con ideas, proyectos o preguntas y sal con herramientas concretas para comunicar mejor lo que haces. 🗓 Sábado, 30 de mayo de 2026 ⏰ 11:00 AM – 3:00 PM 📍 Saffra Cowork (Edificio ILA, 1055 John Fitzgerald Kennedy Expy, San Juan, 00920) Precio: General: $35.00 + ivu + c.s. Sobre Film Nights Film Nights es una plataforma creativa nacida en Puerto Rico dedicada a impulsar la industria audiovisual y conectar a la comunidad creativa a través de proyecciones, networking, talleres, paneles educativos y experiencias colaborativas. Desde su fundación, Film Nights ha producido más de 100 eventos, presentado más de 200 proyecciones, impulsado decenas de proyectos creativos y generado una comunidad vibrante de artistas, cineastas, productores y profesionales que creen en el poder de crear juntos. Con iniciativas como esta, Film Nights continúa expandiendo oportunidades de educación, conexión y crecimiento para la industria creativa local.",$35.00,false,Saffra Cowork,San Juan @ Saffra Cowork,65,4,https://boletos.prticket.com/events/en/tallerdemarketing,false,https://boletos.prticket.com/events/img_web/3/605/2368/m_banner.webp,horizontal,cover,0.5,0.26,1.08,72,prticket_auto_v1,true
175,prticket,tradicionalbailepadres,Tradicional Bailable de la Víspera de Padres,"Tradicional Bailable de la Víspera de Padres 🗓 ️ sábado, 20 de junio de 2026 ⏰ 7:30 PM 📍 Hotel Sheraton, Distrito de Convenciones Precios: General: $30.00 + ivu + c.s. Preferencia: $40.00 + ivu + c.s. VIP: $50.00 + ivu + c.s. Puerta: $40.00 + ivu + c.s. Info: 787-349-6630 Produce: Moncho Arriaga",desde $30.00,false,Sheraton Puerto Rico Hotel & Casino,"Sheraton Puerto Rico Hotel & Casino, San Juan, Puerto Rico",65,1,https://boletos.prticket.com/events/en/tradicionalbailepadres,false,https://boletos.prticket.com/events/img_web/3/49/2376/m_banner.webp,horizontal,cover,0.5,0.26,1.08,72,prticket_auto_v1,true
176,prticket,vip-parking,Parking VIP Prepagado - Cangrejeros de Santurce,Parking VIP Prepagado - Cangrejeros de Santurce Solo disponible por pre-venta durante los dias de partidos locales de los Cangrejeros de Santurce. Estacionamiento VIP frente a la entrada principal del Coliseo Roberto Clemente. (150 espacios) Abierto desde 2 horas antes de la hora del juego. Entrada/Ubicacion: https://maps.app.goo.gl/wdgZjqUq7ec1DVwSA Precio: Estacionamiento VIP - $10.00,$10.00,false,Parking VIP,San Juan @ Parking VIP,65,9,https://boletos.prticket.com/events/en/vip-parking,false,https://boletos.prticket.com/events/img_web/3/12/2345/m_banner.webp,horizontal,cover,0.5,0.26,1.08,72,prticket_auto_v1,true
177,prticket,wwcaniversario53,WWC Aniversario 53,"WWC Aniversario 53 El evento de lucha libre más importante de todos, WWC Aniversario 53, regresa al Coliseo Roberto Clemente de San Juan. 🗓️ Sábado, 27 de junio de 2026 ⏰ 8:00 PM 📍 Coliseo Roberto Clemente en San Juan, Puerto Rico Precios: Palco: $25.00 + ivu + c.s. Ring Side: $75.00 + ivu + c.s.",desde $25.00,false,WWC,San Juan @ WWC,65,3,https://boletos.prticket.com/events/en/wwcaniversario53,false,https://boletos.prticket.com/events/img_web/3/12/2247/m_banner.webp,horizontal,cover,0.5,0.26,1.08,72,prticket_auto_v1,true
178,prticket,yaireenaniversario,Yaire en Aniversario,"Yaire en Aniversario 🗓️ domingo, 10 de mayo de 2026 ⏰ 5:00 PM 📍 Studio 58 Guayama Café Teatro, Guayama, Puerto Rico Precio: General: $30.00 + ivu + c.s. 🗓️ sábado, 30 de mayo de 2026 ⏰ 8:00 PM 📍Centro de Bellas Artes de Naranjito, Puerto Rico Precio: General: $30.00 + ivu + c.s. 🗓️ sábado, 6 de junio de 2026 ⏰ 8:00 PM 📍Studio 58 Ponce Café Teatro, Ponce, Puerto Rico Precio: General: $30.00 + ivu + c.s. 🗓️ domingo, 14 de junio de 2026 ⏰ 5:00 PM 📍Rancho Grande en Añasco, Puerto Rico Precio: General: $30.00 + ivu + c.s. 🗓️ sábado, 19 de septiembre de 2026 ⏰ 8:00 PM 📍 Cine Teatro Juventud en Lajas, Puerto Rico Precio: General: $30.00 + ivu + c.s.",$30.00,false,Centro de Bellas Artes de Naranjito,Centro de Bellas Artes de Naranjito,54,1,https://boletos.prticket.com/events/en/yaireenaniversario,false,https://boletos.prticket.com/events/img_web/3/494/2346/m_banner.webp,horizontal,cover,0.5,0.26,1.08,72,prticket_auto_v1,true
