nombre,telefono,direccion,latitud,longitud,municipio,categoria,subCategorias,activo,google_place_id_posible_match
Supreme Beauty Salon,(787) 840-1165,"1867 Las Américas Ave, Ponce, 00728, Puerto Rico",18.005997,-66.63389959999999,Ponce,Salones de Belleza,"Salon de Belleza, Cabello",true,ChIJM0Lty2wqHYwR_xrctmXUk_A
The Beauty Lab by Paola Estefania,(787) 223-4611,"Coliseo Shopping Center, 2525 Av. Eduardo Ruberte Oficina 205, Ponce, 00728, Puerto Rico",18.0005917,-66.6338178,Ponce,Salones de Belleza,"Salon de Belleza, Cuidado Capilar, Bienestar, Cabello",true,ChIJ4chZX6DVHIwRy2jXqZmwuV0
Sarts Beauty Salón,(787) 404-0781,"Cll Morena 44 C, Ponce, 00716, Puerto Rico",17.9800165,-66.6188131,Ponce,Salones de Belleza,"Salon de Belleza, Cabello",true,ChIJXVwR1fIpHYwRZMm5KS6Sp94
NOVA LADY SALON,(939) 992-9462,"1581 Ave Muñoz Rivera local 1, Ponce, 00717, Puerto Rico",18.0057436,-66.62069749999999,Ponce,Salones de Belleza,"Salon de Belleza, Cabello",true,ChIJlYwzXqgrHYwRsVfwWnPl-FA
Y Salón “The House of Colors” 𝙱𝚢: 𝚈𝚘𝚢𝚖𝚊𝚛 𝙱𝚘𝚛𝚛𝚎𝚛𝚘,(787) 313-7430,"64 C. Comercio, Ponce, 00717, Puerto Rico",18.0103056,-66.61028780000001,Ponce,Salones de Belleza,"Salon de Belleza, Cabello",true,ChIJV_vOyd3VHIwRqJo0fj5eg1o
Marylin's Beauty Salon,(787) 464-0576,"Calle Capitán Correa, 1675 Esq. Villa Suite 2, Ponce, 00717, Puerto Rico",18.0098361,-66.6193462,Ponce,Salones de Belleza,"Salon de Belleza, Cabello",true,ChIJqy-vc3YqHYwRTY3LkthViMI
Mel Rose Creations Beauty Lounge,(939) 390-0409,"443 C. Victoria, Ponce, 00716, Puerto Rico",18.0116551,-66.6322222,Ponce,Salones de Belleza,"Salon de Belleza, Cabello",true,ChIJ2WiOa5krHYwRWPy9eV1HtKE
Beyond Salon,(787) 722-4603,"1400 Av. Magdalena Suite 3, San Juan, 00907, Puerto Rico",18.4542233,-66.0671291,San Juan,Salones de Belleza,"Salon de Belleza, Cuidado Capilar, Bienestar, Cabello",true,ChIJzRQEK0ZvA4wRB9JWeY8FaOg
Angie's Beauty Club,(787) 454-1469,"Urb, Av. Punto Oro, Ponce, 00728, Puerto Rico",17.9953284,-66.6477585,Ponce,Spas,"Salon de Belleza, Spa",true,ChIJi0ttx38rHYwRC26Lmvkm1Vk
Nua Parlor & Spa,(787) 840-3551,"Urb, 112 Cll Fatima #112, Ponce, 00730, Puerto Rico",18.038417,-66.5857278,Ponce,Spas,Salon de Belleza,true,ChIJ9yvQMhHVHIwRlbjSD8ZZz40
M Salon,(787) 812-3113,"1591 Paseo Mercedita suite 117 Plaza Nuevo Mundo, Boulevard Pou, Ponce, 00717, Puerto Rico",18.0067071,-66.5958699,Ponce,Salones de Belleza,"Salon de Belleza, Tienda, Cabello",true,ChIJV2K5yZPVHIwRaEMmdYipj40
MS Salon,(787) 929-0303,"Perla del sur, 2435 Paseo Perla del Sur suite 101, Ponce, 00717, Puerto Rico",17.9963677,-66.6256549,Ponce,Salones de Belleza,"Salon de Belleza, Cabello",true,ChIJ84Wl4w4qHYwRfeHKhb4TU4I
Oops! Gossip Studio,(787) 535-8004,"2350, 1400 Ponce Bypass Suite 127, Ponce, 00716, Puerto Rico",17.9952292,-66.6227035,Ponce,Salones de Belleza,"Salon de Belleza, Cuidado Capilar",true,ChIJq2q9AffVHIwRjnIEB5_jOvA
K&L The Beauty Room,(939) 731-7156,"1573 Av. Muñoz Rivera, Ponce, 00717, Puerto Rico",18.0053593,-66.62077260000001,Ponce,Salones de Belleza,"Salon de Belleza, Cabello",true,ChIJ61_Zj-ErHYwR2eDL-F3IYW0
Poliniza Beauty Lab,(787) 908-4317,"Urb. Punto Oro, C. el Gallardo, Ponce, 00728, Puerto Rico",17.994776,-66.6461407,Ponce,Salones de Belleza,"Salon de Belleza, Cabello",true,ChIJRWpxJBUrHYwR5QhJcocsXT0
Ilas Salon,(787) 361-6155,"78 Calle Prol Vives, Ponce, 00731, Puerto Rico",18.014091,-66.614633,Ponce,Salones de Belleza,"Salon de Belleza, Cuidado Capilar, Cabello",true,ChIJczjUHojVHIwR9IyxqT5LmhY
Amada Beauty Salón,(939) 257-5952,"1260 Av. Muñoz Rivera, Ponce, 00717, Puerto Rico",18.0012622,-66.6207817,Ponce,Salones de Belleza,"Salon de Belleza, Cabello",true,ChIJo__GdI0rHYwRq5hFvZ-4oXo
Saline Salon,(939) 338-1176,"66 C. Luisa, San Juan, 00907, Puerto Rico",18.4540815,-66.07386029999999,San Juan,Salones de Belleza,"Salon de Belleza, Cabello",true,ChIJ99RkcTdvA4wR4dWgkCaEtXc
Velvet Salon & Spa,(787) 775-1130,"1111 Avenida F.D. Roosevelt, San Juan, 00920, Puerto Rico",18.4148052,-66.0822225,San Juan,Spas,Salon de Belleza,true,ChIJzQ0zfO9oA4wRvvh0dB2L1VU
Mary's Beauty Salon & Esthetic,(787) 636-7519,"Espacio Comercial 103, 617 C. Ferrocarril, Ponce, 00717, Puerto Rico",18.0060855,-66.6150756,Ponce,Esteticas,"Salon de Belleza, Faciales",true,ChIJQUgt1DjVHIwRrSwIewohy3A
My Curly Room by. Noeli Marie,(939) 415-3222,"1133 Av. Muñoz Rivera, Ponce, 00717, Puerto Rico",17.9981511,-66.6211687,Ponce,Salones de Belleza,Salon de Belleza,true,ChIJ9YC6lcorHYwRt3dzZEVcfc8
AJ’s Beauty Salon,(787) 974-4226,"BO, Cll Morena, Ponce, 00716, Puerto Rico",17.9805273,-66.62070489999999,Ponce,Salones de Belleza,"Salon de Belleza, Cabello",true,ChIJ_eDn904rHYwR37839boWAQA
D'room Beauty Salon,(939) 267-1962,"Avenida Hostos, Ponce, 00717, Puerto Rico",18.0008531,-66.6134811,Ponce,Salones de Belleza,"Cuidado Capilar, Cabello",true,ChIJVWRwzjorHYwRx-QS8ki1MvA
A&D Beauty Salon,(787) 444-4512,"38 Av. Padre Noel, Ponce, 00716, Puerto Rico",17.9818087,-66.6209117,Ponce,Salones de Belleza,Cabello,true,ChIJEYxGfu4rHYwRgFBiqgeQwLY
Salon Deluxe,(787) 842-2003,"2968 Av. Emilio Fagot, Ponce, 00716, Puerto Rico",18.0171404,-66.59965489999999,Ponce,Spas,"Salon de Belleza, Cuidado Capilar, Bienestar, Spa",true,ChIJC_yd5JDVHIwRoH412iiEUzw
Ruth Carrasquillo Salon,(787) 812-5856,"Boulevard Miguel Pou, 1512 Marginal Los Paseos, Ponce, 00716, Puerto Rico",18.0123981,-66.59992609999999,Ponce,Salones de Belleza,"Salon de Belleza, Cabello",true,ChIJ1e3d2s7VHIwRcGCFaV55QDE
The Black White Salon LLC,(787) 974-5150,"Edificio Gómez, #76 C. Cristina Oficina 3b, Ponce, 00733, Puerto Rico",18.0119229,-66.6132822,Ponce,Salones de Belleza,"Salon de Belleza, Cuidado Capilar, Bienestar, Cabello",true,ChIJUfC-DREqHYwRhpnHci8ohWk
An Studio,(787) 233-0689,"2948+JXR, Calle Eduardo Ruberte, Ponce, 00728, Puerto Rico",18.0066002,-66.63262139999999,Ponce,Salones de Belleza,Salon de Belleza,true,ChIJt1Nq5lwrHYwRkD3F1r2gRRY
"Beauty Room Nails, Braids y algo más",(939) 222-9207,"1127 Av. Muñoz Rivera, Ponce, 00730, Puerto Rico",17.9978332,-66.6211424,Ponce,Salones de Belleza,"Salon de Belleza, Unas, Cabello",true,ChIJv0fnEwArHYwRVHms_6QTqfc
SS Beauty Salon,(939) 235-5674,"3276 AVE FD ROOSEVELT, Ponce, 00728, Puerto Rico",18.0083017,-66.6297494,Ponce,Salones de Belleza,"Salon de Belleza, Cabello",true,ChIJA2RIQ_krHYwR23pCBk2mQEk
The Beauty Salon by Noelia,(787) 234-8510,"35 Cll 38 LL, Ponce, 00728, Puerto Rico",18.0157444,-66.6508921,Ponce,Salones de Belleza,Cabello,true,ChIJA17irTUrHYwR1NhmsdJ2PMs
By Natcha Salon,(787) 973-0000,"1241 Paseo Las Monjitas, Ponce, 00730, Puerto Rico",18.0365459,-66.586558,Ponce,Salones de Belleza,"Salon de Belleza, Cabello",true,ChIJ086xJCnVHIwRGX5eqREzglY
SmartStyle,(787) 848-9251,"Bo Pampanos Located Inside Walmart #2026, Ponce, 00732, Puerto Rico",17.997432,-66.642146,Ponce,Salones de Belleza,"Salon de Belleza, Cuidado Capilar, Bienestar",true,ChIJAYWIVwUqHYwRtM1MMo15ONs
"Miranda Beauty | Hair, Nails, Barber & Lashes",(787) 723-8625,"1302 Ashford Ave, San Juan, 00907, Puerto Rico",18.4552881,-66.0697622,San Juan,Barberias,"Salon de Belleza, Cuidado Capilar, Bienestar, Tienda, Cortes",true,ChIJK1BgSDhvA4wRgEi2dLFJtT0
Emily's Beauty & Hair Extensions,(787) 448-9012,"Calle #3 F21 Urb. Jardines de Fagot, Ponce, 00716, Puerto Rico",18.015396,-66.599857,Ponce,Salones de Belleza,"Salon de Belleza, Cuidado Capilar, Tienda, Cabello",true,ChIJRa5WyZvVHIwRPIf2paNBlPI
Kafuné Hair Salon,(787) 241-4510,"El Tuque, Ponce, 00728, Puerto Rico",17.9852228,-66.6583277,Ponce,Salones de Belleza,"Salon de Belleza, Cabello",true,ChIJQb8zR4cpHYwR_2rfMbaWWJo
Gladys Salon,(787) 843-4037,"Urb Morell Campos 7, C. Victoria, Ponce, 00728, Puerto Rico",18.0119381,-66.63373539999999,Ponce,Salones de Belleza,"Salon de Belleza, Cabello",true,ChIJ8Rx1AlorHYwRrxEg8mN31wo
Alondra Ortolaza Beauty Lab,(787) 519-6091,"del sur, 4007 Cll Carlos Cartagena, Ponce, 00728, Puerto Rico",17.9993527,-66.62735340000002,Ponce,Salones de Belleza,"Salon de Belleza, Cabello",true,ChIJofRXbyMrHYwROY5PlHQLWAQ
OMG SALON,(939) 499-2997,"Paseo Del Sur, 2421 Ponce Bypass, Ponce, 00730, Puerto Rico",17.9962682,-66.6247431,Ponce,Salones de Belleza,"Salon de Belleza, Cabello",true,ChIJNzZIsr4rHYwRxLDVi3I13s4
Estilos Salon & Spa,(787) 843-0085,"1 Calle Concordia, Ponce, 00717, Puerto Rico",18.008276,-66.614471,Ponce,Spas,Salon de Belleza,true,ChIJXTTr04vVHIwRg2vYSiICZM4
GGNails & Salon by Gladys Gómez,(787) 406-0263,"2197 BLVD. LUIS A FERRE CONDOMINIO, Av. Las Américas LOCAL 108, Ponce, 00717, Puerto Rico",18.003905,-66.6212085,Ponce,Salones de Belleza,"Salon de Belleza, Unas, Cabello",true,ChIJ4eOf9ZsrHYwRSGvGVtfliQc
Jaileen Salón,(787) 239-0829,"Ave. Tito Castro, #1482 Bo Suite 102, Ponce, 00716, Puerto Rico",18.0377361,-66.5836868,Ponce,Salones de Belleza,"Salon de Belleza, Cabello",true,ChIJy8XZ3pLVHIwRnvJ2SK_PdKQ
EC Salon,(939) 217-6001,"Edif Julita, 1431 C. Salud, Ponce, 00730, Puerto Rico",18.0116283,-66.6112175,Ponce,Salones de Belleza,"Salon de Belleza, Cabello",true,ChIJkbO9DQDVHIwRBDmLQM0GXGc
LS Brows & Lashes by Luz Sellyta,(787) 843-9543,"22 Cll Petardos, Ponce, 00717, Puerto Rico",18.0055308,-66.6206993,Ponce,Salones de Belleza,"Salon de Belleza, Lashes y Cejas",true,ChIJBX8AZw4rHYwRbhqYdVPcH3U
Nat Beauty Professional,(939) 246-1617,"1218 Avenida Hostos, Ponce, 00717, Puerto Rico",18.0011931,-66.6134649,Ponce,Salones de Belleza,"Salon de Belleza, Cabello",true,ChIJ_f8P5cfVHIwR865SABBqtvs
BLO Beauty,(939) 644-2427,"2427 Paseo Perla del Sur, Ponce, 00717, Puerto Rico",17.9963529,-66.6250814,Ponce,Salones de Belleza,"Salon de Belleza, Cabello",true,ChIJAxRRNgArHYwR0U19G7HT01Q
Salliam Art Of Beauty,(939) 292-4097,"Legacy Office Park, suite 205, Ponce, 00780, Puerto Rico",18.042354,-66.5508712,Ponce,Salones de Belleza,"Salon de Belleza, Cabello",true,ChIJR4QlqCjVHIwRklmbLbfABGw
𝚋𝚢 𝐌𝐄𝐋𝐘 𝑁𝑎𝑖𝑙𝑠 & 𝐵𝑒𝑎𝑢𝑡𝑦 𝑆𝑡𝑢𝑑𝑖𝑜,(787) 601-2493,"104 C. Atocha, Ponce, 00730, Puerto Rico",18.0155435,-66.6138095,Ponce,Salones de Belleza,Salon de Belleza,true,ChIJUSju5tbVHIwR2MWWOmpHa6Y
Naiostyle Beauty Academy & Supply,(787) 235-0435,"78 Calle Prol Vives, Ponce, 00731, Puerto Rico",18.0141221,-66.6146918,Ponce,Salones de Belleza,"Salon de Belleza, Cabello",true,ChIJ_zHCdXHVHIwREhnLpt6YRwM
Believe Beauty Salón,(787) 432-8221,"PR-511 km 0.9, Coto Laurel, Ponce 00780, Puerto Rico",18.055263,-66.5516277,Coto Laurel,Salones de Belleza,"Salon de Belleza, Cabello",true,ChIJz5-szaXVHIwRyuuu-_JFqPM
Salón By Patricia,(787) 709-9012,"Casco urbano, 89 C. Unión, Ponce, 00730, Puerto Rico",18.0130446,-66.6149264,Ponce,Salones de Belleza,"Salon de Belleza, Cabello",true,ChIJK_lSSADVHIwRnINHNXoFzeI
consient-t,(787) 359-7670,"85 C. Guadalupe, Ponce, 00730, Puerto Rico",18.0156204,-66.6148549,Ponce,Salones de Belleza,Salon de Belleza,true,ChIJBzrQjHLVHIwRvaIS1TO6c24
Daly's Nails & Hairs Beauty Salon,(939) 639-4393,"1652 Calle Capitan Correa, Ponce, 00717, Puerto Rico",18.0086934,-66.6195403,Ponce,Salones de Belleza,"Salon de Belleza, Unas, Cabello",true,ChIJubwTChorHYwRkEKlMRTTw0c
ela's Glamour salon & spa,(787) 232-2075,"PR-121 km 13.3, Susúa Baja, Yauco 00698, Puerto Rico",18.0196349,-66.87380750000001,Susúa Baja,Spas,"Salon de Belleza, Cuidado Capilar, Bienestar, Spa",true,ChIJ73q9uZEzHYwRFC1xJTzgBOA
#HAIR BY JORGE SALON,(939) 319-7631,"C. Arq. Jose G. Besosa, San Juan, 00918, Puerto Rico",18.415101,-66.0621069,San Juan,Salones de Belleza,"Salon de Belleza, Cuidado Capilar, Bienestar, Cabello",true,ChIJlfoS3QppA4wRCafc1tx9O68
Clip Salón & Spa,(407) 247-2344,"28MQ+M8V, Ponce, 00728, Puerto Rico",18.0342255,-66.6616031,Ponce,Spas,Salon de Belleza,true,ChIJU9a9y_krHYwRon79nBR1p34
Corte Fino Alta Peluquería- Microblading studio,(787) 599-5940,"Carr Puerto Rico 2 km 41.6, Vega Baja, 00693, Puerto Rico",18.4442218,-66.4317082,Vega Baja,Salones de Belleza,"Salon de Belleza, Cuidado Capilar",true,ChIJJVo7UYIXA4wROTOrM9wDpFE
Griselle Garcia Salon,(787) 792-7626,"1222 Av. Américo Miranda, San Juan, 00921, Puerto Rico",18.3993743,-66.083742,San Juan,Salones de Belleza,"Salon de Belleza, Cabello",true,ChIJtUOxAlhoA4wRHzF1r-AadrI
Melmar Face & Brows,(787) 974-7517,"1675 Calle Capitan Correa, Ponce, 00717, Puerto Rico",18.00966,-66.6193747,Ponce,Salones de Belleza,"Salon de Belleza, Cuidado Capilar, Lashes y Cejas",true,ChIJU24esu8rHYwREkkdVDjVd7g
Crea’tif Salon And Spa,(787) 789-6412,"Centro Comercial, Av. Esmeralda Local 1, Guaynabo, 00969, Puerto Rico",18.371014,-66.10051469999999,Guaynabo,Spas,"Salon de Belleza, Cuidado Capilar",true,ChIJdXd3Dc5pA4wRulfSHBg0WZc
Beautiful Forever Clinic,(787) 769-4651,"Escorial Shopping Village, Av. 65 de Infantería, Carolina, 00987, Puerto Rico",18.3944476,-65.9935333,Carolina,Spas,"Salon de Belleza, Cuidado Capilar, Bienestar, Spa",true,ChIJT-U-3zBnA4wRZONBr4wirss
Vale Salon,(787) 722-0696,"651 PR-25, San Juan, 00907, Puerto Rico",18.4565955,-66.0847078,San Juan,Salones de Belleza,"Salon de Belleza, Cabello",true,ChIJuZ5-fiVvA4wR3CWs1mHor_A
Blondes Salon,(787) 998-2288,"433 Calle Andalucia, San Juan, 00920, Puerto Rico",18.4126623,-66.07815529999999,San Juan,Salones de Belleza,"Salon de Belleza, Cabello",true,ChIJtUC8R-5oA4wRNeGXzKYZcQY
Unique Studio by Miosotis Rodríguez,(787) 672-4361,"1127 Av. Muñoz Rivera unit 2, Ponce, 00717, Puerto Rico",17.9979419,-66.6210804,Ponce,Salones de Belleza,Salon de Belleza,true,ChIJIWr27usrHYwRpI1jCJLSL9A
Platinum Salon by Marlene,(787) 900-5452,"956 Cll 42 SE, Río Piedras, San Juan 00921, Puerto Rico",18.3993907,-66.07239870000001,San Juan,Salones de Belleza,"Salon de Belleza, Cabello",true,ChIJM4lwyY9oA4wRAQ1748AQk3Q
Aba Beauty Lounge,(787) 250-8256,"00927, Avenue de Diego, San Juan, 00921, Puerto Rico",18.3834994,-66.07285809999999,San Juan,Salones de Belleza,"Salon de Belleza, Cabello",true,ChIJ8c-XMkJoA4wRBKG9LPzrkJ0
Eunelis Salón,(787) 841-5852,"2C45+JQJ, 1212 Calle Acacia Suite 101, Ponce, 00716, Puerto Rico",18.0065894,-66.5906021,Ponce,Salones de Belleza,"Salon de Belleza, Cabello",true,ChIJg2aNu2_VHIwReeGcTRyqLcY
OM Studio,(787) 268-1023,"1353 Av. Juan Ponce de León, San Juan, 00907, Puerto Rico",18.4488845,-66.0717439,San Juan,Salones de Belleza,Cuidado Capilar,true,ChIJuR_RxoRpA4wRpIASj6qFgdI
QS Salon by José Quiñones,(787) 985-0079,"Urb Altamira 592 Calle Aldebaran, San Juan, 00920, Puerto Rico",18.3986922,-66.1050362,San Juan,Salones de Belleza,"Salon de Belleza, Cabello",true,ChIJ6VUUM-5pA4wRcwIqZZLQ3ro
D'Glenys Mediterranean Salon & Spa,(787) 200-4612,"460 Av. Lic. Eugenio María de Hostos, San Juan, 00918, Puerto Rico",18.4174754,-66.0623809,San Juan,Spas,"Salon de Belleza, Cuidado Capilar",true,ChIJ6wY4TpRoA4wROoNT391nukM
Top Beauty Salon,(787) 508-0298,"1367 Avenida F.D. Roosevelt, San Juan, 00920, Puerto Rico",18.4138621,-66.0932073,San Juan,Salones de Belleza,"Salon de Belleza, Cabello",true,ChIJ8ziDQwNpA4wRhvHK_5hWNPg
Tropical Nails Ponce,(787) 840-7102,"Tropical Nails Ponce, 1591 Blvr. Miguel A. Pou, Ponce, 00717, Puerto Rico",18.0071552,-66.59586829999999,Ponce,Salones de Belleza,"Salon de Belleza, Unas",true,ChIJC0FoitDVHIwREvgkcH2csb8
Marta Laracuente Salón,(787) 844-5720,"1669 PR-578, Ponce, 00716, Puerto Rico",18.0070319,-66.58749,Ponce,Salones de Belleza,"Salon de Belleza, Cabello",true,ChIJIdILat_VHIwRrosxdNEo-_M
Hair Salon By Mailene Rosa,(787) 636-8220,"549 Cll Aceitillo, Ponce, 00731, Puerto Rico",18.0053756,-66.59103689999999,Ponce,Salones de Belleza,"Salon de Belleza, Cabello",true,ChIJq6qq6r7VHIwRzZpuCASgeZ8
Bloom,(787) 781-2525,"100 Av. San Patricio, Guaynabo, 00968, Puerto Rico",18.4085872,-66.10552559999999,Guaynabo,Salones de Belleza,Salon de Belleza,true,ChIJk8a9HAZpA4wRVgmnY8BmLhY
Esteban Montes Salon,(787) 725-1111,"1316 Ave Ponce De León, Esq, Av. Hipódromo, San Juan, 00907, Puerto Rico",18.4482631,-66.0714433,San Juan,Spas,"Salon de Belleza, Spa",true,ChIJJUpQEUZvA4wRj09ZaFNr-Us
Dream Hair Studio by Yazmin Oriol,(787) 337-0251,"3023 Av. Emilio Fagot, Ponce, 00716, Puerto Rico",18.0204537,-66.5996991,Ponce,Salones de Belleza,"Salon de Belleza, Cabello",true,ChIJY4TrxtbVHIwRWaTQfV--eaI
Alta Peluquería By Jary Medina,(787) 836-6561,"18°03'28. 66°43'19., 4""N Calle 7, Ponce, Peñuelas 00731, Puerto Rico",18.0578889,-66.72213889999999,Ponce,Salones de Belleza,Salon de Belleza,true,ChIJRxyjqJksHYwR0faViEksw_o
Salón de Belleza Vilmarie,(787) 464-6080,"3VH6+CPM, PR-313 #736, Cabo Rojo, 00623, Puerto Rico",18.0805932,-67.1400527,Cabo Rojo,Salones de Belleza,"Salon de Belleza, Cuidado Capilar, Cabello",true,ChIJ3aTfnlJMHYwRdWPXcdzNngk
AP Salon by Alberto Pacheco,(787) 400-2426,"2-20 C. Virtud, Ponce, 00730, Puerto Rico",18.0139397,-66.61044799999999,Ponce,Salones de Belleza,"Salon de Belleza, Cabello",true,ChIJt1ey9YXVHIwRIaxLdm5j5WQ
Siempre Diva Salon,(787) 423-6847,"CC-11 Calle 37, Bayamón, 00956, Puerto Rico",18.3672294,-66.1622028,Bayamón,Salones de Belleza,"Salon de Belleza, Cabello",true,ChIJbzS3fQpqA4wRio3P7xdcGwM
Olga's Hair Designs,(787) 203-3154,"R5 Avenida Santa Juanita, Bayamón, 00956, Puerto Rico",18.3573964,-66.1651487,Bayamón,Salones de Belleza,"Salon de Belleza, Cabello",true,ChIJPYG3IudBA4wR_nJ0gIhLIls
BVMedAesthetic.Salon.Spa,(787) 484-4095,"Bella Vista, #10 Calle Nube, Ponce, 00716, Puerto Rico",18.023297,-66.59876609999999,Ponce,Spas,Spa,true,ChIJkwFTDMbVHIwRKdQNqGg5jcs
Blue Angel Salon,(787) 878-3727,"F772+H5G, Arecibo, 00612, Puerto Rico",18.463925,-66.7495589,Arecibo,Salones de Belleza,"Salon de Belleza, Cabello",true,ChIJ9zTWkHLnAowR1M79GZXUWcI
Hairstudio by Agustín,(787) 844-6305,"Ponce Mall, Ponce, 00731, Puerto Rico",17.9984709,-66.628502,Ponce,Salones de Belleza,"Cuidado Capilar, Bienestar, Cabello",true,ChIJQ4xuEQ4qHYwRdgxDw_lDfoA
Coach D Bellezza Salon,(787) 961-6665,"H-25 Av. Pino, Caguas, 00725, Puerto Rico",18.2180692,-66.0452561,Caguas,Salones de Belleza,"Salon de Belleza, Cabello",true,ChIJJckVYGpbA4wRcCVj12ELM1c
Elsas Salon Spa,(787) 640-5850,"Classic Court Shopping Center, 410 PR-693 local 4, Dorado, 00646, Puerto Rico",18.4653079,-66.2752088,Dorado,Spas,"Salon de Belleza, Spa",true,ChIJ1eOWSJsUA4wR2ZVklkDmdaI
AFD Salon & Nailbar by Shio,(787) 326-5973,"Estancias de Juana Diaz Bo. Amuelas #1, Juana Díaz, 00795, Puerto Rico",18.0308654,-66.4950796,Juana Díaz,Salones de Belleza,"Cuidado Capilar, Unas, Cabello",true,ChIJ0cmbHiLTHIwREeGjeICEUPg
Only For Men,(787) 843-8544,"4009 Cll Carlos Cartagena, Ponce, 00717, Puerto Rico",17.9993412,-66.6274536,Ponce,Salones de Belleza,"Cuidado Capilar, Bienestar",true,ChIJz_cT2A0qHYwROES6j5n0oE8
Bengie Men's Hair Stylist,(787) 447-9035,"X9XF+QCF, Ponce, 00717, Puerto Rico",17.9994343,-66.6264406,Ponce,Salones de Belleza,"Cuidado Capilar, Bienestar, Cabello",true,ChIJGx1lKwwqHYwRZ5tjt2A8PJY
Meyson Luxe Barber Studio,(787) 987-8779,"Coliseo Shopping Center, Local 107, Ponce, 00728, Puerto Rico",18.0008337,-66.6342494,Ponce,Barberias,"Cuidado Capilar, Bienestar, Cortes",true,ChIJw1a7UgArHYwRt3FwRgStFhw
Barberia Estilo Bless You,(787) 310-0033,"PR-503, 502 Com Ext el Yeso, Ponce, 00730, Puerto Rico",18.0305112,-66.6153688,Ponce,Barberias,"Cuidado Capilar, Bienestar, Cortes",true,ChIJ-zVLZX7VHIwRJ1U-6HCLpMI
Barberia JC's Style,(787) 662-0990,"407 Ave Principal N, Ponce, 00728, Puerto Rico",18.0127091,-66.6470255,Ponce,Barberias,"Cuidado Capilar, Cortes",true,ChIJk-iMV0EqHYwRGtL4SMbIAf4
House of Style,(787) 607-8732,"110 Calle 19, Ponce, 00728, Puerto Rico",18.0099595,-66.6442979,Ponce,Salones de Belleza,"Cuidado Capilar, Bienestar",true,ChIJc4ZaqkEqHYwRqrzWmuMelQc
Barber House,(939) 644-1678,"634 Cll Coto Canas, Ponce, 00717, Puerto Rico",18.009632,-66.624352,Ponce,Barberias,"Cuidado Capilar, Bienestar, Cortes",true,ChIJ9Uy5GOIrHYwRxtOGCvn5yL8
Barbería Rey,(787) 444-8894,"1635 P.º La Colonia, Ponce, 00717, Puerto Rico",18.0053409,-66.5960984,Ponce,Barberias,"Cuidado Capilar, Bienestar, Cortes",true,ChIJx3McrybVHIwRh8WrlaiA0lU
Mr. B,(939) 384-9636,"Bda, 3245 Calle la Cruz, Ponce, 00717, Puerto Rico",18.0062417,-66.6104459,Ponce,Salones de Belleza,"Cuidado Capilar, Bienestar",true,ChIJq7nPPiTVHIwRMm1zAG6kP-E
Who's Next Barber Shop,(939) 969-9887,"37 Cll Mendez Vigo, Ponce, 00730, Puerto Rico",18.0113449,-66.6156031,Ponce,Barberias,"Cuidado Capilar, Bienestar, Cortes",true,ChIJf8Ixx14rHYwRZWnx8X4RPHQ
Pipo's Xpert Cuts,(939) 261-2156,"3048 calle Rafael Martinez Nadal Esquina, C. 4, Ponce, 00728, Puerto Rico",17.9903196,-66.6573518,Ponce,Salones de Belleza,"Salon de Belleza, Cuidado Capilar, Bienestar",true,ChIJhcfKNikqHYwRj_P66p1wGnk
Golden Crown Barber Shop,(787) 259-4279,"1233 Av. Muñoz Rivera, Ponce, 00717, Puerto Rico",18.0001377,-66.6210907,Ponce,Barberias,"Cuidado Capilar, Bienestar, Cortes",true,ChIJ9SCa_XQrHYwRGJ0dxukmJrw
Mr Barbero Barber Shop,(787) 526-7910,"957 Av. Manuel Fernández Juncos, San Juan, 00907, Puerto Rico",18.4515753,-66.08062869999999,San Juan,Barberias,"Cuidado Capilar, Bienestar, Cortes",true,ChIJ08HgMCZvA4wRn9wGvHzlNGE
Barberia Waco,(787) 843-0307,"57 Simon de la Torre, Ponce, 00730, Puerto Rico",18.0130797,-66.617092,Ponce,Barberias,"Cuidado Capilar, Bienestar, Cortes",true,ChIJdWtTIojVHIwR0zepe0-JKDg
THE BARBER OF CHANGE,(787) 601-5417,"28QV+F6C, Calle 11, Ponce, 00728, Puerto Rico",18.0386902,-66.65697469999999,Ponce,Barberias,"Cuidado Capilar, Bienestar, Cortes",true,ChIJw8Hhur0rHYwRCaFCsNDW8dU
High Class Barbershop,(939) 217-0142,"9 Av. Roosevelt, Ponce, 00728, Puerto Rico",18.0082618,-66.62901219999999,Ponce,Barberias,"Cuidado Capilar, Bienestar, Cortes",true,ChIJj8xUzIMrHYwROgMws0kBns4
Jaimito Barber,(939) 209-1681,"1617 PR-578, Ponce, 00731, Puerto Rico",18.0073074,-66.5910559,Ponce,Barberias,"Cuidado Capilar, Bienestar, Cortes",true,ChIJvyDABucrHYwRExvwLBa3YB4
Pueblito Barber Shop,(787) 228-1140,"HC3 Box.13261 Bo. Encarnacion Sec. El Pueblito, Peñuelas 00624, Puerto Rico",17.9985883,-66.7214868,Encarnación,Barberias,"Cuidado Capilar, Bienestar, Cortes",true,ChIJDxqx0YUtHYwRO8xa-0SKk38
Prestige Salon,(787) 688-2684,"1675 calle Capitan Correa, Bajos, Local #3, Ponce, 00730, Puerto Rico",18.0097235,-66.6194239,Ponce,Salones de Belleza,"Cuidado Capilar, Bienestar, Cabello",true,ChIJd_k0t5grHYwRpMhnXYOzJxY
JI Hair Studio,(787) 963-5183,"Calle Comercio Esquina Salud #88 Local #4, Ponce, 00730, Puerto Rico",18.0106687,-66.6114304,Ponce,Salones de Belleza,"Cuidado Capilar, Bienestar, Cabello",true,ChIJL0TNq4fVHIwRAHYIULztGrU
Genius Cuts,(787) 526-3119,"1581 Calle Capitan Correa, Ponce, 00717, Puerto Rico",18.0057406,-66.620706,Ponce,Salones de Belleza,"Cuidado Capilar, Bienestar",true,ChIJfcLW4XQqHYwRGqJbIQ-5PzQ
Brandi Barber Shop,(787) 543-8748,"Local B, Ponce, 00716, Puerto Rico",18.0096265,-66.5960285,Ponce,Barberias,"Cuidado Capilar, Bienestar, Cortes",true,ChIJif-L6ufVHIwRDwzSNUAvV_o
Santurce La Barberia salón,(787) 312-4474,"312 Avenida José de Diego, San Juan, 00909, Puerto Rico",18.4474361,-66.0676249,San Juan,Barberias,"Cuidado Capilar, Bienestar, Cortes",true,ChIJz--nNkpvA4wR9NQ0YK4M4g4
Gentleman's Barber Shop Bayamon Puerto Rico,(787) 366-7103,"20-34 Av. Aguas Buenas, Bayamón, 00959, Puerto Rico",18.3891068,-66.1469089,Bayamón,Barberias,"Cuidado Capilar, Bienestar, Cortes",true,ChIJxYBXgiFqA4wRFFyznpKsyIQ
Cut N Shave by Xavier,(787) 610-2062,"21 Calle Mayor, Ponce, 00730, Puerto Rico",18.0120453,-66.6122106,Ponce,Salones de Belleza,"Cuidado Capilar, Bienestar",true,ChIJXc72TNbVHIwR88q1jTbWX5k
Barbería CalleLoiza,(787) 998-0060,"esq betances, 2058 C. Loíza, San Juan, 00911, Puerto Rico",18.4498189,-66.0518958,San Juan,Barberias,"Cuidado Capilar, Bienestar, Cortes",true,ChIJozQDgzdvA4wR6VjuCvC6CK0
Final Touch Barber Shop,(787) 648-1268,"cc-1 Plaza 24 local #1, Bayamón, 00960, Puerto Rico",18.392224,-66.156584,Bayamón,Barberias,"Cuidado Capilar, Bienestar, Cortes",true,ChIJQW0BXzxqA4wRGq0mJ6ZPnUg
Belac Barber Studio,(787) 242-9915,"PR-14 Esq, Cll Romaguera, Ponce, 00730, Puerto Rico",18.0185345,-66.6086493,Ponce,Barberias,"Cuidado Capilar, Bienestar, Cortes",true,ChIJO9pEsITVHIwR_UPG8BMRpyc
Hernan Hair Design,(787) 259-3660,"Carretera Ramal 2 Edificio ThilletEs Espacio comercial#1, Ponce, 00728, Puerto Rico",18.0062617,-66.62728369999999,Ponce,Salones de Belleza,"Cuidado Capilar, Bienestar, Cabello",true,ChIJWwxM5KErHYwRWhLYPl7fZhw
Max Supercuts Barberia Unisex,(939) 460-3841,"66 Carr Mayor Cantera, Ponce, 00730, Puerto Rico",18.0197318,-66.6118662,Ponce,Barberias,"Cuidado Capilar, Bienestar, Cortes",true,ChIJBZp6egDVHIwR9WWOg-1T0hI
MBS (Memo Barber Stylist),(787) 610-1115,"Urb santa teresita 4211, Ponce, 00730, Puerto Rico",18.0318412,-66.6052514,Ponce,Barberias,"Cuidado Capilar, Bienestar, Cortes",true,ChIJ8YTc637VHIwRZ8D1l5WwyRk
Glass Barber Shop LXIV,(787) 934-5933,"Edificio 64, C. Comercio, Ponce, 00716, Puerto Rico",18.0103071,-66.6103388,Ponce,Barberias,"Cuidado Capilar, Bienestar, Cortes",true,ChIJ55C6MYDVHIwRKX0D9JITDKY
Blessed Barbershop,(863) 348-5120,"296P+9X9, Ponce, 00733, Puerto Rico",18.0109063,-66.6125096,Ponce,Barberias,"Cuidado Capilar, Bienestar, Cortes",true,ChIJrY6pJYnVHIwRS6L7cEIZTiM
Howard's Barber Shop,(939) 731-7050,"1041 Cll Picachos, Ponce, 00730, Puerto Rico",18.0403287,-66.5819308,Ponce,Barberias,"Cuidado Capilar, Bienestar, Cortes",true,ChIJ5VwP1hnVHIwRZDEEHLEah24
B-Barber-Spot,(939) 222-1407,"8 Calle 25 de Enero, Ponce, 00730, Puerto Rico",18.0110398,-66.6221639,Ponce,Barberias,"Cuidado Capilar, Bienestar, Cortes",true,ChIJcT7umLQrHYwRTS9946hUB7c
Pito urbans cuts,(787) 901-7764,"81-53, PR-503, Ponce, 00730, Puerto Rico",18.0204904,-66.6119423,Ponce,Salones de Belleza,"Cuidado Capilar, Bienestar",true,ChIJO1xwWYHVHIwRheUvTtEEEUU
Jerome's Barber Shop Unisex,(939) 732-2300,"#44 Cll Mendez Vigo, Ponce, 00730, Puerto Rico",18.0141195,-66.616079,Ponce,Barberias,"Cuidado Capilar, Bienestar, Cortes",true,ChIJqfaha7vVHIwRMP3GjUCCuu0
Cris Hair Stylist,(787) 362-3004,"2341 Av. Eduardo Ruberte, Ponce, 00717, Puerto Rico",17.998495,-66.6324676,Ponce,Salones de Belleza,"Cuidado Capilar, Bienestar, Cabello",true,ChIJxa-uoBEqHYwRp1jxS-GSMvM
Barbería Peñolana,(787) 675-2939,"310 C. Luis Muñoz Rivera, Peñuelas, 00624, Puerto Rico",18.054693,-66.72159959999999,Peñuelas,Barberias,"Cuidado Capilar, Bienestar, Cortes",true,ChIJ035c0JssHYwRJtkt7Hrmp8Q
Dynasty Puerto Rico,(787) 598-5243,"418 Av. 65 de Infantería, San Juan, 00926, Puerto Rico",18.3943143,-66.0364231,San Juan,Salones de Belleza,"Salon de Belleza, Cuidado Capilar, Bienestar",true,ChIJW5x2Sy1mA4wRdEKjCyVNgR4
Barbosa Barber Spot,(787) 974-7378,"Carr 14 #40, Coto Laurel, Ponce 00780, Puerto Rico",18.0492112,-66.5502226,Coto Laurel,Barberias,"Cuidado Capilar, Bienestar, Cortes",true,ChIJc4WfZEnVHIwRnV4Z1bDkxqo
Don Barbero,(787) 908-8236,"Salida Expreso 77B, carr.#129 int. #492 Edif Subway, Arecibo, 00612, Puerto Rico",18.4505929,-66.7489562,Arecibo,Barberias,"Cuidado Capilar, Bienestar, Cortes",true,ChIJzbpp73vnAowREYy0SbqPvwg
Diamond Cutz By Jero Barber,(787) 297-0731,"PR-506, Coto Laurel, Ponce 00780, Puerto Rico",18.0422563,-66.5508413,Coto Laurel,Barberias,"Cuidado Capilar, Bienestar, Cortes",true,ChIJr1LzY77VHIwRyiBiAHxnJQA
Waco barbería,(787) 228-7632,"89 Cll Mendez Vigo, Ponce, 00730, Puerto Rico",18.0154944,-66.6165175,Ponce,Barberias,"Cuidado Capilar, Bienestar, Cortes",true,ChIJEcOHAw3VHIwR0HqU92-clH0
Cebrero Barbershop 💈,(787) 597-1641,"61 Cll Rodolfo Gonzalez Int, Adjuntas, 00601, Puerto Rico",18.1650767,-66.7239955,Adjuntas,Barberias,"Cuidado Capilar, Bienestar, Cortes",true,ChIJBdm6qtfTAowR8dNfkpP9xnQ
Barberia Morell Campos,(787) 366-6658,"Urb, 27 Cll Idilio, Ponce, 00730, Puerto Rico",18.0128613,-66.6329148,Ponce,Barberias,"Cuidado Capilar, Bienestar, Cortes",true,ChIJx1W9mJMrHYwRfMDCF0AQhiM
The Barbershop,(787) 764-4477,"525 PR-23, San Juan, 00918, Puerto Rico",18.4233385,-66.07480149999999,San Juan,Barberias,"Cuidado Capilar, Bienestar, Cortes",true,ChIJw879lMFoA4wREIPRYoEZs5U
Lefranc Salon de Beaute by Carmen L.,(787) 800-4958,"Cll Carlos Cartagena Local #4, Ponce, 00728, Puerto Rico",17.9993436,-66.6272939,Ponce,Salones de Belleza,"Cuidado Capilar, Cabello",true,ChIJl9IOLwArHYwR1YNReE8_TUg
NandielStudio,(787) 298-5926,"Bda Clausells, 35 C. 7, Ponce, 00731, Puerto Rico",18.0142892,-66.63073949999999,Ponce,Salones de Belleza,"Cuidado Capilar, Bienestar",true,ChIJLfo7DgYrHYwREWvw2kN1cOw
Barbería Stilo,(787) 601-6406,"296P+C9P 1727 By Pass, Ponce, 00733, Puerto Rico",18.0110768,-66.6140616,Ponce,Barberias,"Cuidado Capilar, Bienestar, Cortes",true,ChIJuxF1DQDVHIwRxlDkd-dBP-4
Fresh Urban Cut,(939) 310-7398,"PR-506 km 0.2, Ponce, 00780, Puerto Rico",18.0446152,-66.5514748,Ponce,Salones de Belleza,"Cuidado Capilar, Bienestar",true,ChIJ-exOAZ7THIwR1vLwQFtXhsQ
Adam's Hair Stylistt,(787) 464-2487,"236 Calle Villa, Ponce, 00730, Puerto Rico",18.0104314,-66.62270339999999,Ponce,Salones de Belleza,"Cuidado Capilar, Bienestar, Cabello",true,ChIJrzCgJsArHYwRgUsSApVgZTk
Urbans Cuts,(787) 901-7764,"73 Calle Mayor, Ponce, 00730, Puerto Rico",18.0168156,-66.6128473,Ponce,Salones de Belleza,"Cuidado Capilar, Bienestar",true,ChIJQ7IciobVHIwRmfHiNSQvb0U
KR.BarberStudio,(787) 943-4980,"PR-123 KM 36.6, Adjuntas, 00601, Puerto Rico",18.1730558,-66.7339294,Adjuntas,Barberias,"Cuidado Capilar, Bienestar, Cortes",true,ChIJSfS47UDTAowRxZRW_Wi2awU
Michael barber PR,(787) 702-1895,"1 PR-573, KM 11.6 Jacaguas, Juana Díaz, 00795, Juana Díaz 00975, Puerto Rico",18.0530813,-66.5276362,Jacaguas,Barberias,"Cuidado Capilar, Bienestar, Cortes",true,ChIJFbtoxFnVHIwRV-bv8mf1o3A
KC Studio,(787) 709-2152,"23 Calle Matienzo Cintron, Yauco, 00698, Puerto Rico",18.0326188,-66.8495705,Yauco,Salones de Belleza,"Cuidado Capilar, Bienestar",true,ChIJydEbBzYyHYwRhWbMSclRcFU
Barberia Mi Barrio,(787) 601-7373,"#4 Calle Principal, Mercedita, Juana Díaz 00715, Puerto Rico",18.056788,-66.52840069999999,Mercedita,Barberias,"Cuidado Capilar, Bienestar, Cortes",true,ChIJfxvTgavUHIwRJb9O-8keQG4
Ayala Barber Shop,(939) 638-5288,"617 Ave. Tito castro, Carr. 14 frente marginal frente Shopping, Ponce, 00730, Puerto Rico",18.0267049,-66.5989752,Ponce,Barberias,Cortes,true,ChIJsZkohejVHIwRZWb61x7Niag
Style Zone,(787) 279-4090,"QQ-24 C. 6A, Bayamón, 00957, Puerto Rico",18.3510421,-66.1880228,Bayamón,Salones de Belleza,"Cuidado Capilar, Bienestar",true,ChIJx6A8JMtBA4wRyeyiSjG3EUw
Vita Barber,(787) 669-6542,"#64, C. Comercio, Ponce, 00716, Puerto Rico",18.0103079,-66.6103163,Ponce,Barberias,"Cuidado Capilar, Bienestar, Cortes",true,ChIJ55C6MYDVHIwRyLzOoZU_Cwo
Geño Barber Exprexx,(787) 901-7012,"PR-1 Interseccion 149, Potala Pastillo, Juana Díaz 00795, Puerto Rico",17.9955571,-66.4959208,Potala Pastillo,Barberias,"Cuidado Capilar, Bienestar, Cortes",true,ChIJsyXXI03THIwRDKd_zd32HJ4
The Barbershop Hair Xchange,(787) 528-0279,"BL1 Ave. Las Cumbres, Cll 31, Bayamón, 00957, Puerto Rico",18.3659689,-66.1926309,Bayamón,Barberias,"Salon de Belleza, Cuidado Capilar, Bienestar, Tienda, Cortes",true,ChIJRTnSmitAA4wRMeIADv5O3xc
Vanity Salon,(787) 318-2204,"2CVX+R9W, Ponce, 00780, Puerto Rico",18.0412273,-66.5480701,Ponce,Spas,"Salon de Belleza, Cuidado Capilar, Bienestar, Spa",true,ChIJZ5F8X4TVHIwRklIFD9jWaJs
Asicalao Barbería,(939) 353-9035,"PR-180, Salinas, 00751, Puerto Rico",17.9816396,-66.290796,Salinas,Barberias,"Cuidado Capilar, Bienestar, Cortes",true,ChIJe-ORMrbLHIwRqFl4xEkDox4
Barbería Cuco Style,(787) 218-1464,"Carretera 7-95, La Alianza, Arecibo 00688, Puerto Rico",18.4015182,-66.5941168,La Alianza,Barberias,"Cuidado Capilar, Bienestar, Cortes",true,ChIJS8LOEK0hA4wRPpdxZ18_8TM
Peluqueria Per Capelli,(787) 837-5010,"777 PR-1, Mercedita, Juana Díaz 00795, Puerto Rico",17.9962251,-66.5010798,Mercedita,Spas,"Salon de Belleza, Cuidado Capilar, Bienestar, Spa, Tienda",true,ChIJlWoeph_THIwRU_3GNegpdic
Barberia 304,(787) 564-2305,"304 Av. Eleanor Roosevelt, San Juan, 00918, Puerto Rico",18.4193198,-66.0653811,San Juan,Barberias,"Cuidado Capilar, Bienestar, Cortes",true,ChIJpwieSrJpA4wRlRwC63fScqE
Allende & Ariel's Barber Shop,(787) 943-0191,"AR-30 Av. Laurel, Bayamón, 00956, Puerto Rico",18.3658939,-66.1610198,Bayamón,Barberias,"Cuidado Capilar, Bienestar, Cortes",true,ChIJ6TrRwuFBA4wRlo1UxOT-C3s
High Quality Barber Shop,(787) 673-0885,"99 PR-540 KM 0.5 NUM, Juana Díaz 00795, Puerto Rico",18.046497,-66.4561138,Río Cañas Arriba,Barberias,"Cuidado Capilar, Bienestar, Cortes",true,ChIJ1cRRcQDTHIwRGGsJ63w8vG8
New Generation Barbershop,(787) 627-9480,"Porto Fino Plaza, PR-3, Salinas, 00751, Puerto Rico",17.9725318,-66.29071259999999,Salinas,Barberias,"Cuidado Capilar, Bienestar, Cortes",true,ChIJg-vk-7HLHIwRDPLfczms180
Aguas Termales de Coamo,(787) 825-6668,"Carr 546 km1.2, Coamo, 00769, Puerto Rico",18.0367134,-66.3733817,Coamo,Spas,"Bienestar, Spa",true,ChIJtU11fdPMHIwRADvAyXwK93s
Cloud Spa,(939) 204-0496,"103 de Diego Ave 5th floor, Gallery Plaza, San Juan, 00911, Puerto Rico",18.4517765,-66.063507,San Juan,Spas,"Salon de Belleza, Cuidado Capilar, Spa",true,ChIJc0mc43pvA4wR27p0nkd3Ptg
Nouvelle D'Spa - San Juan,(787) 783-9492,"701 Av. Andalucía, San Juan, 00920, Puerto Rico",18.4081031,-66.0758638,San Juan,Spas,Spa,true,ChIJD1fFKvJoA4wRchsHOiK8rlA
The Ritz Carlton Reserve SPA Botánico,(787) 278-7227,"100 Dorado Beach Drive, Dorado, 00646, Puerto Rico",18.4740826,-66.3027294,Dorado,Spas,Spa,true,ChIJJ_LoAYoTA4wRKe6uvdmFCfc
The Spa at Condado Vanderbilt,(787) 977-6710,"1055 Ashford Ave, San Juan, 00907, Puerto Rico",18.4587771,-66.0759399,San Juan,Spas,Spa,true,ChIJE_5y2jtvA4wRLA0HTDjfRII
Euforia Spa Center,(787) 289-0808,"1060 Ashford Ave, San Juan, 00907, Puerto Rico",18.4572111,-66.0749665,San Juan,Spas,Spa,true,ChIJkYwRljlvA4wR8zWTw-6GlS0
Nouvelle D'Spa,(787) 796-6200,"Plaza Dorada Shopping Center, Road 693, Dorado, 00646, Puerto Rico",18.4646208,-66.28227760000001,Dorado,Spas,Spa,true,ChIJidcWOocUA4wRpekJocw5lKA
Zen Spa Brisas,(787) 304-8433,"Royal Sonesta, 5961 Av. Isla Verde, Carolina, 00979, Puerto Rico",18.4440537,-66.0193586,Carolina,Spas,Spa,true,ChIJ5QG8-TllA4wReF_EEAWNB1g
Zen Spa,(787) 522-8433,"200 Convention Blvd, San Juan, 00907, Puerto Rico",18.4543265,-66.0901502,San Juan,Spas,"Salon de Belleza, Spa",true,ChIJA56XgjlvA4wRdt8n3ZXniB4
Soul Spa Wellness Center,(787) 497-0101,"Clínica Las Américas, 400 Avenida F.D. Roosevelt Suite 108, San Juan, 00936, Puerto Rico",18.420023,-66.0693939,San Juan,Gimnasios,"Salon de Belleza, Gimnasio General, Bienestar, Spa, Tienda",true,ChIJdR79XvRpA4wR_SeFAAXM88E
Well & Being Spa at Fairmont El San Juan Hotel,(866) 824-8238,"6063 Av. Isla Verde, Carolina, 00979, Puerto Rico",18.443794,-66.017757,Carolina,Spas,"Salon de Belleza, Cuidado Capilar, Bienestar, Spa, Tienda",true,ChIJX8E0etlnA4wRAPE1I2Z6kjs
Ocean Pearl Wellness & Spa,(787) 333-6748,"1760 Av. Manuel Fernández Juncos, San Juan, 00909, Puerto Rico",18.440772,-66.0633,San Juan,Spas,"Spa, Wellness",true,ChIJ94lMZilpZ2wRK4aYq6ZvGeU
Divine Spa,(787) 284-0800,"Condominio Alcázar Boulevar Miguel A Pou Calle Alcázar Ponce PR 00716, Ponce, 00716, Puerto Rico",18.013053,-66.60405399999999,Ponce,Spas,Spa,true,ChIJ84RKnprVHIwR3mgUjxup9Do
Indira spa,(787) 624-0870,"1482 Av. Tito Castro, Ponce, 00716, Puerto Rico",18.0379255,-66.58365549999999,Ponce,Spas,Spa,true,ChIJBbfoOgDVHIwR3qlXzzOk410
Spa en Ponce / D'Massage by Adara Miquel,(787) 364-6308,"1150 Av. Caribe, Ponce, 00716, Puerto Rico",17.971526,-66.6016332,Ponce,Spas,"Spa, Masajes",true,ChIJhwT0zkPXHIwRxp_tEplfryo
Zen Spa Oceano at Caribe Hilton,(787) 721-8433,"1 C. San Gerónimo, San Juan, 00901, Puerto Rico",18.4643386,-66.0868309,San Juan,Spas,"Salon de Belleza, Cuidado Capilar, Spa",true,ChIJtWbOFKxvA4wRe5zjmWQ-5qw
Copamarina Beach Resort & Spa,(787) 821-0505,"PR-333 Km 6.5, Guánica, 00653, Puerto Rico",17.9532179,-66.87964699999999,Guánica,Spas,"Spa, Tienda",true,ChIJjZ-uUtpOA4wRC3eAHm0miT4
Aqua Colon Spa,(787) 412-3338,"2956 Av. Emilio Fagot, Ponce, 00717, Puerto Rico",18.0056645,-66.6042092,Ponce,Spas,Spa,true,ChIJR5gEQpLVHIwR3ucSnVnSuHU
Zen Spa San Patricio,(787) 781-8433,"B2 Tabonuco Street, Town Center, Av. San Patricio Local 1800, Guaynabo, 00968, Puerto Rico",18.4050803,-66.1063861,Guaynabo,Spas,Spa,true,ChIJI4y2GQFpA4wRIBP_Zlx_jqU
Serenity Head Spa,(939) 457-9649,"Legacy Office Park, tercer piso, suite 303, Coto Laurel, Ponce 00795, Puerto Rico",18.0423475,-66.5508071,Coto Laurel,Spas,Spa,true,ChIJKXBNqjbVHIwRvQlc2TMfKDg
Nouvelle D'Spa Boutique,(787) 759-2935,"1000 Suite 228, The Mall of San Juan Blvd, San Juan, 00924, Puerto Rico",18.411827,-66.024872,San Juan,Spas,Spa,true,ChIJkVJyBT9mA4wRKd4kMSVgIiI
Browfox Ponce,(787) 566-7573,"2937 Av. Emilio Fagot, Ponce, 00716, Puerto Rico",18.0149462,-66.600465,Ponce,Spas,"Salon de Belleza, Cuidado Capilar, Bienestar, Spa",true,ChIJ6TvcTMXTHIwRR5MrsW8ua84
Esencia Spa By Grace,(939) 425-2137,"345 Bo km 1.6, Hormigueros, 00660, Puerto Rico",18.1350571,-67.11571409999999,Hormigueros,Spas,Spa,true,ChIJbRPe-HGzAowRtWPwVwe4rSM
Sohest Spa,(787) 925-6499,"PR-144 k.m. 2.8, Jayuya, 00664, Puerto Rico",18.2198567,-66.6139968,Jayuya,Spas,Spa,true,ChIJhX3NTNkpA4wRCQgyOg91N6U
Sole y Luna Spa & Wellness Center,(939) 429-4772,"Hato Abajo, Arecibo, 00612, Puerto Rico",18.4617335,-66.76611439999999,Arecibo,Spas,"Spa, Wellness",true,ChIJyVAmenTnAowRl-8W48XUy4Y
MarColley Spa & Salón,(787) 841-0007,"1066 Cll Ensueño, Ponce, 00717, Puerto Rico",18.0085106,-66.5990546,Ponce,Spas,Spa,true,ChIJPRtUz5bVHIwRNwVgomT3nuo
Renova Spa,(787) 632-5089,"A 94, Manatí, 00674, Puerto Rico",18.4381225,-66.4428217,Manatí,Spas,General,true,ChIJ2dslkb8ZA4wRP4VpH-sBWS8
Ikigai Wellness SPA,(787) 216-0660,"Carr 140, Sector Cruce Davila, Km 64.3, C. Marginal Local 2, Barceloneta, 00617, Puerto Rico",18.4325824,-66.56404359999999,Barceloneta,Spas,"Bienestar, Wellness",true,ChIJhzCPx_AfA4wR7QmTVPLgwlQ
ESSENZE SPA,(787) 245-8562,"Puerto Rico 454 km. 4.6, Lares, 00669, Puerto Rico",18.3373084,-66.84706659999999,Lares,Spas,Spa,true,ChIJVV9TvvHFAowRaIWn_Oe6t8k
Zāin Skin Clinic,(939) 222-8519,"COND. SAN VICENTE, Piso 2, Suite 214, Ponce, 00717, Puerto Rico",18.009037,-66.6146062,Ponce,Spas,"Salon de Belleza, Cuidado Capilar, Spa, Faciales",true,ChIJF3S4knnVHIwRKbqvqIc6mSE
Nat Spa & Wellness Center,(787) 858-0831,"56 C. Ramon E Betances, Vega Baja, 00693, Puerto Rico",18.4448758,-66.3891149,Vega Baja,Spas,"Spa, Wellness",true,ChIJs3asWAAXA4wRnYLlhMskfUQ
Casa Grande Mountain Retreat (for adults 18yrs+),(787) 702-3156,"Carretera 612 Km. 0.3, Barrio, Utuado 00641, Puerto Rico",18.2841987,-66.6415621,Caonillas Abajo,Spas,Bienestar,true,ChIJdeQuYfXYAowRs-Ck1E36AvM
Glamroom Lash and Brow Studio,(939) 201-8002,"2918 Av. Emilio Fagot, Ponce, 00716, Puerto Rico",18.0138921,-66.6003288,Ponce,Spas,Spa,true,ChIJb_x-IprVHIwR0KW_UexuBYA
Beautiful Body Esthetic & Spa Caguas,(787) 786-1001,"Grand Boulevard Los Prados, Caguas, 00727, Puerto Rico",18.2360663,-66.0588066,Caguas,Spas,Spa,true,ChIJlees88VEA4wRSarI6I0KqGU
Jk Esthetic Spa,(939) 254-8751,"1246-1298 Av. Muñoz Rivera, Ponce, 00717, Puerto Rico",18.0016284,-66.6209174,Ponce,Spas,General,true,ChIJzdOX5xQrHYwRxl-F_WKym_8
Deja Vu by Yomari,(787) 394-9603,"PR-506 Km .07, Coto Laurel, Ponce 00780, Puerto Rico",18.0422937,-66.55083379999999,Coto Laurel,Spas,"Salon de Belleza, Cuidado Capilar, Bienestar, Spa",true,ChIJMcomXifVHIwRbG4OLwRe3Js
L ' AnnMar Esthetic Wellness Spa,(787) 973-0979,"1975 PR-163, Ponce, 00728, Puerto Rico",18.0049175,-66.6293103,Ponce,Spas,"Spa, Wellness",true,ChIJx6k1twErHYwR9oRl-nenMEM
Majestic Beauty & Spa,(787) 267-2411,"Centro Profesional del Sur, sector, Yauco, 00698, Puerto Rico",18.0192582,-66.8732862,Yauco,Spas,"Salon de Belleza, Spa",true,ChIJV0WZLyUyHYwRMwvceOYGto8
Beautiful Body Esthetic & Spa,(787) 786-1001,"Calle Betances, Bayamón, 00961, Puerto Rico",18.3971561,-66.1662097,Bayamón,Spas,Spa,true,ChIJfdzY5CZqA4wRhmv4PqaHVtg
Healing Hands Aesthetics,(787) 601-4971,"Bda, 59 Calle Ernestina Torres, Ponce, 00730, Puerto Rico",18.0253291,-66.6134857,Ponce,Esteticas,Faciales,true,ChIJubKd9szVHIwRxLCjg9vDKJU
Bela Esthetic,(787) 400-9883,"2656 Las Américas Ave, Ponce, 00730, Puerto Rico",18.0041927,-66.60217949999999,Ponce,Spas,Spa,true,ChIJs1bbPSbVHIwR1w4pQlmKbgc
LAO WELLNESS SPA,(787) 667-0687,"Calle Ferrocarril &, 294J+PV9, C. James McManus, Ponce, 00717, Puerto Rico",18.006782,-66.6177541,Ponce,Spas,"Salon de Belleza, Wellness",true,ChIJz_sDbQArHYwR2MfNlqeUVDs
LaVie Esthetic & Spa,(787) 527-7509,"1486 Av. Tito Castro, Ponce, 00716, Puerto Rico",18.0380967,-66.58343339999999,Ponce,Spas,General,true,ChIJZ-VqRrfVHIwRrJrJjx5_2hY
Aquarius Head Spa & Esthetic,(787) 341-7543,"5 PR-14 Local G, Juana Díaz, 00795, Puerto Rico",18.0524354,-66.5130422,Juana Díaz,Spas,General,true,ChIJU6QRMdnTHIwRCa5YcDKGoC8
Beautiful Body Esthetic & Spa,(787) 786-1001,"7007, PR-693, Dorado, 00646, Puerto Rico",18.4224275,-66.2674772,Dorado,Spas,Spa,true,ChIJR1LKzB0VA4wRbddyn1-WWNk
Sherie Diaz Spa,(787) 793-6344,"1268 Cll 54 SE, San Juan, 00921, Puerto Rico",18.3938318,-66.0803901,San Juan,Spas,Spa,true,ChIJozP1dVpoA4wR6dmQF0quvV8
MEDCLINIC LA EVOLUCIÓN DE LA ESTÉTICA,(787) 966-6754,"Calle Carmelo Martinez 128 Mayaguez PR 00681 2190 Ponce by pass Ponce 00716, Mayaguez, Ponce 00681, Puerto Rico",17.9953715,-66.61653319999999,Mayaguez,Spas,"Salon de Belleza, Spa, Tienda",true,ChIJXbP4LumzAowRgN_hNuXrGIk
Alquimia Med Spa,(939) 731-3322,"Alquimia Med Spa, El Monte Plaza, 2703 Cll El Monte Suite A5, Ponce, 00716, Puerto Rico",18.0402513,-66.5786193,Ponce,Spas,"Salon de Belleza, Cuidado Capilar, Bienestar, Spa",true,ChIJ-9UpPlfVHIwR657kJSWC_L0
"I care, relax... LLC (Estudio de masaje terapéutico)",(787) 612-0762,"108, L-1 C. Unión, Ponce, 00730, Puerto Rico",18.0142039,-66.6149143,Ponce,Spas,"Masajes, Wellness",true,ChIJ4cJOLyTVHIwR3qklK1mK2KE
Unika Holistic Spa,(939) 397-9462,"PR-618 kilómetro 7.5, Corozal, 00783, Puerto Rico",18.2987378,-66.35840209999999,Corozal,Spas,General,true,ChIJA0Z4CxE7A4wRhpQ-O4Cfjbg
Belladonna Medical Wellness Vega Baja,(787) 533-7520,"Vega Baja, 00693, Puerto Rico",18.4413771,-66.4271213,Vega Baja,Spas,"Bienestar, Spa, Wellness",true,ChIJp3WOp4AXA4wRttqCcUn-BLI
Royal Isabela,(787) 609-5888,"F2V6+9V, 396 Avenida Noel Estrada, Isabela, 00662, Puerto Rico",18.4860476,-66.990448,Isabela,Spas,General,true,ChIJT2J1Ia7qAowRme5oxcJxbLs
The Science of Beauty,(787) 329-1056,"75 C. Cristina Local 3, Ponce, 00716, Puerto Rico",18.0117812,-66.6130173,Ponce,Spas,"Bienestar, Spa",true,ChIJW7fZisjVHIwRECzRYCMItII
Elemara Spa and Salon,(787) 977-3392,"1077 Ashford Ave Suite Tower, San Juan, 00907, Puerto Rico",18.4571525,-66.0733963,San Juan,Spas,Spa,true,ChIJq6XhVp5vA4wRAvvVq2XHZ4s
Aposentos Spa Retreats,(939) 644-1298,"PR-2 Km 111.5, Isabela 00662, Puerto Rico",18.4706681,-67.021498,Arenales Bajos,Spas,Spa,true,ChIJtQJiRuC_AowRrWEs1CqzAGM
ChiSpa Massage & Bodyworks Studio,(787) 465-0819,"153 A Marginal Fortuna 2nd Floor, Luquillo, 00773, Puerto Rico",18.3795004,-65.74366309999999,Luquillo,Spas,"Spa, Masajes",true,ChIJ0frhq0iZBIwREH6urKyBsMg
Mandara Spa,(787) 888-6285,"6000 Blvd. Río Mar, Río Grande, 00745, Puerto Rico",18.3884087,-65.7559634,Río Grande,Spas,Spa,true,ChIJQdDydk6ZBIwRZM9WG9_BqD0
Le Cute Princess Spa,(787) 220-0841,"Km 112.2, Isabela, 00662, Puerto Rico",18.4692978,-67.0282046,Isabela,Spas,Spa,true,ChIJcWkp9s6_AowRq5RmCz51r5I
Anam Spa and Cocktail Lounge,(939) 416-9037,"259 Calle del Cristo, San Juan, 00901, Puerto Rico",18.4640339,-66.1176171,San Juan,Spas,Spa,true,ChIJ4bDpfcduA4wR7-q81FGWPAo
Nuovo Corpo Talaso Spa,(939) 337-1212,"1018 Ashford Avenue Condado Astor Third Floor, Suite 3A-9 and 3A-8, San Juan, 00907, Puerto Rico",18.4587901,-66.0773957,San Juan,Spas,"Salon de Belleza, Bienestar, Spa, Tienda",true,ChIJszJc99ZvA4wRIm_FIW8A-sc
Blu Room Spa,(787) 477-0277,"44 Carazo St, Guaynabo, 00969, Puerto Rico",18.360213,-66.11079459999999,Guaynabo,Spas,"Bienestar, Spa",true,ChIJDfUk4qZpA4wRCY9uJzBttyk
Spa Skin Professionals & Assts.,(787) 786-7290,"#110 C. La Cambija, Bayamón, 00961, Puerto Rico",18.405012,-66.1547185,Bayamón,Spas,"Salon de Belleza, Spa, Faciales",true,ChIJ69mGHzJqA4wR6m2Fot3I_kM
Heavenly Spa Isabela,(787) 872-0730,"Calle Marginal, Isabela, 00662, Puerto Rico",18.4731671,-67.00202279999999,Isabela,Spas,"Salon de Belleza, Spa",true,ChIJf6l6Vv6_AowRY24_E7tQ-FQ
KD SkinCare Studio,(787) 209-5237,"Calle Caoba, Ponce, 00716, Puerto Rico",18.0039958,-66.5899239,Ponce,Spas,"Spa, Faciales",true,ChIJZbrqk5vVHIwRU8prrNPrD_4
Le Clinique Esthetic & Spa,(787) 765-1835,"97 carretera #2 km 7.4 Galería de Suchville, Suite #217, Guaynabo, 00966, Puerto Rico",18.3986185,-66.1226111,Guaynabo,Spas,"Salon de Belleza, Cuidado Capilar, Bienestar, Spa",true,ChIJKXHea5lpA4wRYBoOpExBZ3U
Vida Wellness Puerto Rico,(939) 377-0502,"The Shops, 6063 Av. Isla Verde, Carolina, 00979, Puerto Rico",18.4430277,-66.01833839999999,Carolina,Spas,"Bienestar, Spa, Wellness",true,ChIJo-wfNyBvA4wRoeFPeGg0D_M
El Conquistador Resort,(787) 863-1000,"1000 Avenida El Conquistador, Fajardo, 00738, Puerto Rico",18.3585045,-65.62825459999999,Fajardo,Spas,General,true,ChIJ9xJQsBmXBIwRDK1TVXeQdNw
Amasa Mobile Spa,(939) 940-5223,"Car. 693, Calle Comercio, Dorado, 00646, Puerto Rico",18.4633798,-66.2732109,Dorado,Spas,General,true,ChIJ36FJ9b0UA4wRazE7Dh69UjM
Dorado's Esthetic Center and Salon,(787) 961-8888,"373 Méndez Vigo Rd, Dorado, 00646, Puerto Rico",18.4610964,-66.26799079999999,Dorado,Spas,"Salon de Belleza, Cuidado Capilar, Bienestar, Spa",true,ChIJzydwNZoUA4wRZ8Bj-x6PfM0
Innovation Medical Esthetic,(787) 390-2983,"Urbanización, 1836 Las Américas Ave, Ponce, 00728, Puerto Rico",18.0059245,-66.635796,Ponce,Esteticas,"Bienestar, Faciales",true,ChIJsWNecZsrHYwR93eGdvcKQHw
Nath Esthetic Ponce,(939) 401-6243,"89 Simon de la Torre, Ponce, 00730, Puerto Rico",18.0141841,-66.61752000000001,Ponce,Esteticas,Faciales,true,ChIJ6aHI_mvVHIwRsncPmFU_1cM
AN-ESTHETIC STUDIO,(787) 390-0222,"354-398 Calle Villa, Ponce, 00728, Puerto Rico",18.0108192,-66.6332959,Ponce,Esteticas,Faciales,true,ChIJ42DfT_YrHYwRcm-Wn7H2AXI
Nika Beauty Center,(787) 367-7140,"1202 Magdalena Ave, San Juan, 00907, Puerto Rico",18.454983,-66.072236,San Juan,Spas,"Salon de Belleza, Cuidado Capilar, Bienestar, Spa",true,ChIJCzj722hvA4wRFEMFQewjT-Q
Esthetician Delgado,(787) 527-9598,"Coliseo Shopping Center, 2525 Av. Eduardo Ruberte STE 205, Ponce, 00730, Puerto Rico",18.0008125,-66.63428619999999,Ponce,Spas,"Salon de Belleza, Cuidado Capilar, Bienestar, Spa, Tienda",true,ChIJm5eO2PorHYwR_fCleV5dkGs
CorpoBello,(787) 751-2321,"United States, Condominio Jardines Metropolitanos 2, 317 Calle 32, San Juan, 00927, Puerto Rico",18.3997946,-66.0648643,San Juan,Spas,"Salon de Belleza, Spa",true,ChIJy5K4IopoA4wRnL3_MmI9IAU
Estética Facial & Corporal,(787) 919-3136,"157 Cll Andrés Arús Rivera, Gurabo, 00778, Puerto Rico",18.2541514,-65.9742926,Gurabo,Spas,"Salon de Belleza, Cuidado Capilar, Bienestar, Spa, Faciales",true,ChIJL94xrBpdA4wRFNDsyeh9md4
Paradise Esthetic by A. galarza,(787) 987-8144,"PR-510, Juana Díaz, 00795, Puerto Rico",18.0303954,-66.5131455,Juana Díaz,Spas,"Salon de Belleza, Cuidado Capilar, Bienestar, Spa",true,ChIJh00z6g3THIwRe9GfaYG6SH8
Laser Dreams Estética,(787) 549-1009,"Carr Puerto Rico 2 KM 57.6, Barrio, Barceloneta 00617, Puerto Rico",18.4314464,-66.56013,Florida Afuera,Spas,"Salon de Belleza, Cuidado Capilar, Bienestar, Spa",true,ChIJO510uUEfA4wRdKBzCt9qjk4
Numed Medical Aesthetics Center,(787) 425-0606,"41 C. Marginal Villamar, Carolina, 00979, Puerto Rico",18.4426575,-66.0276099,Carolina,Spas,"Bienestar, Spa",true,ChIJ60xi4nplA4wRQR8zhR-vq7s
Rosado La Vie' aesthetic,(631) 598-9679,"5311 Calle Sagitada, Ponce, 00728, Puerto Rico",18.0318773,-66.6630885,Ponce,Spas,"Salon de Belleza, Spa",true,ChIJxRyQPPcrHYwRSiuJDuxTuB8
Le Clinique Esthetic & Spa | Ciudadela,(787) 425-0013,"1511- Ponce de León, Ciudadela, suite 29, San Juan, 00912, Puerto Rico",18.4465851,-66.0665594,San Juan,Spas,Spa,true,ChIJEVO38y9vA4wR-agWNIYdeik
Supreme Medical Esthetic,(939) 384-0738,"1867 Las Américas Ave, Ponce, 00728, Puerto Rico",18.0060533,-66.6339027,Ponce,Esteticas,"Bienestar, Faciales",true,ChIJs63br6krHYwRtaLY3b809Kc
Kalon Spa & Esthetic,(787) 299-9878,"2C32+Q8G Urb Constancia, Cll Napoles, Ponce, 00717, Puerto Rico",18.004436,-66.59917109999999,Ponce,Spas,Tienda,true,ChIJwTAU4u7VHIwRduG2AF6uC2E
N.A Aesthetic,(939) 295-8862,"Av. Muñoz Rivera, Ponce, 00717, Puerto Rico",17.9993766,-66.6210808,Ponce,Esteticas,Faciales,true,ChIJgbDXuyQrHYwRjD1tgXDbaaM
"ZAH ACADEMY OF BEAUTY, HEALTH AND ESTHETIC",(787) 844-6070,"1120 Av. Muñoz Rivera, Ponce, 00730, Puerto Rico",17.9975341,-66.6207543,Ponce,Esteticas,"Tienda, Faciales",true,ChIJR-8hHpNrA4wR4uCc8lw27vM
A.S.V Beauty Studio,(939) 245-2873,"Bda.clausell, 59 calle Santander, Ponce, 00730, Puerto Rico",18.0134936,-66.6284932,Ponce,Salones de Belleza,"Salon de Belleza, Cabello",true,ChIJaZC-tpYrHYwRRXPLYiuWr9Q
Before and After beauty and spa,(787) 963-0963,"Las Lomas de Carolina D-17, 2 C. Yunquecito, Carolina, 00987, Puerto Rico",18.3729937,-65.9460478,Carolina,Spas,Salon de Belleza,true,ChIJve-qvU1hA4wRtZCnWSVegTo
Aura Med Clinic,(787) 931-7309,"Local 5, Centro Del Sur Mall, Ponce, 00716, Puerto Rico",18.0098606,-66.6020675,Ponce,Esteticas,General,true,ChIJz78L6VPVHIwRtKnc8UcIVXQ
Nara’s Salón,(939) 788-7360,"103 C. Muñoz Rivera, Peñuelas, 00624, Puerto Rico",18.0509578,-66.7209033,Peñuelas,Salones de Belleza,"Salon de Belleza, Cabello",true,ChIJn9mswestHYwR9wLdeRDH94g
Diosa Brow Lounge,(939) 579-9466,"2935 Av. Emilio Fagot, Ponce, 00716, Puerto Rico",18.014929,-66.600449,Ponce,Salones de Belleza,"Salon de Belleza, Lashes y Cejas",true,ChIJN1-Js5vVHIwRtYrz1HCE3Vg
Nefer Aesthetic Clinic,(939) 440-4140,"51 #38 Av. Main, Bayamón, 00959, Puerto Rico",18.3932295,-66.14255299999999,Bayamón,Spas,"Bienestar, Spa",true,ChIJB9XW5nRrA4wRAG7V_7Z_2Eg
NUC Beauty Salón - Ponce,(787) 840-6119,"709 C. Ferrocarril, Ponce, 00717, Puerto Rico",18.0057646,-66.6141411,Ponce,Salones de Belleza,"Salon de Belleza, Cabello",true,ChIJyWP9LIrVHIwRRghT5etWz8M
LUN Clinique | Estética + Ciencia,(787) 689-2247,"Centro Internacional de Mercadeo, Torre II, 90 PR-165 Suite 303, Guaynabo, 00965, Puerto Rico",18.4219669,-66.1092298,Guaynabo,Spas,"Salon de Belleza, Cuidado Capilar, Bienestar, Spa",true,ChIJUY0F3BZpA4wRzK_a3v-2D04
Mimo Mento Esthetic,(787) 613-8986,"Carr 2 km 57.2, Local 14, Barceloneta, 00617, Puerto Rico",18.4321004,-66.559626,Barceloneta,Esteticas,"Tienda, Faciales",true,ChIJxQOimm4fA4wR0hf1Kc7xm8U
Barbiere Salone Di Bellezza,(787) 245-4411,"Calle Distrito, Esquina, 295 Calle Villa, Ponce, 00728, Puerto Rico",18.0103885,-66.6273439,Ponce,Salones de Belleza,"Salon de Belleza, Cabello",true,ChIJn2423wIrHYwR0qLU0Tw2IFs
Sinala Esthetic,(787) 930-7666,"PR-155 km 22.5, Orocovis, 00720, Puerto Rico",18.2251379,-66.3928987,Orocovis,Esteticas,Faciales,true,ChIJWU_lwI87A4wRXo5BAS8iGng
Dreams Nails,(787) 709-5574,"1164 Av. Eugenio María de Hostos Suite 2, Ponce, 00717, Puerto Rico",17.9993546,-66.6136253,Ponce,Salones de Belleza,"Salon de Belleza, Unas",true,ChIJN15A4lHTHIwRODXcg6XDd14
Glamour Esthetic,(939) 277-4644,"24013 Av. Eduardo Conde, San Juan, 00915, Puerto Rico",18.4359903,-66.0399108,San Juan,Esteticas,Faciales,true,ChIJjZABTPFnA4wRkQlZOExGbQQ
Best Buds PR - Ponce Dispensary,(787) 965-0066,"Valle Real Shopping Center, State Road #2, Ponce Bypass local #6, Ponce, 00731, Puerto Rico",17.9953096,-66.62274409999999,Ponce,Dispensarios,"Tienda, Cannabis Medicinal",true,ChIJSbNMzprVHIwRdx53eGPXcRU
TETRA Dispensary,(787) 840-5655,"PR-2, 3 Ponce Bypass KM 228, Ponce, 00733, Puerto Rico",17.995588,-66.6088692,Ponce,Dispensarios,"Tienda, Cannabis Medicinal",true,ChIJWUkwX0grHYwRzeE5i2iqpKQ
Puerto Rico Chronic Relief,(787) 505-7066,"#3006 Av. Emilio Fagot, Ponce, 00716, Puerto Rico",18.0191386,-66.59941549999999,Ponce,Dispensarios,Tienda,true,ChIJR4msvsPVHIwReB-m31T48dk
Clínica Verde Dispensario Ponce,(787) 516-9990,"121 Av. Tito Castro #606, Ponce, 00716, Puerto Rico",18.0257768,-66.5989468,Ponce,Dispensarios,Tienda,true,ChIJ8RfVa67VHIwRMwin_gdv7og
Bwell Cannabis Dispensary Ponce,(787) 420-4206,"Jardines Fagot, Ponce, 00716, Puerto Rico",18.012789,-66.6016054,Ponce,Dispensarios,"Tienda, Cannabis Medicinal",true,ChIJQ8iP1OHVHIwRjXRQNM3RPlA
First Medical Cannabis,(787) 309-4667,"3012 Puerto Rico 5108, Ponce, 00716, Puerto Rico",18.0198453,-66.5993958,Ponce,Dispensarios,"Tienda, Cannabis Medicinal",true,ChIJVR9Ie9jVHIwRySWndJL38ME
Dream Cannabis Dispensary,(787) 316-8841,"25 Calle 25 de Julio, Yauco, 00698, Puerto Rico",18.0333078,-66.849527,Yauco,Dispensarios,"Tienda, Cannabis Medicinal",true,ChIJxxAejYwzHYwRrwkSelRxmAk
Weedco Dispensary,(787) 229-6000,"Plaza San Cristóbal, 2003 Carr PR-506, suite 101, Coto Laurel, Ponce 00780, Puerto Rico",18.0412591,-66.5475788,Coto Laurel,Dispensarios,"Tienda, Cannabis Medicinal",true,ChIJX9aMMR3VHIwRyBrZmVVQCn8
Sinsemilla Juana Diaz,(787) 419-5420,"Desvio Victor Cruz Esquina Munoz Rivera, Industrial Park, Carr. 584 Km. 0.4, Juana Díaz, 00795, Puerto Rico",18.0437965,-66.504644,Juana Díaz,Dispensarios,Tienda,true,ChIJBagUnC3THIwRCZZk8y7Wxx8
CannaWay Dispensary,(787) 663-6006,"BO Barrancas CARR 771 KM. HM 0.2, Barranquitas, 00794, Puerto Rico",18.1889189,-66.31527419999999,Barranquitas,Dispensarios,"Tienda, Cannabis Medicinal",true,ChIJr70n4zU3A4wRgW2SXC_weW4
CannaGrow Dispensary,(787) 434-0060,"175 Avenida Luis A. Santos Flores, Cidra, 00739, Puerto Rico",18.1828994,-66.15801929999999,Cidra,Dispensarios,"Tienda, Cannabis Medicinal",true,ChIJF4JgeqJJA4wRwE7uzGCk9IE
TETRA Dispensary,(787) 773-1638,"Lomas de Carolina, 65th Infantry Avenue, Km 11.0, Marginal 3, Carolina, 00987, Puerto Rico",18.3748694,-65.948861,Carolina,Dispensarios,"Tienda, Cannabis Medicinal",true,ChIJ72yPwphhA4wRPGX1TvHo2JA
TETRA Dispensary,(787) 773-1637,"Centro Comercial, Plaza Puerta del Sol, PR-2, Manatí, 00926, Puerto Rico",18.4310373,-66.4927438,Manatí,Dispensarios,"Tienda, Cannabis Medicinal",true,ChIJ9S4E6YcZA4wRMwecZqoGRRY
TETRA Dispensary,(787) 773-1635,"508 Av. Tte. César Luis González, San Juan, 00920, Puerto Rico",18.4148258,-66.0659324,San Juan,Dispensarios,"Tienda, Cannabis Medicinal",true,ChIJ1Z2-QSdpA4wRAxMRryaOZfE
Tetra Dispensary,(787) 945-2996,"Catala Bld, Carazo St # 2, Guaynabo, 00969, Puerto Rico",18.361,-66.1111466,Guaynabo,Dispensarios,"Tienda, Cannabis Medicinal",true,ChIJ4xzcPoVpA4wRkbWJ--AMaB0
TETRA Dispensary,(787) 290-0033,"PR-2, km. 39.3, Local FS-2, Vega Baja, 00693, Puerto Rico",18.4464481,-66.3981585,Vega Baja,Dispensarios,"Tienda, Cannabis Medicinal",true,ChIJb6IUvJMXA4wRcAai1uRM_yU
"Weedco Dispensary, Cayey",(939) 229-5777,"4R5R+9QH, PR-1, Cayey, 00736, Puerto Rico",18.1084375,-66.1580625,Cayey,Dispensarios,"Tienda, Cannabis Medicinal",true,ChIJByQeU9FJA4wRP_CF0Vj0Yfw
Dispensario Farma Verde Cupey,(787) 773-1469,"Carr.176 KM 1.2 Calle Atlanta, Lote A, 1 Bo Local #2, San Juan, 00926, Puerto Rico",18.3823646,-66.0567442,San Juan,Dispensarios,Tienda,true,ChIJgWSqbWppA4wRzs3isVdmbCU
TETRA Dispensary,(787) 705-3337,"A-15 Calle Acacia, Esquina, Av. Lomas Verdes, Bayamón, 00956, Puerto Rico",18.3824358,-66.1458492,Bayamón,Dispensarios,"Tienda, Cannabis Medicinal",true,ChIJDac4cohrA4wRhkf_1FtsD5I
Green Health PR | San Juan | Cannabis Dispensary,(787) 565-7177,"Avenida Marginal Kennedy, Sector Bechara KM 3.4, San Juan, 00920, Puerto Rico",18.4268518,-66.0927585,San Juan,Dispensarios,"Tienda, Cannabis Medicinal",true,ChIJL3SepgFpA4wRM9UeD6vKzqU
Best Buds PR - Utuado Dispensary,(939) 905-5096,"2 Cll Washington, Utuado, 00641, Puerto Rico",18.2656236,-66.7015497,Utuado,Dispensarios,"Tienda, Cannabis Medicinal",true,ChIJvZZyKBHZAowR_QmwV8rFcfw
Cannawave By Bwell,(939) 229-1200,"617 Av. Hipódromo, San Juan, 00909, Puerto Rico",18.4472979,-66.07178870000001,San Juan,Dispensarios,Tienda,true,ChIJ_5VUGJBvA4wRIa1sLsb2JP0
Dispensario Cannabis Medicinal,(939) 814-8001,"778X+6R3 Utuado Soccer, Utuado, 00641, Puerto Rico",18.2654643,-66.7005161,Utuado,Dispensarios,"Bienestar, Cannabis Medicinal",true,ChIJPfXkY8TZAowRC4Y5CpSeje4
Dispensario Apoteka - Trujillo Alto,(787) 240-3069,"PR 877 Esquina PR 181, Andalucía Shopping Center, Local 2, San Juan, 00926, Puerto Rico",18.3823349,-66.0274913,San Juan,Dispensarios,Tienda,true,ChIJ4Wf1PAJnA4wR7A9z5Npo_PI
Foresta Cannabis Collection,(787) 680-7447,"109 Luis Llorens Torres Ave Suite 102 Arecibo Shopping Plaza, Arecibo, 00612, Puerto Rico",18.4691963,-66.7222518,Arecibo,Dispensarios,"Tienda, Cannabis Medicinal",true,ChIJNzGT4L_nAowRyZhXRSxR0lA
TETRA Dispensary,(787) 945-2995,"Centro Comercial Plaza Lago Alto #14, Trujillo Alto, 00976, Puerto Rico",18.3648185,-66.00918850000001,Trujillo Alto,Dispensarios,"Tienda, Cannabis Medicinal",true,ChIJ9dzQ_SZnA4wRcGSE5HjkDNY
Clínica Verde Dispensario Caguas,(787) 516-9979,"Ave Luis Muñoz Marín, Caguas, 00725, Puerto Rico",18.2459561,-66.0239819,Caguas,Dispensarios,Tienda,true,ChIJCRvaikJbA4wRt4BnhvCDkTI
Bwell Cannabis Dispensary Aibonito,(787) 714-8420,"Norte 165, Cll Baldorioty Local 5, Aibonito, 00705, Puerto Rico",18.1423108,-66.2674902,Aibonito,Dispensarios,"Tienda, Cannabis Medicinal",true,ChIJ-969t0E3A4wRSYDfP3WPSOU
Bwell Cannabis Dispensary Caguas,(787) 420-4206,"Caguitas Mall Local 5 Carretera #1 Bo. Pueblo, Caguas, 00725, Puerto Rico",18.2408955,-66.0363284,Caguas,Dispensarios,"Tienda, Cannabis Medicinal",true,ChIJVYmdUd1bA4wRP32k3w6VQKE
Weedco Dispensary,(787) 229-6000,"Plaza Pradera Local #7, Call, Cll Antonia Principe, Bayamón, 00961, Puerto Rico",18.4291617,-66.16637349999999,Bayamón,Dispensarios,"Tienda, Cannabis Medicinal",true,ChIJPV6kcQdrA4wRM0lRRG4D8NU
Dispensario Encanto Tree,(787) 936-7887,"PR-169, Guaynabo, 00970, Puerto Rico",18.3319308,-66.1006132,Guaynabo,Dispensarios,Tienda,true,ChIJXd93e0JDA4wRQrsT7F1fJho
Dispensario Farma Verde Bayamón,(787) 725-0592,"177 Carr. 831, Bayamón, 00959, Puerto Rico",18.3842805,-66.14357009999999,Bayamón,Dispensarios,"Bienestar, Tienda",true,ChIJgzn8sB9qA4wR2wVFXMcgdtY
Bwell Cannabis Dispensary Arecibo,(787) 420-4206,"Carr. 2 KM # 80.2 CENTRO COMERCIAL GALERIA DEL NORTE IV, SPACE A,URB HATO ABAJO WARD, Arecibo, 00612, Puerto Rico",18.4790888,-66.7600688,Arecibo,Dispensarios,"Bienestar, Tienda, Cannabis Medicinal",true,ChIJC_YM-0fnAowRrw6vv7kZ0QI
Weedco Dispensary,(787) 229-6000,"137 Yauco Plaza 1, Location 36, Yauco, 00698, Puerto Rico",18.0245452,-66.8579446,Yauco,Dispensarios,"Bienestar, Tienda, Cannabis Medicinal",true,ChIJ99Cwr5UzHYwRzOYdlpfJ54k
Puerto Rico Cannabis Co.,(917) 573-5121,"252 Ca. de la Tanca, San Juan, 00916, Puerto Rico",18.464744,-66.11423549999999,San Juan,Dispensarios,"Tienda, Cannabis Medicinal",true,ChIJX7cT_hVvA4wR_POEu9tSAjM
FLORA Dispensario,(787) 498-6050,"1000 Cll 42 SE, San Juan, 00921, Puerto Rico",18.3996231,-66.0749266,San Juan,Dispensarios,Tienda,true,ChIJ4S1zHRZpA4wRSIgN6p97yfI
Buddies Cannabis Dispensary,(787) 420-7727,"Bo. Monacillos, Cll Alda Edificio Sein #9, San Juan, 00926, Puerto Rico",18.3867975,-66.0649401,San Juan,Dispensarios,"Tienda, Cannabis Medicinal",true,ChIJNVZyN55pA4wRvMROJ6nIewk
Turf Cannabis Collection,(939) 440-4042,"450 Av. Esmeralda Local 4, Guaynabo, 00969, Puerto Rico",18.3735472,-66.1103026,Guaynabo,Dispensarios,"Tienda, Cannabis Medicinal",true,ChIJtUhRC6ZpA4wRB78xpjY_y5I
Weedco Dispensary,(787) 229-6000,"807 Carr 153, Suite 5, Santa Isabel, 00757, Puerto Rico",18.0163918,-66.3812536,Santa Isabel,Dispensarios,"Tienda, Cannabis Medicinal",true,ChIJZx047obNHIwRy7apaNrtj2E
Alternativa Natural,(787) 862-1607,"Carr. 6622, 3 Sector La Línea KM 1, Morovis, 00687, Puerto Rico",18.322156,-66.423335,Morovis,Dispensarios,Tienda,true,ChIJKRDc-y49A4wR2pHefV9yJfY
Aura Dispensary,(787) 330-1002,"Carr. 165, A14 Cll 1, Toa Alta, 00953, Puerto Rico",18.3899324,-66.253542,Toa Alta,Dispensarios,"Tienda, Cannabis Medicinal",true,ChIJ685OI84VA4wRXeJ-mtMCSDk
Yes I Cann - Dispensario Cannabis,(787) 784-0101,"3172 Av. del Valle, Mansión del Mar, Toa Baja 00949, Puerto Rico",18.4559918,-66.1827883,Mansión del Mar,Dispensarios,"Tienda, Cannabis Medicinal",true,ChIJRQPX7xdrA4wRZRbl4ubu0eA
TETRA Dispensary,(787) 425-0201,"Tetra Building, 197 Federico Costas St Suite #1, San Juan, 00918, Puerto Rico",18.4269057,-66.0713988,San Juan,Dispensarios,"Tienda, Cannabis Medicinal",true,ChIJ-RTLWThpA4wRxmqjGz1IrYo
Cannabea Dispensary,(939) 333-0223,"Urb, #1500 Av. Américo Miranda, San Juan, 00921, Puerto Rico",18.3973904,-66.0883398,San Juan,Dispensarios,"Tienda, Cannabis Medicinal",true,ChIJKeCeUABpA4wR4SHRUI0JqWA
Earth Gift Cannabis Dispensary,(787) 238-6664,"Shopping Center Local, Cll 7b, Caguas, 00727, Puerto Rico",18.2241893,-66.04740679999999,Caguas,Dispensarios,"Tienda, Cannabis Medicinal",true,ChIJCz4agU5bA4wRHV-1GVSnCq4
TETRA Dispensary,(787) 773-1639,"Escorial Shopping Village, Carolina, 00987, Puerto Rico",18.3946244,-65.9930176,Carolina,Dispensarios,"Tienda, Cannabis Medicinal",true,ChIJDTURDD9nA4wRYRdMHmZd4_0
TETRA Dispensary,(787) 238-8405,"PR-2 Km 143 3, Bo Intersection PR-402, Añasco, 00610, Puerto Rico",18.2963745,-67.1586892,Añasco,Dispensarios,"Tienda, Cannabis Medicinal",true,ChIJ_-HNMJ-xAowRCEoGm7t6IcU
BLeaf Dispensary,(787) 728-1986,"Marginal Baldorioty de Castro Norte Shopping Center Local #18, San Juan, 00911, Puerto Rico",18.4475237,-66.0509173,San Juan,Dispensarios,"Tienda, Cannabis Medicinal",true,ChIJZ5xmbZJvA4wRyZIRUaGkzOY
Dispensario Pronatura Cannabis,(939) 204-6404,"X-16, Av. Las Cumbres, Bayamón, 00956, Puerto Rico",18.3659887,-66.1710066,Bayamón,Dispensarios,"Tienda, Cannabis Medicinal",true,ChIJ6z381oBBA4wRIAJbdudtMoo
Biogrow Cannabis Corp.,(787) 766-6900,"Reparto Industrial Sein, 1550 C. Juan Ponce de León, San Juan, 00926, Puerto Rico",18.385176,-66.0650891,San Juan,Dispensarios,"Tienda, Cannabis Medicinal",true,ChIJteMCwgJpA4wRsO2oHeTok9I
Bloom* Cannabis Dispensary,(787) 994-4048,"Carr 2 Km 28, 9 Bo Local #1, Vega Alta, 00692, Puerto Rico",18.4130455,-66.3079068,Vega Alta,Dispensarios,"Tienda, Cannabis Medicinal",true,ChIJvSGDtzsVA4wR_I2xLfhCjmU
Dispensario Farma Verde 65th Rio Piedras,(787) 625-0344,"solar #10, San Juan, 00924, Puerto Rico",18.3950692,-66.0395351,San Juan,Dispensarios,Tienda,true,ChIJ4QQ9hPBnA4wRx6xBdMiOZwU
Dispensario Farma Verde Dorado,(787) 520-7321,"Carr 693, Classic Court, 54 Avenida Blvd Nogal, Dorado, 00646, Puerto Rico",18.4652147,-66.2752457,Dorado,Dispensarios,"Bienestar, Tienda",true,ChIJ4xT3_ksVA4wRehEuxh0YOAo
Cruz Verde Dispensario,(939) 715-1103,"264-B Av. Jesús T. Piñero, San Juan, 00927, Puerto Rico",18.4073197,-66.06371539999999,San Juan,Dispensarios,Tienda,true,ChIJDQlEvTtpA4wREz2ddzy6bhc
Nextgen Pharma,(787) 420-0033,"C. A, Toa Baja, 00949, Puerto Rico",18.445888,-66.25356909999999,Toa Baja,Dispensarios,Tienda,true,ChIJC1Y3pLgUA4wRGQ2rH3vlxgs
Yerba Santa,(787) 900-1915,"Yerba Santa Carr. 719 Km. 1.6 Bo. Helechal Sect, Barranquitas, 00794, Puerto Rico",18.1749591,-66.306483,Barranquitas,Dispensarios,Tienda,true,ChIJFY7sHfI3A4wRcn6bOGU2JF8
Sinsemilla,(787) 301-0420,"1781 Ave Paz Granela, San Juan, 00921, Puerto Rico",18.3867712,-66.0977499,San Juan,Dispensarios,Tienda,true,ChIJp7WCwFBpA4wR8eZpoG8v-zE
Cura Verde Cannabis,(787) 820-8476,"Carr 129 KM 15.0 Bo, Hatillo 00659, Puerto Rico",18.3632627,-66.80251369999999,Bayaney,Dispensarios,"Tienda, Cannabis Medicinal",true,ChIJqZbRWtXdAowRTlZHb7bUyBg
Best Buds PR - Hatillo Dispensary,(787) 965-0066 ext. 2000,"Carr #2 Km 84.8 Edificio 313 B, Hatillo 00659, Puerto Rico",18.4884219,-66.79910079999999,Carrizales,Dispensarios,"Tienda, Cannabis Medicinal",true,ChIJSfj03XPnAowRdov7EzFYhLE
Bwell Cannabis Dispensary Salinas,(787) 420-4206,"Plaza Salinas, PR-180 Local B-2, Salinas, 00751, Puerto Rico",17.9723969,-66.2907662,Salinas,Dispensarios,"Tienda, Cannabis Medicinal",true,ChIJa-NYQh3LHIwRpR46tdAtYXo
Bgreen Cannabis Dispensary,(787) 229-6000,"PR-128 Km 0.5 Ste 305 Yauco Plaza 1, Yauco, 00698, Puerto Rico",18.0244894,-66.8579606,Yauco,Dispensarios,"Tienda, Cannabis Medicinal",true,ChIJg5jlEc0zHYwR-5OX14eUnpY
Dispensario Moña Verde,(787) 992-7216,"1129 Av. Muñoz Rivera Suite 2, Ponce, 00717, Puerto Rico",17.9979353,-66.6210777,Ponce,Dispensarios,Tienda,true,ChIJx0AHMjArHYwRyNOvb0bIeNA
Bgreen Cannabis Dispensary,(787) 229-6000,"Pr-153 Km 7.2 Bo Jauca 2, Ste 14 Plaza Santa Isabel, Santa Isabel, 00757, Puerto Rico",18.016382,-66.381222,Santa Isabel,Dispensarios,"Tienda, Cannabis Medicinal",true,ChIJBQhnlR_NHIwR8UKePbbB5iM
Dispensario Farma Verde Isla Verde,(787) 998-2420,"Av. Isla Verde, Carolina, 00979, Puerto Rico",18.4436914,-66.0280366,Carolina,Dispensarios,Tienda,true,ChIJ3ZXnX1plA4wRF828gIBpYpo
Weeds Dispensary,(787) 476-1860,"Calle Jose G. Padilla Parque Industrial Maria L. Arcelay Edificio 2 Modulo 2 Suite 105, Mayagüez, 00682, Puerto Rico",18.2137339,-67.15412599999999,Mayagüez,Dispensarios,"Tienda, Cannabis Medicinal",true,ChIJJbALPlGzAowRGEm2tDRXaCY
Green Vibes,(787) 675-6680,"PR-129, Lares, 00669, Puerto Rico",18.3093448,-66.87685429999999,Lares,Dispensarios,Tienda,true,ChIJw9z9Ek_FAowRCp9pk5dcZSo
HerbaCann Apothecary,(787) 523-6532,"#4 C. México, San Juan, 00917, Puerto Rico",18.4246416,-66.0570762,San Juan,Dispensarios,Tienda,true,ChIJu_7b-T5pA4wRGTGndPt3ZyY
Dispensario Cannabis Pharmacy Green,(787) 870-1212,"Carr. 861 Km 6.4, Local #2, Toa Alta, 00953, Puerto Rico",18.3674104,-66.2226874,Toa Alta,Dispensarios,"Tienda, Cannabis Medicinal",true,ChIJkYDArk9BA4wRb1SjWZvieao
Senses Med Center,(939) 229-1120,"San Juan, 00925, Puerto Rico",18.4094808,-66.0572024,San Juan,Dispensarios,Tienda,true,ChIJJWl8sJpoA4wRn5nJnNSJigY
Solución Natural - Dispensario,(787) 699-8050,"BarrioBarros, 6JR2+3PX, State Rte 155, Orocovis, 00720, Puerto Rico",18.2402493,-66.3981532,Orocovis,Dispensarios,Tienda,true,ChIJ8WTQ0rc7A4wRC0yjNHM3EC8
Dispensario Farma Verde Canóvanas,(787) 966-7969,"Plaza Rial, Local 3A & 3B, Canovanas, Canóvanas 00729, Puerto Rico",18.3725205,-65.901498,Canovanas,Dispensarios,Tienda,true,ChIJQYySeTFhA4wR1A2aSqXfkyw
Sinsemilla Coamo,(787) 336-0420,"Coamo Plaza Shopping Local #28 KM.HM 13.7 Carr 153, Coamo, 00769, Puerto Rico",18.0598649,-66.3696846,Coamo,Dispensarios,Tienda,true,ChIJM8LDA1QzA4wRrUflny4gciY
Greencare - Dispensario,(787) 827-8080,"Plaza Santa Teresa, 915 Av. Sta. Teresa Jornet Suite 4, Mayagüez, 00682, Puerto Rico",18.1609326,-67.14963829999999,Mayagüez,Dispensarios,Tienda,true,ChIJcx7fTKazAowRicTfFnbSiCk
Tree Life Dispensario,(787) 686-7493,"1 San Vicente Mall, Sector Melania, PR-3 Km 141.8, Guayama, 00784, Puerto Rico",17.9666208,-66.1316567,Guayama,Dispensarios,Tienda,true,ChIJS4kebO6zHIwRbKnluNcbzcA
Crunch Fitness - Ponce,(787) 987-7230,"Plaza Del Caribe, Ponce, 00716, Puerto Rico",17.9889926,-66.6097869,Ponce,Gimnasios,"Gimnasio General, Bienestar, Fitness",true,ChIJwyEfy_DVHIwRldZvxaaXQCk
Planet Fitness,(787) 284-4251,"C. Baramaya, Ponce, 00777, Puerto Rico",17.99744,-66.63901000000001,Ponce,Gimnasios,"Gimnasio General, Bienestar, Spa, Fitness",true,ChIJR26QqxcqHYwRnl0_MV33XNE
HCOA Fitness,(787) 843-4111,"Calle Ferrocarril 471, Suite 121, Ponce, 00717, Puerto Rico",18.0054236,-66.6191177,Ponce,Gimnasios,"Gimnasio General, Bienestar, Fitness",true,ChIJy_dNa3UqHYwRKSOE3c6uHDs
Valher ProFitness,(939) 414-1687,"2967+WP6, Ponce, 00728, Puerto Rico",18.0119911,-66.6357064,Ponce,Gimnasios,"Gimnasio General, Bienestar, Fitness",true,ChIJOURKzUMrHYwRu_ClsBs202g
Fit Lab Ponce,(787) 601-4866,"104 C. Atocha suite 9, Ponce, 00730, Puerto Rico",18.0155435,-66.6138095,Ponce,Gimnasios,"Gimnasio General, Bienestar",true,ChIJsZB4HGzVHIwRkfOxMZaefZ4
Optimal Fitness,(939) 928-9202,"Cll Fatima, Ponce, 00730, Puerto Rico",18.0375541,-66.5858985,Ponce,Gimnasios,"Gimnasio General, Bienestar, Fitness",true,ChIJY9Tph3nVHIwR_yQsssQIs34
EnerGym Ponce,(787) 319-7007,"2371 Las Américas Ave, Ponce, 00730, Puerto Rico",18.0038285,-66.6155285,Ponce,Gimnasios,"Gimnasio General, Bienestar, Fitness",true,ChIJhf6LKIvVHIwRc1UVUS6sNZY
Quality Strength,(787) 315-8639,"Calle 6 Urb Jardines De, Ponce, 00716, Puerto Rico",18.0171994,-66.59914960000002,Ponce,Gimnasios,"Gimnasio General, Bienestar",true,ChIJdyQoxxfXHIwRYmAkksziXLE
RCL STUDIO,(787) 248-3960,"94 C. Unión, Ponce, 00730, Puerto Rico",18.0132536,-66.6146918,Ponce,Gimnasios,"Gimnasio General, Bienestar",true,ChIJI8ncUADVHIwRiSJHRpGntz4
Yes Fitness Workout Studio,(939) 228-6088,"2341 Av. Las Américas Lote #4, Ponce, 00717, Puerto Rico",18.0039239,-66.6158501,Ponce,Gimnasios,"Gimnasio General, Bienestar, Fitness",true,ChIJr9VEXh7VHIwR9K2mTsLups8
Jungle Fitness,(787) 677-5429,"42 C. León, Ponce, 00730, Puerto Rico",18.0163874,-66.6133826,Ponce,Gimnasios,"Gimnasio General, Bienestar, Fitness",true,ChIJszUY3THVHIwRKcr4MKTGcTE
Gimnasio El Callejón,(787) 312-0139,"2968+H24, Callejón Santiago, Ponce, 00728, Puerto Rico",18.0113971,-66.63493129999999,Ponce,Gimnasios,"Gimnasio General, Bienestar",true,ChIJhZGoSY0rHYwRIQ2dItoPkhI
Be Fit Nutrition Club,(787) 616-8382,"23 Av. Padre Noel #37, Ponce, 00716, Puerto Rico",17.9813358,-66.6201636,Ponce,Gimnasios,"Gimnasio General, Bienestar",true,ChIJI0u9hv8pHYwR0LL9bnNO4K4
White Lion Crossfit,(787) 923-2525,"X9W9+64Q, Ponce, 00716, Puerto Rico",17.9955844,-66.6321334,Ponce,Gimnasios,"Gimnasio General, Bienestar, Crossfit",true,ChIJW7dppZIrHYwRlmaSx2_pVvQ
Infinity Gym,(787) 942-3575,"Urbanicacion Orta, PR-14, Juana Díaz, 00795, Puerto Rico",18.0524721,-66.5137207,Juana Díaz,Gimnasios,"Gimnasio General, Bienestar, Fitness",true,ChIJ7foBf8LTHIwRQU5rOGL0BPw
Complejo Deportivo PUCPR,(787) 841-2000,"Ponce, 00717, Puerto Rico",17.9981399,-66.61950209999999,Ponce,Gimnasios,General,true,ChIJdfg6HgoqHYwRQdZ3JqFekb0
Max Effort Ponce,(787) 399-1102,"102 Cll Alcazar #1802, Ponce, 00716, Puerto Rico",18.0133174,-66.60404439999999,Ponce,Gimnasios,"Gimnasio General, Bienestar",true,ChIJW6P6kpjVHIwRcfEJ-SXN7ts
Overhyped Fitness Club,(787) 359-9321,"Edificio 8161, Calle Concordia STE 3, Ponce, 00717, Puerto Rico",18.0087646,-66.61438009999999,Ponce,Gimnasios,"Gimnasio General, Bienestar, Fitness",true,ChIJewuMpxPVHIwR20yUiD_Mh-w
Brava Fitness Club,(787) 668-9998,"Torre Sofia, 1825 Calle Navarra, Ponce, 00730, Puerto Rico",18.0271886,-66.5955975,Ponce,Gimnasios,"Gimnasio General, Bienestar, Fitness",true,ChIJcZRU9hHTHIwRP0PTlJx0LAk
HOT N FITNESS GYM,(939) 288-7773,"Carr. PR 2 KM 16.6 Bo, Candelaria, Toa Baja 00949, Puerto Rico",18.4061581,-66.2040167,Candelaria,Gimnasios,"Gimnasio General, Bienestar, Fitness",true,ChIJFRzEIohrA4wRMNKHxS0XzEw
Powerhouse Gym,(787) 782-4656,"1903 Av. Jesús T. Piñero, San Juan, 00921, Puerto Rico",18.394118,-66.10541409999999,San Juan,Gimnasios,"Gimnasio General, Bienestar, Fitness",true,ChIJo1rMjK9pA4wRhMfQFDaBrK0
RegenaLife,(787) 432-8092,"78 C. Vives Studio 2A, Ponce, 00731, Puerto Rico",18.0138263,-66.61732479999999,Ponce,Gimnasios,"Gimnasio General, Bienestar",true,ChIJczjUHojVHIwREtXCLlLgO2w
Enduro Chiropractic & Wellness Center,(787) 437-4017,"1241 Avenida Hostos, Ponce, 00717, Puerto Rico",18.0027265,-66.6134612,Ponce,Gimnasios,"Gimnasio General, Bienestar",true,ChIJuYDCsnbVHIwRJJ3VJteK9Gw
PCS Fitness,(787) 677-2441,"Ave Flamboyán, Coto Laurel, Ponce 00780, Puerto Rico",18.0492101,-66.5452526,Coto Laurel,Gimnasios,"Gimnasio General, Bienestar, Fitness",true,ChIJN9XXSMfUHIwRXa8F3iaKcDI
Aqua Spinning de Ponce,(787) 424-3728,"1500 Calle Concordia #8009, Ponce, 00717, Puerto Rico",18.0038981,-66.6145008,Ponce,Gimnasios,Bienestar,true,ChIJ_7bQJ4vVHIwRNrqL42Ncaa0
Crossfit WIA,(787) 432-2607,"3C42+G8Q Ponce Barrio la Yuca #505, km 2.4, Ponce, 00731, Puerto Rico",18.056403,-66.59916,Ponce,Gimnasios,"Gimnasio General, Bienestar, Crossfit",true,ChIJf7y7GxXVHIwRS0vXQly-Jbc
La Capital Gym,(787) 856-1182,"25QP+JGQ, Guayanilla, 00656, Puerto Rico",18.0390768,-66.81364289999999,Guayanilla,Gimnasios,"Gimnasio General, Bienestar, Fitness",true,ChIJWZUUUXcyHYwRgUXg2Mm9Ci4
Antiguo Papo Boxing Club,(939) 699-4456,"By Pass) esq, 2 PR-2R, Ponce, 00717, Puerto Rico",17.9969911,-66.6337695,Ponce,Gimnasios,"Gimnasio General, Bienestar, Boxeo",true,ChIJu4beWgArHYwRM2WNkQ6UzxI
LIV Fitness Condado,(787) 303-4849,"103 Avenida José de Diego, San Juan, 00911, Puerto Rico",18.4516601,-66.0639345,San Juan,Gimnasios,"Gimnasio General, Bienestar, Fitness",true,ChIJFXF8NE9vA4wRquijLcGyBu8
Planet Fitness,(787) 919-0220,"1511 Av. Juan Ponce de León Ste 1, San Juan, 00909, Puerto Rico",18.44575,-66.06679,San Juan,Gimnasios,"Gimnasio General, Bienestar, Spa, Fitness",true,ChIJBb4F8WVoA4wREHoUAVnoz4o
Novovida Gym Club,(787) 617-4064,"23R4+23R, Sabana Grande, 00637, Puerto Rico",18.0402302,-66.9449463,Sabana Grande,Gimnasios,"Gimnasio General, Bienestar, Fitness",true,ChIJuWJQOTE1HYwRyz8eVJPJ5gU
Rincon Fitness Center,(787) 234-0098,"Carr 115 KM 11.6 Local #4, BO Pueblo, Rincón, 00676, Puerto Rico",18.327309,-67.245926,Rincón,Gimnasios,"Gimnasio General, Bienestar, Fitness",true,ChIJKcPy1vCvAowR191hJuCJ-W4
Dynamic Park Ponce,(787) 651-0435,"Ponce Towne Center, Ponce, 00726, Puerto Rico",17.9952929,-66.6399235,Ponce,Gimnasios,General,true,ChIJSwIdSmArHYwRYl-oMSA8spg
Centro Del Sur Mall,(787) 622-9600,"296X+42C, PR-163, Ponce, 00716, Puerto Rico",18.010311,-66.602488,Ponce,Gimnasios,General,true,ChIJKSpD-5DVHIwRlPx-FtoIGG0
Future's MVP Athletic Training,(787) 673-6636,"Cll Universidad, Ponce, 00717, Puerto Rico",18.0016096,-66.620018,Ponce,Gimnasios,"Gimnasio General, Bienestar",true,ChIJFxev7k8rHYwRkQye4Y4ushE
Cross Caribe Inc.,(787) 601-6041,"580 sector, Ave Cuatro Calles, Ponce, 00716, Puerto Rico",18.007559,-66.6023099,Ponce,Gimnasios,"Gimnasio General, Bienestar",true,ChIJAbF1kP8pHYwRpdZNIOF5VNU
Crunch Fitness - Caguas,(787) 705-4616,"Metro Plaza Industrial, Caguas, 00725, Puerto Rico",18.2447252,-66.03942409999999,Caguas,Gimnasios,"Gimnasio General, Bienestar, Fitness",true,ChIJOxAEh1pbA4wR3xbvsLoyU40
TS Gym Center,(939) 441-4506,"Complejo Deportivo Filiberto Garcia, Cancha Bajo Techo FL2, Jayuya, 00664, Puerto Rico",18.2173554,-66.5971769,Jayuya,Gimnasios,"Gimnasio General, Bienestar, Fitness",true,ChIJqTOzodMpA4wRYvdTpBNpMTQ
Freaks of Nature Training,(787) 248-0908,"145 C. Victoria, Ponce, 00730, Puerto Rico",18.0142912,-66.6170597,Ponce,Gimnasios,Bienestar,true,ChIJoZ51JODVHIwRNcHVfP1vVds
The Family Gym,(787) 537-7067,"61-73 Cll Estaban Ramos, Salinas, 00751, Puerto Rico",17.9792781,-66.2970467,Salinas,Gimnasios,"Gimnasio General, Bienestar, Fitness",true,ChIJL10NCKbLHIwRVuMpvZPIY7E
Sports Gym,(787) 764-9037,"210 Av. Ing. Manuel Domenech, San Juan, 00918, Puerto Rico",18.4147739,-66.06051099999999,San Juan,Gimnasios,"Gimnasio General, Bienestar, Fitness",true,ChIJLWvhL5doA4wRUeu0VYyTrmg
Crunch Fitness - Carolina,(787) 762-3023,"Parque Escorial, Boulevard de la Media Luna, Carolina, 00985, Puerto Rico",18.3939923,-66.00043330000001,Carolina,Gimnasios,"Gimnasio General, Bienestar, Fitness",true,ChIJ9QVowFVmA4wRfrLBr8BYtXo
LIONS ENERGY CLUB,(939) 384-2106,"149 C Calle Villa, Ponce, 00730, Puerto Rico",18.0102148,-66.6178754,Ponce,Gimnasios,"Gimnasio General, Bienestar",true,ChIJiQ0F4p4rHYwR7g-ENysTtQQ
Walefitt Gym,(939) 280-5423,"del Barrio Cayabo, PR-14 kilómetro 11.0, Juana Díaz, 00795, Puerto Rico",18.0522667,-66.53492849999999,Juana Díaz,Gimnasios,"Gimnasio General, Bienestar, Fitness",true,ChIJVXHOpSbVHIwRjtRY7q4nGUk
Iron Gym Fitness,(939) 599-0572,"590 Av. Escorial, San Juan, 00921, Puerto Rico",18.4057688,-66.0935585,San Juan,Gimnasios,"Gimnasio General, Bienestar, Fitness",true,ChIJZ4sXqJRpA4wRcoMmaFcAS3E
Head Start Center Kids Gym,(787) 444-1010,"16 Calle 2, Ponce, 00717, Puerto Rico",18.0019249,-66.6138478,Ponce,Gimnasios,Fitness,true,ChIJu8E8w_TVHIwRnKmD-CDqfD8
Iron Fitness,(787) 222-4242,"410 Avenida Montesol Suite 8, Fajardo, 00738, Puerto Rico",18.2955368,-65.6450057,Fajardo,Gimnasios,"Gimnasio General, Bienestar, Fitness",true,ChIJDcNIrhm9BIwRfJ9FdsiEcUQ
Vita Forma Fitness,(787) 597-4640,"Ave Cuatro Calles, Ponce, 00717, Puerto Rico",18.0076345,-66.6023732,Ponce,Gimnasios,"Gimnasio General, Bienestar, Fitness",true,ChIJr00Vj3XVHIwRo7SIPqWP5oI
South Pearl CrossFit,(787) 378-1010,"3C7V+C9R, Ponce 00780, Puerto Rico",18.0636211,-66.5566001,Real,Gimnasios,"Gimnasio General, Bienestar, Crossfit",true,ChIJJ7NRvzIrA4wRmAdTmOzbdWs
VIVE FIT GYM STUDIO,(787) 913-0302,"Calle palma real, 24CR+QGF, stadium 🏟, Yauco, 00698, Puerto Rico",18.0219442,-66.85869819999999,Yauco,Gimnasios,"Gimnasio General, Bienestar, Fitness",true,ChIJVy_N4zQzHYwR9u2r46BOubw
FIT Factory Fitnes - Arecibo,(787) 815-1561,"# km. 63.8 Bo. Candelaria, Cll Marginal 2, Arecibo, 00614, Puerto Rico",18.4351112,-66.6229745,Arecibo,Gimnasios,"Gimnasio General, Bienestar",true,ChIJUSZCgwPgAowRTap-uROvhwA
Fit Nutrition Studio,(939) 287-8043,"595 ave, Carr. Guayanilla, Ponce, 00717, Puerto Rico",18.0078767,-66.6259965,Ponce,Gimnasios,General,true,ChIJBZ_Kn14rHYwRqVuTjzqcmIw
Elev8 Factory Gym,(787) 505-7883,"Marina Bahía Plaza, local #3, Cataño, 00962, Puerto Rico",18.4511738,-66.14254799999999,Cataño,Gimnasios,"Gimnasio General, Bienestar, Fitness",true,ChIJpVeIy7FrA4wRB5G0PXvgjLY
LIV Fitness Guaynabo,(787) 946-0948,"Cll Parkside 2, Guaynabo, 00968, Puerto Rico",18.410237,-66.101389,Guaynabo,Gimnasios,"Gimnasio General, Bienestar, Fitness",true,ChIJ-6zlagRpA4wR9RlL3j-kR3I
Ama Fitness PR,(787) 478-8969,"Coliseo Dolores Toyita Martinez, Juana Díaz, 00795, Puerto Rico",18.0470657,-66.4925696,Juana Díaz,Gimnasios,"Gimnasio General, Bienestar, Fitness",true,ChIJ-WxqLQvTHIwRcmTnXmIY5XU
HCOA Fitness,(787) 428-0800,"501 Av. Roberto H. Todd, San Juan, 00907, Puerto Rico",18.4497468,-66.07522949999999,San Juan,Gimnasios,"Gimnasio General, Bienestar, Fitness",true,ChIJ9Z45pDZvA4wRsiOEMhmbNaA
Fort Buchanan Fitness Center,(787) 707-3767,"Fort Buchanan, Guaynabo 00934, Puerto Rico",18.4122192,-66.1145217,Guaynabo,Gimnasios,"Gimnasio General, Bienestar, Fitness",true,ChIJ89AkXwxpA4wRMVEMQJQcOkQ
Renzo Gracie Ponce,(939) 788-9228,"Los Caobos Industrial Park, Ponce, 00716, Puerto Rico",18.0062375,-66.5890313,Ponce,Gimnasios,Bienestar,true,ChIJZRoyGQjVHIwRt-HUbn35veg
House of Warriors Fitness,(939) 290-0250,"Carr 140 km 67.5, Barceloneta, 00617, Puerto Rico",18.444947,-66.5480693,Barceloneta,Gimnasios,"Gimnasio General, Bienestar, Fitness",true,ChIJlUEYBOQfA4wRcd30AB6qDjk
Perfect Body & Health Fitness,(787) 569-8818,"249G+PM5, PR-121, Yauco, 00698, Puerto Rico",18.0192676,-66.8732737,Yauco,Gimnasios,"Gimnasio General, Bienestar, Fitness",true,ChIJT5Dp_dszHYwRstQsZ4h2AME
Gimnasio Municipal,(787) 835-3623,"26C6+MX9, PR-2, Guayanilla, 00656, Puerto Rico",18.0216652,-66.787506,Guayanilla,Gimnasios,"Gimnasio General, Bienestar",true,ChIJYQZxrestHYwRgeiqDSR9fFI
Urban Legend Fitness,(939) 271-6280,"3F3V+RM6, PR-570, Juana Díaz, 00795, Puerto Rico",18.0546018,-66.5060877,Juana Díaz,Gimnasios,"Gimnasio General, Bienestar, Fitness",true,ChIJV5wKfwDTHIwRQQ23Xp895o4
"Maahes, Academia de Artes Marciales, LLC",(939) 228-8501,"88 C. Unión Segundo Piso, Ponce, 00730, Puerto Rico",18.0126194,-66.6146292,Ponce,Gimnasios,Bienestar,true,ChIJCRE1KHfVHIwRjnosvYbSde0
Body Fitness Gym,(787) 398-6434,"PR-2, Aguadilla, 00603, Puerto Rico",18.440107,-67.1236928,Aguadilla,Gimnasios,"Gimnasio General, Bienestar, Fitness",true,ChIJA52I_g29AowRgkIBYD2xNUk
Xtravaganz Boutique Ponce,(939) 405-5577,"2182 Las Américas Ave, Ponce, 00717, Puerto Rico",18.0033013,-66.6218674,Ponce,Boutiques,"Ropa, Tienda, Moda",true,ChIJww_AEX0rHYwR1OZfyvonI6Q
Daring Boutique,(939) 328-5309,"3308 Calle La Capitana, Ponce, 00728, Puerto Rico",17.9961006,-66.6438794,Ponce,Boutiques,"Ropa, Tienda, Moda",true,ChIJBS5fRIrVHIwRb7nwnihS8kg
Veronica's Boutique,(787) 854-7281,"22 Puerta del Norte Suite 3, Manatí, 00674, Puerto Rico",18.4291432,-66.49402830000001,Manatí,Boutiques,"Ropa, Tienda, Moda",true,ChIJiZMSZvUYA4wRtt6TrnC6BxE
Marzela Boutique,(939) 640-2314,"1218 Av. Muñoz Rivera, Ponce, 00717, Puerto Rico",17.9995156,-66.620829,Ponce,Boutiques,"Ropa, Tienda, Moda",true,ChIJcbf0zAsqHYwR1X35_YwxCUY
La Femme Boutique PR,(787) 753-0915,"CWCM+F8F, Avenida F.D. Roosevelt, San Juan, 00918, Puerto Rico",18.4211891,-66.06669459999999,San Juan,Boutiques,"Ropa, Tienda, Moda",true,ChIJzXfyLr5oA4wRk28-TdTDgWo
Closet Boutique Ponce,(787) 988-6000,"4669 Avenida Constancia, Ponce, 00730, Puerto Rico",17.9766062,-66.6018064,Ponce,Boutiques,"Ropa, Tienda, Moda",true,ChIJXQUwbnvXHIwRGE4W2ZeKiZo
Aurora Boutique,(787) 428-1212,"587 C. Hillside, San Juan, 00920, Puerto Rico",18.3995926,-66.10450159999999,San Juan,Boutiques,"Ropa, Tienda, Moda",true,ChIJDT_xbU5pA4wR0N8qCsdhetE
Alpha Market Boutique,(787) 437-3313,"1745 Paseo Las Colonias, Ponce, 00717, Puerto Rico",17.99975,-66.5993422,Ponce,Boutiques,"Ropa, Tienda, Moda",true,ChIJMzp-egDVHIwRHKLONewMbfA
Zoom Moda,(787) 843-1706,"2443 Avenida By Pass, calle, Paseo Perla del Sur, Ponce, 00717, Puerto Rico",17.9964008,-66.6261596,Ponce,Boutiques,"Ropa, Tienda, Moda",true,ChIJC-fUlojVHIwRLcpDMdQQjp0
Zil Boutique,(787) 637-1090,"1144 Avenida F.D. Roosevelt, San Juan, 00920, Puerto Rico",18.4139277,-66.08386229999999,San Juan,Boutiques,"Ropa, Tienda, Moda",true,ChIJoWzK0r9oA4wRkZiXzm0ESeE
Silhouette Boutique,(787) 751-0814,"197 O'Neill Street, San Juan, 00918, Puerto Rico",18.4225535,-66.0644348,San Juan,Boutiques,"Ropa, Tienda, Moda",true,ChIJE4_heb5oA4wRRVmYvf5SGYw
Genesis Boutique,(787) 734-3945,"Carr #1 Km. 30.9, Caguas, 00725, Puerto Rico",18.2725481,-66.0414543,Caguas,Boutiques,"Ropa, Tienda, Moda",true,ChIJk0F8hyRZA4wRSXTy9vGphfw
Mianteh Boutique,(787) 367-0271,"Condominio Torre De Oro, Av. Las Américas, Ponce, 00717, Puerto Rico",18.0036876,-66.6219125,Ponce,Boutiques,"Ropa, Tienda, Moda",true,ChIJedLMhy8rHYwRO4Ns0gBeUKM
ONYX BOUTIQUE,(787) 998-3818,"1667 Av. Paraná, San Juan, 00926, Puerto Rico",18.3757698,-66.065816,San Juan,Boutiques,"Ropa, Tienda, Moda",true,ChIJ3_oEfKxpA4wRno3rA5FmjeY
Pink Tree,(787) 725-1737,"253 Ca. de la Tanca, San Juan, 00901, Puerto Rico",18.465189,-66.114173,San Juan,Boutiques,"Ropa, Tienda",true,ChIJa-4KTAVvA4wRrnp3y8bcRAM
elenna Boutique,(787) 298-5108,"2325 Av. Eduardo Ruberte #111, Ponce, 00717, Puerto Rico",17.998241,-66.6321317,Ponce,Boutiques,"Ropa, Tienda, Moda",true,ChIJV7CJqEyzAowRR72toXf0FGs
Encanto Boutique,(787) 210-7962,"#18 C. Baldorioty, Coamo, 00769, Puerto Rico",18.0809341,-66.3587706,Coamo,Boutiques,"Ropa, Tienda, Moda",true,ChIJkxNn-8IzA4wRj2tbiZ-RXi8
Passo Boutique,(787) 744-7668,"AX-8, Av. Luis Muñoz Marín, Caguas, 00725, Puerto Rico",18.2467733,-66.0250343,Caguas,Boutiques,"Ropa, Tienda, Moda",true,ChIJdbY95UJbA4wR2-CGjc0LT3U
Annie's Boutique,(787) 787-8630,"Calle Betances #40 Suite 10250 Cantón Mall, Bayamón, 00961, Puerto Rico",18.4016995,-66.1576264,Bayamón,Boutiques,"Ropa, Tienda, Moda",true,ChIJlTPohjBqA4wRhQUA8fFz3lk
Xuira Boutique | Moda femenina en Puerto Rico y USA,(787) 487-2299,"Solar 1, C. 4 Local 1, Urb Portal de la Reina, Santa Isabel 00757, Puerto Rico",18.015683,-66.3752651,Santa Isabel,Boutiques,"Ropa, Tienda, Moda",true,ChIJgUZZpC0zA4wRUrfhEF7TyY0
Lucky Love Boutique,(787) 427-9704,"278 Av. Tte. César Luis González, San Juan, 00918, Puerto Rico",18.4217044,-66.0673762,San Juan,Boutiques,"Ropa, Tienda, Moda",true,ChIJ9Y1UVbFrA4wRhGBmRam1fsA
D Boutique,(787) 817-9489,"1400 PR-2, Arecibo, 00612, Puerto Rico",18.4757256,-66.75090569999999,Arecibo,Boutiques,"Ropa, Tienda, Moda",true,ChIJdYNHjcDnAowRTWeEXORFhz8
Vonique Boutique,(787) 646-1003,"75 C. Cristina, Ponce, 00730, Puerto Rico",18.0116672,-66.6132176,Ponce,Boutiques,"Ropa, Tienda, Moda",true,ChIJezACki3VHIwRVDyHFYwBE04
Le Menina Boutique,(787) 200-5447,"PP-14 Ramón Luis Rivera Ave, Bayamón, 00957, Puerto Rico",18.3503069,-66.187908,Bayamón,Boutiques,"Ropa, Accesorios, Tienda, Moda",true,ChIJreAT3MpBA4wRSCToy4DKN6I
Atelier Lissa Porrata,(787) 844-9263,"Avenida Ednita Nazario 957 Puerto Rico, Cll Bonita, Ponce, 00716, Puerto Rico",18.0063277,-66.5971674,Ponce,Boutiques,"Ropa, Tienda",true,ChIJt4EZLJTVHIwRtrqvI44zoAQ
Kriado,(787) 244-3800,"2935 Av. Emilio Fagot, Ponce, 00716, Puerto Rico",18.0147586,-66.60037969999999,Ponce,Boutiques,"Ropa, Tienda",true,ChIJveDJLprVHIwRmxVN0HgoPVE
Corte Frances Boutique,(787) 782-7797,"519 Av. Andalucía, San Juan, 00920, Puerto Rico",18.4115002,-66.07752560000002,San Juan,Boutiques,"Ropa, Tienda, Moda",true,ChIJpSCyufloA4wRiWL_ifXBRdY
Garage Boutique,(939) 539-2510,"PR-14, Aibonito, 00705, Puerto Rico",18.1249542,-66.2928771,Aibonito,Boutiques,"Ropa, Tienda, Moda",true,ChIJI3PPY4Q2A4wRzoF0a9p6a0I
Chic Boutique,(787) 781-0395,"9VRJ+7PC, Guaynabo, 00966, Puerto Rico",18.3906801,-66.1182406,Guaynabo,Boutiques,"Ropa, Tienda, Moda",true,ChIJ6WPZdsVpA4wRItAXcRTPy4Y
Hembras Boutique,(939) 209-6768,"2911 Av. Emilio Fagot, Ponce, 00716, Puerto Rico",18.0132292,-66.6007814,Ponce,Boutiques,"Ropa, Tienda, Moda",true,ChIJ488mDprVHIwRdY5H6mhep68
Sois Boutique,(787) 923-2776,"71 Cll Salmon, Ponce, 00716, Puerto Rico",17.9803359,-66.62079779999999,Ponce,Boutiques,"Ropa, Tienda, Moda",true,ChIJCZHW4Y0pHYwR-R5tDjGjEbI
We Boutique by Lolita Boutique,(787) 833-0066,"901 Av. Sta. Teresa Jornet, Mayagüez, 00682, Puerto Rico",18.1615114,-67.14946139999999,Mayagüez,Boutiques,"Ropa, Tienda, Moda",true,ChIJ-WhFZOOyAowRF6LJA45_by0
Nativa Boutique,(787) 724-1396,"55 C. Cervantes, San Juan, 00907, Puerto Rico",18.4546394,-66.0690603,San Juan,Boutiques,"Tienda, Moda",true,ChIJme7k40dvA4wRzQtMNmdfi_M
Fashion Lab Boutique,(939) 231-0575,"Carr. #152 Km. 6.4 Bo, Barranquitas 00794, Puerto Rico",18.2280954,-66.2876046,Quebradillas,Boutiques,"Ropa, Tienda, Moda",true,ChIJ00J105Y5A4wRrAJOXpHe524
M Boutique By: Mariely Colón,(787) 738-6633,"Cayey, 00736, Puerto Rico",18.1135029,-66.1644111,Cayey,Boutiques,"Ropa, Tienda, Moda",true,ChIJk0FWkUJJA4wRfiSEwN0QOI8
Daniella's Boutique,(939) 405-1358,"48 PR-5516, Adjuntas, 00601, Puerto Rico",18.1625218,-66.7224756,Adjuntas,Boutiques,"Ropa, Tienda, Moda",true,ChIJL3cykPrTAowR2jSc7pPT6iQ
PicardíaBTQ (Picardía Boutique),(787) 422-7342,"Plaza Isabel II, 66 C. Reina Isabel, Ponce, 00730, Puerto Rico",18.0126376,-66.6126264,Ponce,Boutiques,"Ropa, Tienda, Moda",true,ChIJrdt3x4jVHIwRNf8sLaj052Q
Somarie Boutique,(939) 642-4677,"STE B5, Manatí, 00674, Puerto Rico",18.4321991,-66.4867359,Manatí,Boutiques,"Ropa, Tienda, Moda",true,ChIJ-Ztad5EZA4wRWGmEtnLEQ_U
Beautiful Spirit Boutique,(787) 398-5432,"1603 C. Loíza Local 2, San Juan, 00911, Puerto Rico",18.4519509,-66.06231009999999,San Juan,Boutiques,"Ropa, Tienda, Moda",true,ChIJ8e1Rl5VnA4wRWtUBNl9OAuQ
Grace Marie Studio,(787) 512-0068,"Urb. Valle Verde, 1014 Cll Paseo Real, Ponce, 00716, Puerto Rico",18.0179493,-66.5995647,Ponce,Boutiques,"Ropa, Tienda",true,ChIJPdlApZfVHIwREvlF9v91Ojo
Bliss Boutique,(787) 273-7072,"266 Avenue de Diego, San Juan, 00920, Puerto Rico",18.4163695,-66.0895413,San Juan,Boutiques,"Ropa, Tienda, Moda",true,ChIJQznoveNoA4wRhPikeeol3Pg
Lily's Touch,(787) 868-5347,"Carr. 417 KM 1.1 Bo, Aguada 00602, Puerto Rico",18.3763938,-67.17761089999999,Malpaso,Boutiques,"Ropa, Tienda",true,ChIJuYQ9KjO7AowRXIlaoUAWf5A
Khloe Boutique,(787) 433-8005,"713 Av. Andalucía, San Juan, 00920, Puerto Rico",18.4073488,-66.0755102,San Juan,Boutiques,"Ropa, Tienda, Moda",true,ChIJn4jR6jVpA4wRoohymRLtxMk
Nahias Boutique,(939) 209-6724,"Urbanización Hacienda Concordia, Santa Isabel, 00757, Puerto Rico",18.0040512,-66.38771899999999,Santa Isabel,Boutiques,"Ropa, Tienda, Moda",true,ChIJyZT83AozA4wRUdiUJi3bFSQ
Tada Boutique,(787) 649-1590,"18°28'41.2""N, #66°46'24.9""W, Hatillo, 00659, Puerto Rico",18.477925,-66.7736479,Hatillo,Boutiques,"Ropa, Tienda, Moda",true,ChIJeTuq4AzdAowRAgZaGg1sL-k
Aire Gypsy Boutique Cabo Rojo Puerto Rico,(787) 710-1996,"3RRR+6MR, 10 Cll Noel Estrada, Cabo Rojo, 00623, Puerto Rico",18.0907017,-67.15862489999999,Cabo Rojo,Boutiques,"Ropa, Tienda, Moda",true,ChIJt1S40lWzAowR3PzEvcuNL6w
Valija - Viejo San Juan,(787) 626-0281,"209, 1615 C. de San Francisco Suite 1, San Juan, 00901, Puerto Rico",18.4658447,-66.1155577,San Juan,Boutiques,"Ropa, Accesorios, Calzado, Tienda",true,ChIJoRIPMsduA4wRVIp4IvWJcUI
Sola Boutique Barceloneta,(787) 379-0094,"Premium Outlets, 1 Premium Outlets Blvd, Barceloneta, 00617, Puerto Rico",18.4385993,-66.5401272,Barceloneta,Boutiques,"Ropa, Tienda, Moda",true,ChIJo3p4TmgfA4wRLOUEA6yKlHk
Moda & Más boutique,(939) 222-5349,"Willlers plaza loca 4, Yauco, 00698, Puerto Rico",18.0233781,-66.8553608,Yauco,Boutiques,"Ropa, Tienda, Moda",true,ChIJ-1eFJhszHYwRwsvo2MwDBzU
Lush By Becky,(939) 717-2241,"Edificio Isabel II, 66 C. Reina Isabel, Ponce, 00730, Puerto Rico",18.0127187,-66.6125911,Ponce,Boutiques,"Ropa, Tienda",true,ChIJhd_gTr_VHIwRaUAJ063GLMc
In White Boutique,(787) 903-2476,"Mesetas de Chimpire, Isabela 00662, Puerto Rico",18.4717027,-67.0190732,Arenales Bajos,Boutiques,"Ropa, Tienda, Moda",true,ChIJ_yYKJOe_AowRxpwVezfs_o0
Windsor,(888) 495-4957,"2050 Ponce Bypass, Ponce, 00717, Puerto Rico",17.9928954,-66.6117335,Ponce,Boutiques,"Ropa, Accesorios, Calzado, Tienda",true,ChIJu36GR-PVHIwR6U1Bm-qBOYc
Sunday Vibes Boutique,(787) 599-9972,"comunidad catalana, 52 Carr 140, Barceloneta, 00617, Puerto Rico",18.4506684,-66.5400561,Barceloneta,Boutiques,"Ropa, Tienda, Moda",true,ChIJ7ahjI13nAowR4nMB-EjlM8A
YC Boutique|Jewelry,(787) 664-1690,"809 C. Muñoz Rivera, Peñuelas, 00624, Puerto Rico",18.0591444,-66.7227539,Peñuelas,Boutiques,"Ropa, Tienda, Accesorios, Moda",true,ChIJ1c7W-ADCpaERtNkNmiY7kvw
Hefziba Boutique,(787) 317-0244,"Paseo Fagot, 1496 Av. Emilio Fagot, Ponce, 00716, Puerto Rico",18.0126248,-66.6008111,Ponce,Boutiques,"Ropa, Tienda, Moda",true,ChIJB5B2FePVHIwRCUxWRz4M8js
Fashion Fantasy by Aseel,(787) 812-0215,"#2421 Paseo Perla del Sur, Ponce, 00717, Puerto Rico",17.9963599,-66.6247008,Ponce,Boutiques,"Ropa, Tienda, Moda",true,ChIJt-VFqDArHYwRBGbk4zPPHp0
Vou Boutique,(787) 961-2444,"6W7X+VJM, PR-172, Caguas, 00727, Puerto Rico",18.2147037,-66.0509476,Caguas,Boutiques,"Ropa, Tienda, Moda",true,ChIJO_qA6itFA4wR5Hp_LYN8X2A
Pure Soul Boutique,(646) 706-2502,"258 C. de San Justo, San Juan, 00901, Puerto Rico",18.4644798,-66.1152104,San Juan,Boutiques,"Ropa, Tienda, Moda",true,ChIJb4LfGMduA4wRIF_GjJj9tls
Fashion Gallery Boutique,(939) 642-6380,"Av. Esmeralda #73-1, Guaynabo, 00969, Puerto Rico",18.371766,-66.1011663,Guaynabo,Boutiques,"Ropa, Tienda, Moda",true,ChIJm6oSefhpA4wRX-hUPpd5SJA
Lou Boutique,(787) 318-8888,"GP-12, Av. Roberto Sánchez Vilella local #1, Carolina, 00982, Puerto Rico",18.4128923,-65.9976149,Carolina,Boutiques,"Ropa, Tienda, Moda",true,ChIJi2JtcrppA4wR9774PfbRcgE
"Mi Coqui Souvenirs & Gift Shop, Ponce, Puerto Rico, USA.",(787) 841-0216,"9227 Marina, Ponce, 00730, Puerto Rico",18.0117807,-66.6134129,Ponce,Boutiques,Tienda,true,ChIJLe6BbInVHIwRlot7ZEtSFY0
Oh La La Boutique,(956) 382-0817,"9R8R+363, Luyando, Aguada 00602, Puerto Rico",18.3651311,-67.15944209999999,Luyando,Boutiques,"Ropa, Tienda, Moda",true,ChIJzZECFfO7AowRJ3R1HeDZIEg
Vitta Boutique,(939) 717-8474,"17 C. León, Ponce, 00730, Puerto Rico",18.01377,-66.613061,Ponce,Boutiques,"Ropa, Tienda, Moda",true,ChIJb4FdcgDVHIwRkgos0iXGgFQ
Utopia Souvenir Shop,(787) 709-4365,"6953 C. Isabel-Muñoz Rivera, Ponce, 00730, Puerto Rico",18.012508,-66.613891,Ponce,Boutiques,"Accesorios, Tienda",true,ChIJRQLt64jVHIwRUGgCiR909AY
Kinder Haus Boutique Ponce,(787) 843-4730,"1016 Cll Paseo Real, Ponce, 00716, Puerto Rico",18.0097921,-66.5959003,Ponce,Boutiques,"Ropa, Tienda, Moda",true,ChIJNVVVVSErA4wRPYBQ3No5D24
Sola Boutique Mayaguez Mall,(787) 652-1026,"Mayaguez Mall, 975 Av. Eugenio María de Hostos, Mayagüez, 00680, Puerto Rico",18.1560306,-67.1426523,Mayagüez,Boutiques,"Ropa, Tienda, Moda",true,ChIJOYgAUHGzAowRaxb3xMNC_Wo
Rocke Boutique,(787) 946-9897,"PR-838 C-6, Guaynabo, 00969, Puerto Rico",18.3674625,-66.0925433,Guaynabo,Boutiques,"Ropa, Tienda, Moda",true,ChIJN1HKpZVoA4wRJ2NazLxb3FQ
