place_id,nombre,categoria_principal,subcategoria_sugerida
ChIJM0Lty2wqHYwR_xrctmXUk_A,Supreme Beauty Salon,Salones de Belleza,Salon de Belleza
ChIJM0Lty2wqHYwR_xrctmXUk_A,Supreme Beauty Salon,Salones de Belleza,Cabello
ChIJ4chZX6DVHIwRy2jXqZmwuV0,The Beauty Lab by Paola Estefania,Salones de Belleza,Salon de Belleza
ChIJ4chZX6DVHIwRy2jXqZmwuV0,The Beauty Lab by Paola Estefania,Salones de Belleza,Cuidado Capilar
ChIJ4chZX6DVHIwRy2jXqZmwuV0,The Beauty Lab by Paola Estefania,Salones de Belleza,Bienestar
ChIJ4chZX6DVHIwRy2jXqZmwuV0,The Beauty Lab by Paola Estefania,Salones de Belleza,Cabello
ChIJXVwR1fIpHYwRZMm5KS6Sp94,Sarts Beauty Salón,Salones de Belleza,Salon de Belleza
ChIJXVwR1fIpHYwRZMm5KS6Sp94,Sarts Beauty Salón,Salones de Belleza,Cabello
ChIJlYwzXqgrHYwRsVfwWnPl-FA,NOVA LADY SALON,Salones de Belleza,Salon de Belleza
ChIJlYwzXqgrHYwRsVfwWnPl-FA,NOVA LADY SALON,Salones de Belleza,Cabello
ChIJV_vOyd3VHIwRqJo0fj5eg1o,Y Salón “The House of Colors” 𝙱𝚢: 𝚈𝚘𝚢𝚖𝚊𝚛 𝙱𝚘𝚛𝚛𝚎𝚛𝚘,Salones de Belleza,Salon de Belleza
ChIJV_vOyd3VHIwRqJo0fj5eg1o,Y Salón “The House of Colors” 𝙱𝚢: 𝚈𝚘𝚢𝚖𝚊𝚛 𝙱𝚘𝚛𝚛𝚎𝚛𝚘,Salones de Belleza,Cabello
ChIJqy-vc3YqHYwRTY3LkthViMI,Marylin's Beauty Salon,Salones de Belleza,Salon de Belleza
ChIJqy-vc3YqHYwRTY3LkthViMI,Marylin's Beauty Salon,Salones de Belleza,Cabello
ChIJ2WiOa5krHYwRWPy9eV1HtKE,Mel Rose Creations Beauty Lounge,Salones de Belleza,Salon de Belleza
ChIJ2WiOa5krHYwRWPy9eV1HtKE,Mel Rose Creations Beauty Lounge,Salones de Belleza,Cabello
ChIJzRQEK0ZvA4wRB9JWeY8FaOg,Beyond Salon,Salones de Belleza,Salon de Belleza
ChIJzRQEK0ZvA4wRB9JWeY8FaOg,Beyond Salon,Salones de Belleza,Cuidado Capilar
ChIJzRQEK0ZvA4wRB9JWeY8FaOg,Beyond Salon,Salones de Belleza,Bienestar
ChIJzRQEK0ZvA4wRB9JWeY8FaOg,Beyond Salon,Salones de Belleza,Cabello
ChIJi0ttx38rHYwRC26Lmvkm1Vk,Angie's Beauty Club,Spas,Salon de Belleza
ChIJi0ttx38rHYwRC26Lmvkm1Vk,Angie's Beauty Club,Spas,Spa
ChIJ9yvQMhHVHIwRlbjSD8ZZz40,Nua Parlor & Spa,Spas,Salon de Belleza
ChIJV2K5yZPVHIwRaEMmdYipj40,M Salon,Salones de Belleza,Salon de Belleza
ChIJV2K5yZPVHIwRaEMmdYipj40,M Salon,Salones de Belleza,Tienda
ChIJV2K5yZPVHIwRaEMmdYipj40,M Salon,Salones de Belleza,Cabello
ChIJ84Wl4w4qHYwRfeHKhb4TU4I,MS Salon,Salones de Belleza,Salon de Belleza
ChIJ84Wl4w4qHYwRfeHKhb4TU4I,MS Salon,Salones de Belleza,Cabello
ChIJq2q9AffVHIwRjnIEB5_jOvA,Oops! Gossip Studio,Salones de Belleza,Salon de Belleza
ChIJq2q9AffVHIwRjnIEB5_jOvA,Oops! Gossip Studio,Salones de Belleza,Cuidado Capilar
ChIJ61_Zj-ErHYwR2eDL-F3IYW0,K&L The Beauty Room,Salones de Belleza,Salon de Belleza
ChIJ61_Zj-ErHYwR2eDL-F3IYW0,K&L The Beauty Room,Salones de Belleza,Cabello
ChIJRWpxJBUrHYwR5QhJcocsXT0,Poliniza Beauty Lab,Salones de Belleza,Salon de Belleza
ChIJRWpxJBUrHYwR5QhJcocsXT0,Poliniza Beauty Lab,Salones de Belleza,Cabello
ChIJczjUHojVHIwR9IyxqT5LmhY,Ilas Salon,Salones de Belleza,Salon de Belleza
ChIJczjUHojVHIwR9IyxqT5LmhY,Ilas Salon,Salones de Belleza,Cuidado Capilar
ChIJczjUHojVHIwR9IyxqT5LmhY,Ilas Salon,Salones de Belleza,Cabello
ChIJo__GdI0rHYwRq5hFvZ-4oXo,Amada Beauty Salón,Salones de Belleza,Salon de Belleza
ChIJo__GdI0rHYwRq5hFvZ-4oXo,Amada Beauty Salón,Salones de Belleza,Cabello
ChIJ99RkcTdvA4wR4dWgkCaEtXc,Saline Salon,Salones de Belleza,Salon de Belleza
ChIJ99RkcTdvA4wR4dWgkCaEtXc,Saline Salon,Salones de Belleza,Cabello
ChIJzQ0zfO9oA4wRvvh0dB2L1VU,Velvet Salon & Spa,Spas,Salon de Belleza
ChIJQUgt1DjVHIwRrSwIewohy3A,Mary's Beauty Salon & Esthetic,Esteticas,Salon de Belleza
ChIJQUgt1DjVHIwRrSwIewohy3A,Mary's Beauty Salon & Esthetic,Esteticas,Faciales
ChIJ9YC6lcorHYwRt3dzZEVcfc8,My Curly Room by. Noeli Marie,Salones de Belleza,Salon de Belleza
ChIJ_eDn904rHYwR37839boWAQA,AJ’s Beauty Salon,Salones de Belleza,Salon de Belleza
ChIJ_eDn904rHYwR37839boWAQA,AJ’s Beauty Salon,Salones de Belleza,Cabello
ChIJVWRwzjorHYwRx-QS8ki1MvA,D'room Beauty Salon,Salones de Belleza,Cuidado Capilar
ChIJVWRwzjorHYwRx-QS8ki1MvA,D'room Beauty Salon,Salones de Belleza,Cabello
ChIJEYxGfu4rHYwRgFBiqgeQwLY,A&D Beauty Salon,Salones de Belleza,Cabello
ChIJC_yd5JDVHIwRoH412iiEUzw,Salon Deluxe,Spas,Salon de Belleza
ChIJC_yd5JDVHIwRoH412iiEUzw,Salon Deluxe,Spas,Cuidado Capilar
ChIJC_yd5JDVHIwRoH412iiEUzw,Salon Deluxe,Spas,Bienestar
ChIJC_yd5JDVHIwRoH412iiEUzw,Salon Deluxe,Spas,Spa
ChIJ1e3d2s7VHIwRcGCFaV55QDE,Ruth Carrasquillo Salon,Salones de Belleza,Salon de Belleza
ChIJ1e3d2s7VHIwRcGCFaV55QDE,Ruth Carrasquillo Salon,Salones de Belleza,Cabello
ChIJUfC-DREqHYwRhpnHci8ohWk,The Black White Salon LLC,Salones de Belleza,Salon de Belleza
ChIJUfC-DREqHYwRhpnHci8ohWk,The Black White Salon LLC,Salones de Belleza,Cuidado Capilar
ChIJUfC-DREqHYwRhpnHci8ohWk,The Black White Salon LLC,Salones de Belleza,Bienestar
ChIJUfC-DREqHYwRhpnHci8ohWk,The Black White Salon LLC,Salones de Belleza,Cabello
ChIJt1Nq5lwrHYwRkD3F1r2gRRY,An Studio,Salones de Belleza,Salon de Belleza
ChIJv0fnEwArHYwRVHms_6QTqfc,"Beauty Room Nails, Braids y algo más",Salones de Belleza,Salon de Belleza
ChIJv0fnEwArHYwRVHms_6QTqfc,"Beauty Room Nails, Braids y algo más",Salones de Belleza,Unas
ChIJv0fnEwArHYwRVHms_6QTqfc,"Beauty Room Nails, Braids y algo más",Salones de Belleza,Cabello
ChIJA2RIQ_krHYwR23pCBk2mQEk,SS Beauty Salon,Salones de Belleza,Salon de Belleza
ChIJA2RIQ_krHYwR23pCBk2mQEk,SS Beauty Salon,Salones de Belleza,Cabello
ChIJA17irTUrHYwR1NhmsdJ2PMs,The Beauty Salon by Noelia,Salones de Belleza,Cabello
ChIJ086xJCnVHIwRGX5eqREzglY,By Natcha Salon,Salones de Belleza,Salon de Belleza
ChIJ086xJCnVHIwRGX5eqREzglY,By Natcha Salon,Salones de Belleza,Cabello
ChIJAYWIVwUqHYwRtM1MMo15ONs,SmartStyle,Salones de Belleza,Salon de Belleza
ChIJAYWIVwUqHYwRtM1MMo15ONs,SmartStyle,Salones de Belleza,Cuidado Capilar
ChIJAYWIVwUqHYwRtM1MMo15ONs,SmartStyle,Salones de Belleza,Bienestar
ChIJK1BgSDhvA4wRgEi2dLFJtT0,"Miranda Beauty | Hair, Nails, Barber & Lashes",Barberias,Salon de Belleza
ChIJK1BgSDhvA4wRgEi2dLFJtT0,"Miranda Beauty | Hair, Nails, Barber & Lashes",Barberias,Cuidado Capilar
ChIJK1BgSDhvA4wRgEi2dLFJtT0,"Miranda Beauty | Hair, Nails, Barber & Lashes",Barberias,Bienestar
ChIJK1BgSDhvA4wRgEi2dLFJtT0,"Miranda Beauty | Hair, Nails, Barber & Lashes",Barberias,Tienda
ChIJK1BgSDhvA4wRgEi2dLFJtT0,"Miranda Beauty | Hair, Nails, Barber & Lashes",Barberias,Cortes
ChIJRa5WyZvVHIwRPIf2paNBlPI,Emily's Beauty & Hair Extensions,Salones de Belleza,Salon de Belleza
ChIJRa5WyZvVHIwRPIf2paNBlPI,Emily's Beauty & Hair Extensions,Salones de Belleza,Cuidado Capilar
ChIJRa5WyZvVHIwRPIf2paNBlPI,Emily's Beauty & Hair Extensions,Salones de Belleza,Tienda
ChIJRa5WyZvVHIwRPIf2paNBlPI,Emily's Beauty & Hair Extensions,Salones de Belleza,Cabello
ChIJQb8zR4cpHYwR_2rfMbaWWJo,Kafuné Hair Salon,Salones de Belleza,Salon de Belleza
ChIJQb8zR4cpHYwR_2rfMbaWWJo,Kafuné Hair Salon,Salones de Belleza,Cabello
ChIJ8Rx1AlorHYwRrxEg8mN31wo,Gladys Salon,Salones de Belleza,Salon de Belleza
ChIJ8Rx1AlorHYwRrxEg8mN31wo,Gladys Salon,Salones de Belleza,Cabello
ChIJofRXbyMrHYwROY5PlHQLWAQ,Alondra Ortolaza Beauty Lab,Salones de Belleza,Salon de Belleza
ChIJofRXbyMrHYwROY5PlHQLWAQ,Alondra Ortolaza Beauty Lab,Salones de Belleza,Cabello
ChIJNzZIsr4rHYwRxLDVi3I13s4,OMG SALON,Salones de Belleza,Salon de Belleza
ChIJNzZIsr4rHYwRxLDVi3I13s4,OMG SALON,Salones de Belleza,Cabello
ChIJXTTr04vVHIwRg2vYSiICZM4,Estilos Salon & Spa,Spas,Salon de Belleza
ChIJ4eOf9ZsrHYwRSGvGVtfliQc,GGNails & Salon by Gladys Gómez,Salones de Belleza,Salon de Belleza
ChIJ4eOf9ZsrHYwRSGvGVtfliQc,GGNails & Salon by Gladys Gómez,Salones de Belleza,Unas
ChIJ4eOf9ZsrHYwRSGvGVtfliQc,GGNails & Salon by Gladys Gómez,Salones de Belleza,Cabello
ChIJy8XZ3pLVHIwRnvJ2SK_PdKQ,Jaileen Salón,Salones de Belleza,Salon de Belleza
ChIJy8XZ3pLVHIwRnvJ2SK_PdKQ,Jaileen Salón,Salones de Belleza,Cabello
ChIJkbO9DQDVHIwRBDmLQM0GXGc,EC Salon,Salones de Belleza,Salon de Belleza
ChIJkbO9DQDVHIwRBDmLQM0GXGc,EC Salon,Salones de Belleza,Cabello
ChIJBX8AZw4rHYwRbhqYdVPcH3U,LS Brows & Lashes by Luz Sellyta,Salones de Belleza,Salon de Belleza
ChIJBX8AZw4rHYwRbhqYdVPcH3U,LS Brows & Lashes by Luz Sellyta,Salones de Belleza,Lashes y Cejas
ChIJ_f8P5cfVHIwR865SABBqtvs,Nat Beauty Professional,Salones de Belleza,Salon de Belleza
ChIJ_f8P5cfVHIwR865SABBqtvs,Nat Beauty Professional,Salones de Belleza,Cabello
ChIJAxRRNgArHYwR0U19G7HT01Q,BLO Beauty,Salones de Belleza,Salon de Belleza
ChIJAxRRNgArHYwR0U19G7HT01Q,BLO Beauty,Salones de Belleza,Cabello
ChIJR4QlqCjVHIwRklmbLbfABGw,Salliam Art Of Beauty,Salones de Belleza,Salon de Belleza
ChIJR4QlqCjVHIwRklmbLbfABGw,Salliam Art Of Beauty,Salones de Belleza,Cabello
ChIJUSju5tbVHIwR2MWWOmpHa6Y,𝚋𝚢 𝐌𝐄𝐋𝐘 𝑁𝑎𝑖𝑙𝑠 & 𝐵𝑒𝑎𝑢𝑡𝑦 𝑆𝑡𝑢𝑑𝑖𝑜,Salones de Belleza,Salon de Belleza
ChIJ_zHCdXHVHIwREhnLpt6YRwM,Naiostyle Beauty Academy & Supply,Salones de Belleza,Salon de Belleza
ChIJ_zHCdXHVHIwREhnLpt6YRwM,Naiostyle Beauty Academy & Supply,Salones de Belleza,Cabello
ChIJz5-szaXVHIwRyuuu-_JFqPM,Believe Beauty Salón,Salones de Belleza,Salon de Belleza
ChIJz5-szaXVHIwRyuuu-_JFqPM,Believe Beauty Salón,Salones de Belleza,Cabello
ChIJK_lSSADVHIwRnINHNXoFzeI,Salón By Patricia,Salones de Belleza,Salon de Belleza
ChIJK_lSSADVHIwRnINHNXoFzeI,Salón By Patricia,Salones de Belleza,Cabello
ChIJBzrQjHLVHIwRvaIS1TO6c24,consient-t,Salones de Belleza,Salon de Belleza
ChIJubwTChorHYwRkEKlMRTTw0c,Daly's Nails & Hairs Beauty Salon,Salones de Belleza,Salon de Belleza
ChIJubwTChorHYwRkEKlMRTTw0c,Daly's Nails & Hairs Beauty Salon,Salones de Belleza,Unas
ChIJubwTChorHYwRkEKlMRTTw0c,Daly's Nails & Hairs Beauty Salon,Salones de Belleza,Cabello
ChIJ73q9uZEzHYwRFC1xJTzgBOA,ela's Glamour salon & spa,Spas,Salon de Belleza
ChIJ73q9uZEzHYwRFC1xJTzgBOA,ela's Glamour salon & spa,Spas,Cuidado Capilar
ChIJ73q9uZEzHYwRFC1xJTzgBOA,ela's Glamour salon & spa,Spas,Bienestar
ChIJ73q9uZEzHYwRFC1xJTzgBOA,ela's Glamour salon & spa,Spas,Spa
ChIJlfoS3QppA4wRCafc1tx9O68,#HAIR BY JORGE SALON,Salones de Belleza,Salon de Belleza
ChIJlfoS3QppA4wRCafc1tx9O68,#HAIR BY JORGE SALON,Salones de Belleza,Cuidado Capilar
ChIJlfoS3QppA4wRCafc1tx9O68,#HAIR BY JORGE SALON,Salones de Belleza,Bienestar
ChIJlfoS3QppA4wRCafc1tx9O68,#HAIR BY JORGE SALON,Salones de Belleza,Cabello
ChIJU9a9y_krHYwRon79nBR1p34,Clip Salón & Spa,Spas,Salon de Belleza
ChIJJVo7UYIXA4wROTOrM9wDpFE,Corte Fino Alta Peluquería- Microblading studio,Salones de Belleza,Salon de Belleza
ChIJJVo7UYIXA4wROTOrM9wDpFE,Corte Fino Alta Peluquería- Microblading studio,Salones de Belleza,Cuidado Capilar
ChIJtUOxAlhoA4wRHzF1r-AadrI,Griselle Garcia Salon,Salones de Belleza,Salon de Belleza
ChIJtUOxAlhoA4wRHzF1r-AadrI,Griselle Garcia Salon,Salones de Belleza,Cabello
ChIJU24esu8rHYwREkkdVDjVd7g,Melmar Face & Brows,Salones de Belleza,Salon de Belleza
ChIJU24esu8rHYwREkkdVDjVd7g,Melmar Face & Brows,Salones de Belleza,Cuidado Capilar
ChIJU24esu8rHYwREkkdVDjVd7g,Melmar Face & Brows,Salones de Belleza,Lashes y Cejas
ChIJdXd3Dc5pA4wRulfSHBg0WZc,Crea’tif Salon And Spa,Spas,Salon de Belleza
ChIJdXd3Dc5pA4wRulfSHBg0WZc,Crea’tif Salon And Spa,Spas,Cuidado Capilar
ChIJT-U-3zBnA4wRZONBr4wirss,Beautiful Forever Clinic,Spas,Salon de Belleza
ChIJT-U-3zBnA4wRZONBr4wirss,Beautiful Forever Clinic,Spas,Cuidado Capilar
ChIJT-U-3zBnA4wRZONBr4wirss,Beautiful Forever Clinic,Spas,Bienestar
ChIJT-U-3zBnA4wRZONBr4wirss,Beautiful Forever Clinic,Spas,Spa
ChIJuZ5-fiVvA4wR3CWs1mHor_A,Vale Salon,Salones de Belleza,Salon de Belleza
ChIJuZ5-fiVvA4wR3CWs1mHor_A,Vale Salon,Salones de Belleza,Cabello
ChIJtUC8R-5oA4wRNeGXzKYZcQY,Blondes Salon,Salones de Belleza,Salon de Belleza
ChIJtUC8R-5oA4wRNeGXzKYZcQY,Blondes Salon,Salones de Belleza,Cabello
ChIJIWr27usrHYwRpI1jCJLSL9A,Unique Studio by Miosotis Rodríguez,Salones de Belleza,Salon de Belleza
ChIJM4lwyY9oA4wRAQ1748AQk3Q,Platinum Salon by Marlene,Salones de Belleza,Salon de Belleza
ChIJM4lwyY9oA4wRAQ1748AQk3Q,Platinum Salon by Marlene,Salones de Belleza,Cabello
ChIJ8c-XMkJoA4wRBKG9LPzrkJ0,Aba Beauty Lounge,Salones de Belleza,Salon de Belleza
ChIJ8c-XMkJoA4wRBKG9LPzrkJ0,Aba Beauty Lounge,Salones de Belleza,Cabello
ChIJg2aNu2_VHIwReeGcTRyqLcY,Eunelis Salón,Salones de Belleza,Salon de Belleza
ChIJg2aNu2_VHIwReeGcTRyqLcY,Eunelis Salón,Salones de Belleza,Cabello
ChIJuR_RxoRpA4wRpIASj6qFgdI,OM Studio,Salones de Belleza,Cuidado Capilar
ChIJ6VUUM-5pA4wRcwIqZZLQ3ro,QS Salon by José Quiñones,Salones de Belleza,Salon de Belleza
ChIJ6VUUM-5pA4wRcwIqZZLQ3ro,QS Salon by José Quiñones,Salones de Belleza,Cabello
ChIJ6wY4TpRoA4wROoNT391nukM,D'Glenys Mediterranean Salon & Spa,Spas,Salon de Belleza
ChIJ6wY4TpRoA4wROoNT391nukM,D'Glenys Mediterranean Salon & Spa,Spas,Cuidado Capilar
ChIJ8ziDQwNpA4wRhvHK_5hWNPg,Top Beauty Salon,Salones de Belleza,Salon de Belleza
ChIJ8ziDQwNpA4wRhvHK_5hWNPg,Top Beauty Salon,Salones de Belleza,Cabello
ChIJC0FoitDVHIwREvgkcH2csb8,Tropical Nails Ponce,Salones de Belleza,Salon de Belleza
ChIJC0FoitDVHIwREvgkcH2csb8,Tropical Nails Ponce,Salones de Belleza,Unas
ChIJIdILat_VHIwRrosxdNEo-_M,Marta Laracuente Salón,Salones de Belleza,Salon de Belleza
ChIJIdILat_VHIwRrosxdNEo-_M,Marta Laracuente Salón,Salones de Belleza,Cabello
ChIJq6qq6r7VHIwRzZpuCASgeZ8,Hair Salon By Mailene Rosa,Salones de Belleza,Salon de Belleza
ChIJq6qq6r7VHIwRzZpuCASgeZ8,Hair Salon By Mailene Rosa,Salones de Belleza,Cabello
ChIJk8a9HAZpA4wRVgmnY8BmLhY,Bloom,Salones de Belleza,Salon de Belleza
ChIJJUpQEUZvA4wRj09ZaFNr-Us,Esteban Montes Salon,Spas,Salon de Belleza
ChIJJUpQEUZvA4wRj09ZaFNr-Us,Esteban Montes Salon,Spas,Spa
ChIJY4TrxtbVHIwRWaTQfV--eaI,Dream Hair Studio by Yazmin Oriol,Salones de Belleza,Salon de Belleza
ChIJY4TrxtbVHIwRWaTQfV--eaI,Dream Hair Studio by Yazmin Oriol,Salones de Belleza,Cabello
ChIJRxyjqJksHYwR0faViEksw_o,Alta Peluquería By Jary Medina,Salones de Belleza,Salon de Belleza
ChIJ3aTfnlJMHYwRdWPXcdzNngk,Salón de Belleza Vilmarie,Salones de Belleza,Salon de Belleza
ChIJ3aTfnlJMHYwRdWPXcdzNngk,Salón de Belleza Vilmarie,Salones de Belleza,Cuidado Capilar
ChIJ3aTfnlJMHYwRdWPXcdzNngk,Salón de Belleza Vilmarie,Salones de Belleza,Cabello
ChIJt1ey9YXVHIwRIaxLdm5j5WQ,AP Salon by Alberto Pacheco,Salones de Belleza,Salon de Belleza
ChIJt1ey9YXVHIwRIaxLdm5j5WQ,AP Salon by Alberto Pacheco,Salones de Belleza,Cabello
ChIJbzS3fQpqA4wRio3P7xdcGwM,Siempre Diva Salon,Salones de Belleza,Salon de Belleza
ChIJbzS3fQpqA4wRio3P7xdcGwM,Siempre Diva Salon,Salones de Belleza,Cabello
ChIJPYG3IudBA4wR_nJ0gIhLIls,Olga's Hair Designs,Salones de Belleza,Salon de Belleza
ChIJPYG3IudBA4wR_nJ0gIhLIls,Olga's Hair Designs,Salones de Belleza,Cabello
ChIJkwFTDMbVHIwRKdQNqGg5jcs,BVMedAesthetic.Salon.Spa,Spas,Spa
ChIJ9zTWkHLnAowR1M79GZXUWcI,Blue Angel Salon,Salones de Belleza,Salon de Belleza
ChIJ9zTWkHLnAowR1M79GZXUWcI,Blue Angel Salon,Salones de Belleza,Cabello
ChIJQ4xuEQ4qHYwRdgxDw_lDfoA,Hairstudio by Agustín,Salones de Belleza,Cuidado Capilar
ChIJQ4xuEQ4qHYwRdgxDw_lDfoA,Hairstudio by Agustín,Salones de Belleza,Bienestar
ChIJQ4xuEQ4qHYwRdgxDw_lDfoA,Hairstudio by Agustín,Salones de Belleza,Cabello
ChIJJckVYGpbA4wRcCVj12ELM1c,Coach D Bellezza Salon,Salones de Belleza,Salon de Belleza
ChIJJckVYGpbA4wRcCVj12ELM1c,Coach D Bellezza Salon,Salones de Belleza,Cabello
ChIJ1eOWSJsUA4wR2ZVklkDmdaI,Elsas Salon Spa,Spas,Salon de Belleza
ChIJ1eOWSJsUA4wR2ZVklkDmdaI,Elsas Salon Spa,Spas,Spa
ChIJ0cmbHiLTHIwREeGjeICEUPg,AFD Salon & Nailbar by Shio,Salones de Belleza,Cuidado Capilar
ChIJ0cmbHiLTHIwREeGjeICEUPg,AFD Salon & Nailbar by Shio,Salones de Belleza,Unas
ChIJ0cmbHiLTHIwREeGjeICEUPg,AFD Salon & Nailbar by Shio,Salones de Belleza,Cabello
ChIJz_cT2A0qHYwROES6j5n0oE8,Only For Men,Salones de Belleza,Cuidado Capilar
ChIJz_cT2A0qHYwROES6j5n0oE8,Only For Men,Salones de Belleza,Bienestar
ChIJGx1lKwwqHYwRZ5tjt2A8PJY,Bengie Men's Hair Stylist,Salones de Belleza,Cuidado Capilar
ChIJGx1lKwwqHYwRZ5tjt2A8PJY,Bengie Men's Hair Stylist,Salones de Belleza,Bienestar
ChIJGx1lKwwqHYwRZ5tjt2A8PJY,Bengie Men's Hair Stylist,Salones de Belleza,Cabello
ChIJw1a7UgArHYwRt3FwRgStFhw,Meyson Luxe Barber Studio,Barberias,Cuidado Capilar
ChIJw1a7UgArHYwRt3FwRgStFhw,Meyson Luxe Barber Studio,Barberias,Bienestar
ChIJw1a7UgArHYwRt3FwRgStFhw,Meyson Luxe Barber Studio,Barberias,Cortes
ChIJ-zVLZX7VHIwRJ1U-6HCLpMI,Barberia Estilo Bless You,Barberias,Cuidado Capilar
ChIJ-zVLZX7VHIwRJ1U-6HCLpMI,Barberia Estilo Bless You,Barberias,Bienestar
ChIJ-zVLZX7VHIwRJ1U-6HCLpMI,Barberia Estilo Bless You,Barberias,Cortes
ChIJk-iMV0EqHYwRGtL4SMbIAf4,Barberia JC's Style,Barberias,Cuidado Capilar
ChIJk-iMV0EqHYwRGtL4SMbIAf4,Barberia JC's Style,Barberias,Cortes
ChIJc4ZaqkEqHYwRqrzWmuMelQc,House of Style,Salones de Belleza,Cuidado Capilar
ChIJc4ZaqkEqHYwRqrzWmuMelQc,House of Style,Salones de Belleza,Bienestar
ChIJ9Uy5GOIrHYwRxtOGCvn5yL8,Barber House,Barberias,Cuidado Capilar
ChIJ9Uy5GOIrHYwRxtOGCvn5yL8,Barber House,Barberias,Bienestar
ChIJ9Uy5GOIrHYwRxtOGCvn5yL8,Barber House,Barberias,Cortes
ChIJx3McrybVHIwRh8WrlaiA0lU,Barbería Rey,Barberias,Cuidado Capilar
ChIJx3McrybVHIwRh8WrlaiA0lU,Barbería Rey,Barberias,Bienestar
ChIJx3McrybVHIwRh8WrlaiA0lU,Barbería Rey,Barberias,Cortes
ChIJq7nPPiTVHIwRMm1zAG6kP-E,Mr. B,Salones de Belleza,Cuidado Capilar
ChIJq7nPPiTVHIwRMm1zAG6kP-E,Mr. B,Salones de Belleza,Bienestar
ChIJf8Ixx14rHYwRZWnx8X4RPHQ,Who's Next Barber Shop,Barberias,Cuidado Capilar
ChIJf8Ixx14rHYwRZWnx8X4RPHQ,Who's Next Barber Shop,Barberias,Bienestar
ChIJf8Ixx14rHYwRZWnx8X4RPHQ,Who's Next Barber Shop,Barberias,Cortes
ChIJhcfKNikqHYwRj_P66p1wGnk,Pipo's Xpert Cuts,Salones de Belleza,Salon de Belleza
ChIJhcfKNikqHYwRj_P66p1wGnk,Pipo's Xpert Cuts,Salones de Belleza,Cuidado Capilar
ChIJhcfKNikqHYwRj_P66p1wGnk,Pipo's Xpert Cuts,Salones de Belleza,Bienestar
ChIJ9SCa_XQrHYwRGJ0dxukmJrw,Golden Crown Barber Shop,Barberias,Cuidado Capilar
ChIJ9SCa_XQrHYwRGJ0dxukmJrw,Golden Crown Barber Shop,Barberias,Bienestar
ChIJ9SCa_XQrHYwRGJ0dxukmJrw,Golden Crown Barber Shop,Barberias,Cortes
ChIJ08HgMCZvA4wRn9wGvHzlNGE,Mr Barbero Barber Shop,Barberias,Cuidado Capilar
ChIJ08HgMCZvA4wRn9wGvHzlNGE,Mr Barbero Barber Shop,Barberias,Bienestar
ChIJ08HgMCZvA4wRn9wGvHzlNGE,Mr Barbero Barber Shop,Barberias,Cortes
ChIJdWtTIojVHIwR0zepe0-JKDg,Barberia Waco,Barberias,Cuidado Capilar
ChIJdWtTIojVHIwR0zepe0-JKDg,Barberia Waco,Barberias,Bienestar
ChIJdWtTIojVHIwR0zepe0-JKDg,Barberia Waco,Barberias,Cortes
ChIJw8Hhur0rHYwRCaFCsNDW8dU,THE BARBER OF CHANGE,Barberias,Cuidado Capilar
ChIJw8Hhur0rHYwRCaFCsNDW8dU,THE BARBER OF CHANGE,Barberias,Bienestar
ChIJw8Hhur0rHYwRCaFCsNDW8dU,THE BARBER OF CHANGE,Barberias,Cortes
ChIJj8xUzIMrHYwROgMws0kBns4,High Class Barbershop,Barberias,Cuidado Capilar
ChIJj8xUzIMrHYwROgMws0kBns4,High Class Barbershop,Barberias,Bienestar
ChIJj8xUzIMrHYwROgMws0kBns4,High Class Barbershop,Barberias,Cortes
ChIJvyDABucrHYwRExvwLBa3YB4,Jaimito Barber,Barberias,Cuidado Capilar
ChIJvyDABucrHYwRExvwLBa3YB4,Jaimito Barber,Barberias,Bienestar
ChIJvyDABucrHYwRExvwLBa3YB4,Jaimito Barber,Barberias,Cortes
ChIJDxqx0YUtHYwRO8xa-0SKk38,Pueblito Barber Shop,Barberias,Cuidado Capilar
ChIJDxqx0YUtHYwRO8xa-0SKk38,Pueblito Barber Shop,Barberias,Bienestar
ChIJDxqx0YUtHYwRO8xa-0SKk38,Pueblito Barber Shop,Barberias,Cortes
ChIJd_k0t5grHYwRpMhnXYOzJxY,Prestige Salon,Salones de Belleza,Cuidado Capilar
ChIJd_k0t5grHYwRpMhnXYOzJxY,Prestige Salon,Salones de Belleza,Bienestar
ChIJd_k0t5grHYwRpMhnXYOzJxY,Prestige Salon,Salones de Belleza,Cabello
ChIJL0TNq4fVHIwRAHYIULztGrU,JI Hair Studio,Salones de Belleza,Cuidado Capilar
ChIJL0TNq4fVHIwRAHYIULztGrU,JI Hair Studio,Salones de Belleza,Bienestar
ChIJL0TNq4fVHIwRAHYIULztGrU,JI Hair Studio,Salones de Belleza,Cabello
ChIJfcLW4XQqHYwRGqJbIQ-5PzQ,Genius Cuts,Salones de Belleza,Cuidado Capilar
ChIJfcLW4XQqHYwRGqJbIQ-5PzQ,Genius Cuts,Salones de Belleza,Bienestar
ChIJif-L6ufVHIwRDwzSNUAvV_o,Brandi Barber Shop,Barberias,Cuidado Capilar
ChIJif-L6ufVHIwRDwzSNUAvV_o,Brandi Barber Shop,Barberias,Bienestar
ChIJif-L6ufVHIwRDwzSNUAvV_o,Brandi Barber Shop,Barberias,Cortes
ChIJz--nNkpvA4wR9NQ0YK4M4g4,Santurce La Barberia salón,Barberias,Cuidado Capilar
ChIJz--nNkpvA4wR9NQ0YK4M4g4,Santurce La Barberia salón,Barberias,Bienestar
ChIJz--nNkpvA4wR9NQ0YK4M4g4,Santurce La Barberia salón,Barberias,Cortes
ChIJxYBXgiFqA4wRFFyznpKsyIQ,Gentleman's Barber Shop Bayamon Puerto Rico,Barberias,Cuidado Capilar
ChIJxYBXgiFqA4wRFFyznpKsyIQ,Gentleman's Barber Shop Bayamon Puerto Rico,Barberias,Bienestar
ChIJxYBXgiFqA4wRFFyznpKsyIQ,Gentleman's Barber Shop Bayamon Puerto Rico,Barberias,Cortes
ChIJXc72TNbVHIwR88q1jTbWX5k,Cut N Shave by Xavier,Salones de Belleza,Cuidado Capilar
ChIJXc72TNbVHIwR88q1jTbWX5k,Cut N Shave by Xavier,Salones de Belleza,Bienestar
ChIJozQDgzdvA4wR6VjuCvC6CK0,Barbería CalleLoiza,Barberias,Cuidado Capilar
ChIJozQDgzdvA4wR6VjuCvC6CK0,Barbería CalleLoiza,Barberias,Bienestar
ChIJozQDgzdvA4wR6VjuCvC6CK0,Barbería CalleLoiza,Barberias,Cortes
ChIJQW0BXzxqA4wRGq0mJ6ZPnUg,Final Touch Barber Shop,Barberias,Cuidado Capilar
ChIJQW0BXzxqA4wRGq0mJ6ZPnUg,Final Touch Barber Shop,Barberias,Bienestar
ChIJQW0BXzxqA4wRGq0mJ6ZPnUg,Final Touch Barber Shop,Barberias,Cortes
ChIJO9pEsITVHIwR_UPG8BMRpyc,Belac Barber Studio,Barberias,Cuidado Capilar
ChIJO9pEsITVHIwR_UPG8BMRpyc,Belac Barber Studio,Barberias,Bienestar
ChIJO9pEsITVHIwR_UPG8BMRpyc,Belac Barber Studio,Barberias,Cortes
ChIJWwxM5KErHYwRWhLYPl7fZhw,Hernan Hair Design,Salones de Belleza,Cuidado Capilar
ChIJWwxM5KErHYwRWhLYPl7fZhw,Hernan Hair Design,Salones de Belleza,Bienestar
ChIJWwxM5KErHYwRWhLYPl7fZhw,Hernan Hair Design,Salones de Belleza,Cabello
ChIJBZp6egDVHIwR9WWOg-1T0hI,Max Supercuts Barberia Unisex,Barberias,Cuidado Capilar
ChIJBZp6egDVHIwR9WWOg-1T0hI,Max Supercuts Barberia Unisex,Barberias,Bienestar
ChIJBZp6egDVHIwR9WWOg-1T0hI,Max Supercuts Barberia Unisex,Barberias,Cortes
ChIJ8YTc637VHIwRZ8D1l5WwyRk,MBS (Memo Barber Stylist),Barberias,Cuidado Capilar
ChIJ8YTc637VHIwRZ8D1l5WwyRk,MBS (Memo Barber Stylist),Barberias,Bienestar
ChIJ8YTc637VHIwRZ8D1l5WwyRk,MBS (Memo Barber Stylist),Barberias,Cortes
ChIJ55C6MYDVHIwRKX0D9JITDKY,Glass Barber Shop LXIV,Barberias,Cuidado Capilar
ChIJ55C6MYDVHIwRKX0D9JITDKY,Glass Barber Shop LXIV,Barberias,Bienestar
ChIJ55C6MYDVHIwRKX0D9JITDKY,Glass Barber Shop LXIV,Barberias,Cortes
ChIJrY6pJYnVHIwRS6L7cEIZTiM,Blessed Barbershop,Barberias,Cuidado Capilar
ChIJrY6pJYnVHIwRS6L7cEIZTiM,Blessed Barbershop,Barberias,Bienestar
ChIJrY6pJYnVHIwRS6L7cEIZTiM,Blessed Barbershop,Barberias,Cortes
ChIJ5VwP1hnVHIwRZDEEHLEah24,Howard's Barber Shop,Barberias,Cuidado Capilar
ChIJ5VwP1hnVHIwRZDEEHLEah24,Howard's Barber Shop,Barberias,Bienestar
ChIJ5VwP1hnVHIwRZDEEHLEah24,Howard's Barber Shop,Barberias,Cortes
ChIJcT7umLQrHYwRTS9946hUB7c,B-Barber-Spot,Barberias,Cuidado Capilar
ChIJcT7umLQrHYwRTS9946hUB7c,B-Barber-Spot,Barberias,Bienestar
ChIJcT7umLQrHYwRTS9946hUB7c,B-Barber-Spot,Barberias,Cortes
ChIJO1xwWYHVHIwRheUvTtEEEUU,Pito urbans cuts,Salones de Belleza,Cuidado Capilar
ChIJO1xwWYHVHIwRheUvTtEEEUU,Pito urbans cuts,Salones de Belleza,Bienestar
ChIJqfaha7vVHIwRMP3GjUCCuu0,Jerome's Barber Shop Unisex,Barberias,Cuidado Capilar
ChIJqfaha7vVHIwRMP3GjUCCuu0,Jerome's Barber Shop Unisex,Barberias,Bienestar
ChIJqfaha7vVHIwRMP3GjUCCuu0,Jerome's Barber Shop Unisex,Barberias,Cortes
ChIJxa-uoBEqHYwRp1jxS-GSMvM,Cris Hair Stylist,Salones de Belleza,Cuidado Capilar
ChIJxa-uoBEqHYwRp1jxS-GSMvM,Cris Hair Stylist,Salones de Belleza,Bienestar
ChIJxa-uoBEqHYwRp1jxS-GSMvM,Cris Hair Stylist,Salones de Belleza,Cabello
ChIJ035c0JssHYwRJtkt7Hrmp8Q,Barbería Peñolana,Barberias,Cuidado Capilar
ChIJ035c0JssHYwRJtkt7Hrmp8Q,Barbería Peñolana,Barberias,Bienestar
ChIJ035c0JssHYwRJtkt7Hrmp8Q,Barbería Peñolana,Barberias,Cortes
ChIJW5x2Sy1mA4wRdEKjCyVNgR4,Dynasty Puerto Rico,Salones de Belleza,Salon de Belleza
ChIJW5x2Sy1mA4wRdEKjCyVNgR4,Dynasty Puerto Rico,Salones de Belleza,Cuidado Capilar
ChIJW5x2Sy1mA4wRdEKjCyVNgR4,Dynasty Puerto Rico,Salones de Belleza,Bienestar
ChIJc4WfZEnVHIwRnV4Z1bDkxqo,Barbosa Barber Spot,Barberias,Cuidado Capilar
ChIJc4WfZEnVHIwRnV4Z1bDkxqo,Barbosa Barber Spot,Barberias,Bienestar
ChIJc4WfZEnVHIwRnV4Z1bDkxqo,Barbosa Barber Spot,Barberias,Cortes
ChIJzbpp73vnAowREYy0SbqPvwg,Don Barbero,Barberias,Cuidado Capilar
ChIJzbpp73vnAowREYy0SbqPvwg,Don Barbero,Barberias,Bienestar
ChIJzbpp73vnAowREYy0SbqPvwg,Don Barbero,Barberias,Cortes
ChIJr1LzY77VHIwRyiBiAHxnJQA,Diamond Cutz By Jero Barber,Barberias,Cuidado Capilar
ChIJr1LzY77VHIwRyiBiAHxnJQA,Diamond Cutz By Jero Barber,Barberias,Bienestar
ChIJr1LzY77VHIwRyiBiAHxnJQA,Diamond Cutz By Jero Barber,Barberias,Cortes
ChIJEcOHAw3VHIwR0HqU92-clH0,Waco barbería,Barberias,Cuidado Capilar
ChIJEcOHAw3VHIwR0HqU92-clH0,Waco barbería,Barberias,Bienestar
ChIJEcOHAw3VHIwR0HqU92-clH0,Waco barbería,Barberias,Cortes
ChIJBdm6qtfTAowR8dNfkpP9xnQ,Cebrero Barbershop 💈,Barberias,Cuidado Capilar
ChIJBdm6qtfTAowR8dNfkpP9xnQ,Cebrero Barbershop 💈,Barberias,Bienestar
ChIJBdm6qtfTAowR8dNfkpP9xnQ,Cebrero Barbershop 💈,Barberias,Cortes
ChIJx1W9mJMrHYwRfMDCF0AQhiM,Barberia Morell Campos,Barberias,Cuidado Capilar
ChIJx1W9mJMrHYwRfMDCF0AQhiM,Barberia Morell Campos,Barberias,Bienestar
ChIJx1W9mJMrHYwRfMDCF0AQhiM,Barberia Morell Campos,Barberias,Cortes
ChIJw879lMFoA4wREIPRYoEZs5U,The Barbershop,Barberias,Cuidado Capilar
ChIJw879lMFoA4wREIPRYoEZs5U,The Barbershop,Barberias,Bienestar
ChIJw879lMFoA4wREIPRYoEZs5U,The Barbershop,Barberias,Cortes
ChIJl9IOLwArHYwR1YNReE8_TUg,Lefranc Salon de Beaute by Carmen L.,Salones de Belleza,Cuidado Capilar
ChIJl9IOLwArHYwR1YNReE8_TUg,Lefranc Salon de Beaute by Carmen L.,Salones de Belleza,Cabello
ChIJLfo7DgYrHYwREWvw2kN1cOw,NandielStudio,Salones de Belleza,Cuidado Capilar
ChIJLfo7DgYrHYwREWvw2kN1cOw,NandielStudio,Salones de Belleza,Bienestar
ChIJuxF1DQDVHIwRxlDkd-dBP-4,Barbería Stilo,Barberias,Cuidado Capilar
ChIJuxF1DQDVHIwRxlDkd-dBP-4,Barbería Stilo,Barberias,Bienestar
ChIJuxF1DQDVHIwRxlDkd-dBP-4,Barbería Stilo,Barberias,Cortes
ChIJ-exOAZ7THIwR1vLwQFtXhsQ,Fresh Urban Cut,Salones de Belleza,Cuidado Capilar
ChIJ-exOAZ7THIwR1vLwQFtXhsQ,Fresh Urban Cut,Salones de Belleza,Bienestar
ChIJrzCgJsArHYwRgUsSApVgZTk,Adam's Hair Stylistt,Salones de Belleza,Cuidado Capilar
ChIJrzCgJsArHYwRgUsSApVgZTk,Adam's Hair Stylistt,Salones de Belleza,Bienestar
ChIJrzCgJsArHYwRgUsSApVgZTk,Adam's Hair Stylistt,Salones de Belleza,Cabello
ChIJQ7IciobVHIwRmfHiNSQvb0U,Urbans Cuts,Salones de Belleza,Cuidado Capilar
ChIJQ7IciobVHIwRmfHiNSQvb0U,Urbans Cuts,Salones de Belleza,Bienestar
ChIJSfS47UDTAowRxZRW_Wi2awU,KR.BarberStudio,Barberias,Cuidado Capilar
ChIJSfS47UDTAowRxZRW_Wi2awU,KR.BarberStudio,Barberias,Bienestar
ChIJSfS47UDTAowRxZRW_Wi2awU,KR.BarberStudio,Barberias,Cortes
ChIJFbtoxFnVHIwRV-bv8mf1o3A,Michael barber PR,Barberias,Cuidado Capilar
ChIJFbtoxFnVHIwRV-bv8mf1o3A,Michael barber PR,Barberias,Bienestar
ChIJFbtoxFnVHIwRV-bv8mf1o3A,Michael barber PR,Barberias,Cortes
ChIJydEbBzYyHYwRhWbMSclRcFU,KC Studio,Salones de Belleza,Cuidado Capilar
ChIJydEbBzYyHYwRhWbMSclRcFU,KC Studio,Salones de Belleza,Bienestar
ChIJfxvTgavUHIwRJb9O-8keQG4,Barberia Mi Barrio,Barberias,Cuidado Capilar
ChIJfxvTgavUHIwRJb9O-8keQG4,Barberia Mi Barrio,Barberias,Bienestar
ChIJfxvTgavUHIwRJb9O-8keQG4,Barberia Mi Barrio,Barberias,Cortes
ChIJsZkohejVHIwRZWb61x7Niag,Ayala Barber Shop,Barberias,Cortes
ChIJx6A8JMtBA4wRyeyiSjG3EUw,Style Zone,Salones de Belleza,Cuidado Capilar
ChIJx6A8JMtBA4wRyeyiSjG3EUw,Style Zone,Salones de Belleza,Bienestar
ChIJ55C6MYDVHIwRyLzOoZU_Cwo,Vita Barber,Barberias,Cuidado Capilar
ChIJ55C6MYDVHIwRyLzOoZU_Cwo,Vita Barber,Barberias,Bienestar
ChIJ55C6MYDVHIwRyLzOoZU_Cwo,Vita Barber,Barberias,Cortes
ChIJsyXXI03THIwRDKd_zd32HJ4,Geño Barber Exprexx,Barberias,Cuidado Capilar
ChIJsyXXI03THIwRDKd_zd32HJ4,Geño Barber Exprexx,Barberias,Bienestar
ChIJsyXXI03THIwRDKd_zd32HJ4,Geño Barber Exprexx,Barberias,Cortes
ChIJRTnSmitAA4wRMeIADv5O3xc,The Barbershop Hair Xchange,Barberias,Salon de Belleza
ChIJRTnSmitAA4wRMeIADv5O3xc,The Barbershop Hair Xchange,Barberias,Cuidado Capilar
ChIJRTnSmitAA4wRMeIADv5O3xc,The Barbershop Hair Xchange,Barberias,Bienestar
ChIJRTnSmitAA4wRMeIADv5O3xc,The Barbershop Hair Xchange,Barberias,Tienda
ChIJRTnSmitAA4wRMeIADv5O3xc,The Barbershop Hair Xchange,Barberias,Cortes
ChIJZ5F8X4TVHIwRklIFD9jWaJs,Vanity Salon,Spas,Salon de Belleza
ChIJZ5F8X4TVHIwRklIFD9jWaJs,Vanity Salon,Spas,Cuidado Capilar
ChIJZ5F8X4TVHIwRklIFD9jWaJs,Vanity Salon,Spas,Bienestar
ChIJZ5F8X4TVHIwRklIFD9jWaJs,Vanity Salon,Spas,Spa
ChIJe-ORMrbLHIwRqFl4xEkDox4,Asicalao Barbería,Barberias,Cuidado Capilar
ChIJe-ORMrbLHIwRqFl4xEkDox4,Asicalao Barbería,Barberias,Bienestar
ChIJe-ORMrbLHIwRqFl4xEkDox4,Asicalao Barbería,Barberias,Cortes
ChIJS8LOEK0hA4wRPpdxZ18_8TM,Barbería Cuco Style,Barberias,Cuidado Capilar
ChIJS8LOEK0hA4wRPpdxZ18_8TM,Barbería Cuco Style,Barberias,Bienestar
ChIJS8LOEK0hA4wRPpdxZ18_8TM,Barbería Cuco Style,Barberias,Cortes
ChIJlWoeph_THIwRU_3GNegpdic,Peluqueria Per Capelli,Spas,Salon de Belleza
ChIJlWoeph_THIwRU_3GNegpdic,Peluqueria Per Capelli,Spas,Cuidado Capilar
ChIJlWoeph_THIwRU_3GNegpdic,Peluqueria Per Capelli,Spas,Bienestar
ChIJlWoeph_THIwRU_3GNegpdic,Peluqueria Per Capelli,Spas,Spa
ChIJlWoeph_THIwRU_3GNegpdic,Peluqueria Per Capelli,Spas,Tienda
ChIJpwieSrJpA4wRlRwC63fScqE,Barberia 304,Barberias,Cuidado Capilar
ChIJpwieSrJpA4wRlRwC63fScqE,Barberia 304,Barberias,Bienestar
ChIJpwieSrJpA4wRlRwC63fScqE,Barberia 304,Barberias,Cortes
ChIJ6TrRwuFBA4wRlo1UxOT-C3s,Allende & Ariel's Barber Shop,Barberias,Cuidado Capilar
ChIJ6TrRwuFBA4wRlo1UxOT-C3s,Allende & Ariel's Barber Shop,Barberias,Bienestar
ChIJ6TrRwuFBA4wRlo1UxOT-C3s,Allende & Ariel's Barber Shop,Barberias,Cortes
ChIJ1cRRcQDTHIwRGGsJ63w8vG8,High Quality Barber Shop,Barberias,Cuidado Capilar
ChIJ1cRRcQDTHIwRGGsJ63w8vG8,High Quality Barber Shop,Barberias,Bienestar
ChIJ1cRRcQDTHIwRGGsJ63w8vG8,High Quality Barber Shop,Barberias,Cortes
ChIJg-vk-7HLHIwRDPLfczms180,New Generation Barbershop,Barberias,Cuidado Capilar
ChIJg-vk-7HLHIwRDPLfczms180,New Generation Barbershop,Barberias,Bienestar
ChIJg-vk-7HLHIwRDPLfczms180,New Generation Barbershop,Barberias,Cortes
ChIJtU11fdPMHIwRADvAyXwK93s,Aguas Termales de Coamo,Spas,Bienestar
ChIJtU11fdPMHIwRADvAyXwK93s,Aguas Termales de Coamo,Spas,Spa
ChIJc0mc43pvA4wR27p0nkd3Ptg,Cloud Spa,Spas,Salon de Belleza
ChIJc0mc43pvA4wR27p0nkd3Ptg,Cloud Spa,Spas,Cuidado Capilar
ChIJc0mc43pvA4wR27p0nkd3Ptg,Cloud Spa,Spas,Spa
ChIJD1fFKvJoA4wRchsHOiK8rlA,Nouvelle D'Spa - San Juan,Spas,Spa
ChIJJ_LoAYoTA4wRKe6uvdmFCfc,The Ritz Carlton Reserve SPA Botánico,Spas,Spa
ChIJE_5y2jtvA4wRLA0HTDjfRII,The Spa at Condado Vanderbilt,Spas,Spa
ChIJkYwRljlvA4wR8zWTw-6GlS0,Euforia Spa Center,Spas,Spa
ChIJidcWOocUA4wRpekJocw5lKA,Nouvelle D'Spa,Spas,Spa
ChIJ5QG8-TllA4wReF_EEAWNB1g,Zen Spa Brisas,Spas,Spa
ChIJA56XgjlvA4wRdt8n3ZXniB4,Zen Spa,Spas,Salon de Belleza
ChIJA56XgjlvA4wRdt8n3ZXniB4,Zen Spa,Spas,Spa
ChIJdR79XvRpA4wR_SeFAAXM88E,Soul Spa Wellness Center,Gimnasios,Salon de Belleza
ChIJdR79XvRpA4wR_SeFAAXM88E,Soul Spa Wellness Center,Gimnasios,Gimnasio General
ChIJdR79XvRpA4wR_SeFAAXM88E,Soul Spa Wellness Center,Gimnasios,Bienestar
ChIJdR79XvRpA4wR_SeFAAXM88E,Soul Spa Wellness Center,Gimnasios,Spa
ChIJdR79XvRpA4wR_SeFAAXM88E,Soul Spa Wellness Center,Gimnasios,Tienda
ChIJX8E0etlnA4wRAPE1I2Z6kjs,Well & Being Spa at Fairmont El San Juan Hotel,Spas,Salon de Belleza
ChIJX8E0etlnA4wRAPE1I2Z6kjs,Well & Being Spa at Fairmont El San Juan Hotel,Spas,Cuidado Capilar
ChIJX8E0etlnA4wRAPE1I2Z6kjs,Well & Being Spa at Fairmont El San Juan Hotel,Spas,Bienestar
ChIJX8E0etlnA4wRAPE1I2Z6kjs,Well & Being Spa at Fairmont El San Juan Hotel,Spas,Spa
ChIJX8E0etlnA4wRAPE1I2Z6kjs,Well & Being Spa at Fairmont El San Juan Hotel,Spas,Tienda
ChIJ94lMZilpZ2wRK4aYq6ZvGeU,Ocean Pearl Wellness & Spa,Spas,Spa
ChIJ94lMZilpZ2wRK4aYq6ZvGeU,Ocean Pearl Wellness & Spa,Spas,Wellness
ChIJ84RKnprVHIwR3mgUjxup9Do,Divine Spa,Spas,Spa
ChIJBbfoOgDVHIwR3qlXzzOk410,Indira spa,Spas,Spa
ChIJhwT0zkPXHIwRxp_tEplfryo,Spa en Ponce / D'Massage by Adara Miquel,Spas,Spa
ChIJhwT0zkPXHIwRxp_tEplfryo,Spa en Ponce / D'Massage by Adara Miquel,Spas,Masajes
ChIJtWbOFKxvA4wRe5zjmWQ-5qw,Zen Spa Oceano at Caribe Hilton,Spas,Salon de Belleza
ChIJtWbOFKxvA4wRe5zjmWQ-5qw,Zen Spa Oceano at Caribe Hilton,Spas,Cuidado Capilar
ChIJtWbOFKxvA4wRe5zjmWQ-5qw,Zen Spa Oceano at Caribe Hilton,Spas,Spa
ChIJjZ-uUtpOA4wRC3eAHm0miT4,Copamarina Beach Resort & Spa,Spas,Spa
ChIJjZ-uUtpOA4wRC3eAHm0miT4,Copamarina Beach Resort & Spa,Spas,Tienda
ChIJR5gEQpLVHIwR3ucSnVnSuHU,Aqua Colon Spa,Spas,Spa
ChIJI4y2GQFpA4wRIBP_Zlx_jqU,Zen Spa San Patricio,Spas,Spa
ChIJKXBNqjbVHIwRvQlc2TMfKDg,Serenity Head Spa,Spas,Spa
ChIJkVJyBT9mA4wRKd4kMSVgIiI,Nouvelle D'Spa Boutique,Spas,Spa
ChIJ6TvcTMXTHIwRR5MrsW8ua84,Browfox Ponce,Spas,Salon de Belleza
ChIJ6TvcTMXTHIwRR5MrsW8ua84,Browfox Ponce,Spas,Cuidado Capilar
ChIJ6TvcTMXTHIwRR5MrsW8ua84,Browfox Ponce,Spas,Bienestar
ChIJ6TvcTMXTHIwRR5MrsW8ua84,Browfox Ponce,Spas,Spa
ChIJbRPe-HGzAowRtWPwVwe4rSM,Esencia Spa By Grace,Spas,Spa
ChIJhX3NTNkpA4wRCQgyOg91N6U,Sohest Spa,Spas,Spa
ChIJyVAmenTnAowRl-8W48XUy4Y,Sole y Luna Spa & Wellness Center,Spas,Spa
ChIJyVAmenTnAowRl-8W48XUy4Y,Sole y Luna Spa & Wellness Center,Spas,Wellness
ChIJPRtUz5bVHIwRNwVgomT3nuo,MarColley Spa & Salón,Spas,Spa
ChIJ2dslkb8ZA4wRP4VpH-sBWS8,Renova Spa,Spas,General
ChIJhzCPx_AfA4wR7QmTVPLgwlQ,Ikigai Wellness SPA,Spas,Bienestar
ChIJhzCPx_AfA4wR7QmTVPLgwlQ,Ikigai Wellness SPA,Spas,Wellness
ChIJVV9TvvHFAowRaIWn_Oe6t8k,ESSENZE SPA,Spas,Spa
ChIJF3S4knnVHIwRKbqvqIc6mSE,Zāin Skin Clinic,Spas,Salon de Belleza
ChIJF3S4knnVHIwRKbqvqIc6mSE,Zāin Skin Clinic,Spas,Cuidado Capilar
ChIJF3S4knnVHIwRKbqvqIc6mSE,Zāin Skin Clinic,Spas,Spa
ChIJF3S4knnVHIwRKbqvqIc6mSE,Zāin Skin Clinic,Spas,Faciales
ChIJs3asWAAXA4wRnYLlhMskfUQ,Nat Spa & Wellness Center,Spas,Spa
ChIJs3asWAAXA4wRnYLlhMskfUQ,Nat Spa & Wellness Center,Spas,Wellness
ChIJdeQuYfXYAowRs-Ck1E36AvM,Casa Grande Mountain Retreat (for adults 18yrs+),Spas,Bienestar
ChIJb_x-IprVHIwR0KW_UexuBYA,Glamroom Lash and Brow Studio,Spas,Spa
ChIJlees88VEA4wRSarI6I0KqGU,Beautiful Body Esthetic & Spa Caguas,Spas,Spa
ChIJzdOX5xQrHYwRxl-F_WKym_8,Jk Esthetic Spa,Spas,General
ChIJMcomXifVHIwRbG4OLwRe3Js,Deja Vu by Yomari,Spas,Salon de Belleza
ChIJMcomXifVHIwRbG4OLwRe3Js,Deja Vu by Yomari,Spas,Cuidado Capilar
ChIJMcomXifVHIwRbG4OLwRe3Js,Deja Vu by Yomari,Spas,Bienestar
ChIJMcomXifVHIwRbG4OLwRe3Js,Deja Vu by Yomari,Spas,Spa
ChIJx6k1twErHYwR9oRl-nenMEM,L ' AnnMar Esthetic Wellness Spa,Spas,Spa
ChIJx6k1twErHYwR9oRl-nenMEM,L ' AnnMar Esthetic Wellness Spa,Spas,Wellness
ChIJV0WZLyUyHYwRMwvceOYGto8,Majestic Beauty & Spa,Spas,Salon de Belleza
ChIJV0WZLyUyHYwRMwvceOYGto8,Majestic Beauty & Spa,Spas,Spa
ChIJfdzY5CZqA4wRhmv4PqaHVtg,Beautiful Body Esthetic & Spa,Spas,Spa
ChIJubKd9szVHIwRxLCjg9vDKJU,Healing Hands Aesthetics,Esteticas,Faciales
ChIJs1bbPSbVHIwR1w4pQlmKbgc,Bela Esthetic,Spas,Spa
ChIJz_sDbQArHYwR2MfNlqeUVDs,LAO WELLNESS SPA,Spas,Salon de Belleza
ChIJz_sDbQArHYwR2MfNlqeUVDs,LAO WELLNESS SPA,Spas,Wellness
ChIJZ-VqRrfVHIwRrJrJjx5_2hY,LaVie Esthetic & Spa,Spas,General
ChIJU6QRMdnTHIwRCa5YcDKGoC8,Aquarius Head Spa & Esthetic,Spas,General
ChIJR1LKzB0VA4wRbddyn1-WWNk,Beautiful Body Esthetic & Spa,Spas,Spa
ChIJozP1dVpoA4wR6dmQF0quvV8,Sherie Diaz Spa,Spas,Spa
ChIJXbP4LumzAowRgN_hNuXrGIk,MEDCLINIC LA EVOLUCIÓN DE LA ESTÉTICA,Spas,Salon de Belleza
ChIJXbP4LumzAowRgN_hNuXrGIk,MEDCLINIC LA EVOLUCIÓN DE LA ESTÉTICA,Spas,Spa
ChIJXbP4LumzAowRgN_hNuXrGIk,MEDCLINIC LA EVOLUCIÓN DE LA ESTÉTICA,Spas,Tienda
ChIJ-9UpPlfVHIwR657kJSWC_L0,Alquimia Med Spa,Spas,Salon de Belleza
ChIJ-9UpPlfVHIwR657kJSWC_L0,Alquimia Med Spa,Spas,Cuidado Capilar
ChIJ-9UpPlfVHIwR657kJSWC_L0,Alquimia Med Spa,Spas,Bienestar
ChIJ-9UpPlfVHIwR657kJSWC_L0,Alquimia Med Spa,Spas,Spa
ChIJ4cJOLyTVHIwR3qklK1mK2KE,"I care, relax... LLC (Estudio de masaje terapéutico)",Spas,Masajes
ChIJ4cJOLyTVHIwR3qklK1mK2KE,"I care, relax... LLC (Estudio de masaje terapéutico)",Spas,Wellness
ChIJA0Z4CxE7A4wRhpQ-O4Cfjbg,Unika Holistic Spa,Spas,General
ChIJp3WOp4AXA4wRttqCcUn-BLI,Belladonna Medical Wellness Vega Baja,Spas,Bienestar
ChIJp3WOp4AXA4wRttqCcUn-BLI,Belladonna Medical Wellness Vega Baja,Spas,Spa
ChIJp3WOp4AXA4wRttqCcUn-BLI,Belladonna Medical Wellness Vega Baja,Spas,Wellness
ChIJT2J1Ia7qAowRme5oxcJxbLs,Royal Isabela,Spas,General
ChIJW7fZisjVHIwRECzRYCMItII,The Science of Beauty,Spas,Bienestar
ChIJW7fZisjVHIwRECzRYCMItII,The Science of Beauty,Spas,Spa
ChIJq6XhVp5vA4wRAvvVq2XHZ4s,Elemara Spa and Salon,Spas,Spa
ChIJtQJiRuC_AowRrWEs1CqzAGM,Aposentos Spa Retreats,Spas,Spa
ChIJ0frhq0iZBIwREH6urKyBsMg,ChiSpa Massage & Bodyworks Studio,Spas,Spa
ChIJ0frhq0iZBIwREH6urKyBsMg,ChiSpa Massage & Bodyworks Studio,Spas,Masajes
ChIJQdDydk6ZBIwRZM9WG9_BqD0,Mandara Spa,Spas,Spa
ChIJcWkp9s6_AowRq5RmCz51r5I,Le Cute Princess Spa,Spas,Spa
ChIJ4bDpfcduA4wR7-q81FGWPAo,Anam Spa and Cocktail Lounge,Spas,Spa
ChIJszJc99ZvA4wRIm_FIW8A-sc,Nuovo Corpo Talaso Spa,Spas,Salon de Belleza
ChIJszJc99ZvA4wRIm_FIW8A-sc,Nuovo Corpo Talaso Spa,Spas,Bienestar
ChIJszJc99ZvA4wRIm_FIW8A-sc,Nuovo Corpo Talaso Spa,Spas,Spa
ChIJszJc99ZvA4wRIm_FIW8A-sc,Nuovo Corpo Talaso Spa,Spas,Tienda
ChIJDfUk4qZpA4wRCY9uJzBttyk,Blu Room Spa,Spas,Bienestar
ChIJDfUk4qZpA4wRCY9uJzBttyk,Blu Room Spa,Spas,Spa
ChIJ69mGHzJqA4wR6m2Fot3I_kM,Spa Skin Professionals & Assts.,Spas,Salon de Belleza
ChIJ69mGHzJqA4wR6m2Fot3I_kM,Spa Skin Professionals & Assts.,Spas,Spa
ChIJ69mGHzJqA4wR6m2Fot3I_kM,Spa Skin Professionals & Assts.,Spas,Faciales
ChIJf6l6Vv6_AowRY24_E7tQ-FQ,Heavenly Spa Isabela,Spas,Salon de Belleza
ChIJf6l6Vv6_AowRY24_E7tQ-FQ,Heavenly Spa Isabela,Spas,Spa
ChIJZbrqk5vVHIwRU8prrNPrD_4,KD SkinCare Studio,Spas,Spa
ChIJZbrqk5vVHIwRU8prrNPrD_4,KD SkinCare Studio,Spas,Faciales
ChIJKXHea5lpA4wRYBoOpExBZ3U,Le Clinique Esthetic & Spa,Spas,Salon de Belleza
ChIJKXHea5lpA4wRYBoOpExBZ3U,Le Clinique Esthetic & Spa,Spas,Cuidado Capilar
ChIJKXHea5lpA4wRYBoOpExBZ3U,Le Clinique Esthetic & Spa,Spas,Bienestar
ChIJKXHea5lpA4wRYBoOpExBZ3U,Le Clinique Esthetic & Spa,Spas,Spa
ChIJo-wfNyBvA4wRoeFPeGg0D_M,Vida Wellness Puerto Rico,Spas,Bienestar
ChIJo-wfNyBvA4wRoeFPeGg0D_M,Vida Wellness Puerto Rico,Spas,Spa
ChIJo-wfNyBvA4wRoeFPeGg0D_M,Vida Wellness Puerto Rico,Spas,Wellness
ChIJ9xJQsBmXBIwRDK1TVXeQdNw,El Conquistador Resort,Spas,General
ChIJ36FJ9b0UA4wRazE7Dh69UjM,Amasa Mobile Spa,Spas,General
ChIJzydwNZoUA4wRZ8Bj-x6PfM0,Dorado's Esthetic Center and Salon,Spas,Salon de Belleza
ChIJzydwNZoUA4wRZ8Bj-x6PfM0,Dorado's Esthetic Center and Salon,Spas,Cuidado Capilar
ChIJzydwNZoUA4wRZ8Bj-x6PfM0,Dorado's Esthetic Center and Salon,Spas,Bienestar
ChIJzydwNZoUA4wRZ8Bj-x6PfM0,Dorado's Esthetic Center and Salon,Spas,Spa
ChIJsWNecZsrHYwR93eGdvcKQHw,Innovation Medical Esthetic,Esteticas,Bienestar
ChIJsWNecZsrHYwR93eGdvcKQHw,Innovation Medical Esthetic,Esteticas,Faciales
ChIJ6aHI_mvVHIwRsncPmFU_1cM,Nath Esthetic Ponce,Esteticas,Faciales
ChIJ42DfT_YrHYwRcm-Wn7H2AXI,AN-ESTHETIC STUDIO,Esteticas,Faciales
ChIJCzj722hvA4wRFEMFQewjT-Q,Nika Beauty Center,Spas,Salon de Belleza
ChIJCzj722hvA4wRFEMFQewjT-Q,Nika Beauty Center,Spas,Cuidado Capilar
ChIJCzj722hvA4wRFEMFQewjT-Q,Nika Beauty Center,Spas,Bienestar
ChIJCzj722hvA4wRFEMFQewjT-Q,Nika Beauty Center,Spas,Spa
ChIJm5eO2PorHYwR_fCleV5dkGs,Esthetician Delgado,Spas,Salon de Belleza
ChIJm5eO2PorHYwR_fCleV5dkGs,Esthetician Delgado,Spas,Cuidado Capilar
ChIJm5eO2PorHYwR_fCleV5dkGs,Esthetician Delgado,Spas,Bienestar
ChIJm5eO2PorHYwR_fCleV5dkGs,Esthetician Delgado,Spas,Spa
ChIJm5eO2PorHYwR_fCleV5dkGs,Esthetician Delgado,Spas,Tienda
ChIJy5K4IopoA4wRnL3_MmI9IAU,CorpoBello,Spas,Salon de Belleza
ChIJy5K4IopoA4wRnL3_MmI9IAU,CorpoBello,Spas,Spa
ChIJL94xrBpdA4wRFNDsyeh9md4,Estética Facial & Corporal,Spas,Salon de Belleza
ChIJL94xrBpdA4wRFNDsyeh9md4,Estética Facial & Corporal,Spas,Cuidado Capilar
ChIJL94xrBpdA4wRFNDsyeh9md4,Estética Facial & Corporal,Spas,Bienestar
ChIJL94xrBpdA4wRFNDsyeh9md4,Estética Facial & Corporal,Spas,Spa
ChIJL94xrBpdA4wRFNDsyeh9md4,Estética Facial & Corporal,Spas,Faciales
ChIJh00z6g3THIwRe9GfaYG6SH8,Paradise Esthetic by A. galarza,Spas,Salon de Belleza
ChIJh00z6g3THIwRe9GfaYG6SH8,Paradise Esthetic by A. galarza,Spas,Cuidado Capilar
ChIJh00z6g3THIwRe9GfaYG6SH8,Paradise Esthetic by A. galarza,Spas,Bienestar
ChIJh00z6g3THIwRe9GfaYG6SH8,Paradise Esthetic by A. galarza,Spas,Spa
ChIJO510uUEfA4wRdKBzCt9qjk4,Laser Dreams Estética,Spas,Salon de Belleza
ChIJO510uUEfA4wRdKBzCt9qjk4,Laser Dreams Estética,Spas,Cuidado Capilar
ChIJO510uUEfA4wRdKBzCt9qjk4,Laser Dreams Estética,Spas,Bienestar
ChIJO510uUEfA4wRdKBzCt9qjk4,Laser Dreams Estética,Spas,Spa
ChIJ60xi4nplA4wRQR8zhR-vq7s,Numed Medical Aesthetics Center,Spas,Bienestar
ChIJ60xi4nplA4wRQR8zhR-vq7s,Numed Medical Aesthetics Center,Spas,Spa
ChIJxRyQPPcrHYwRSiuJDuxTuB8,Rosado La Vie' aesthetic,Spas,Salon de Belleza
ChIJxRyQPPcrHYwRSiuJDuxTuB8,Rosado La Vie' aesthetic,Spas,Spa
ChIJEVO38y9vA4wR-agWNIYdeik,Le Clinique Esthetic & Spa | Ciudadela,Spas,Spa
ChIJs63br6krHYwRtaLY3b809Kc,Supreme Medical Esthetic,Esteticas,Bienestar
ChIJs63br6krHYwRtaLY3b809Kc,Supreme Medical Esthetic,Esteticas,Faciales
ChIJwTAU4u7VHIwRduG2AF6uC2E,Kalon Spa & Esthetic,Spas,Tienda
ChIJgbDXuyQrHYwRjD1tgXDbaaM,N.A Aesthetic,Esteticas,Faciales
ChIJR-8hHpNrA4wR4uCc8lw27vM,"ZAH ACADEMY OF BEAUTY, HEALTH AND ESTHETIC",Esteticas,Tienda
ChIJR-8hHpNrA4wR4uCc8lw27vM,"ZAH ACADEMY OF BEAUTY, HEALTH AND ESTHETIC",Esteticas,Faciales
ChIJaZC-tpYrHYwRRXPLYiuWr9Q,A.S.V Beauty Studio,Salones de Belleza,Salon de Belleza
ChIJaZC-tpYrHYwRRXPLYiuWr9Q,A.S.V Beauty Studio,Salones de Belleza,Cabello
ChIJve-qvU1hA4wRtZCnWSVegTo,Before and After beauty and spa,Spas,Salon de Belleza
ChIJz78L6VPVHIwRtKnc8UcIVXQ,Aura Med Clinic,Esteticas,General
ChIJn9mswestHYwR9wLdeRDH94g,Nara’s Salón,Salones de Belleza,Salon de Belleza
ChIJn9mswestHYwR9wLdeRDH94g,Nara’s Salón,Salones de Belleza,Cabello
ChIJN1-Js5vVHIwRtYrz1HCE3Vg,Diosa Brow Lounge,Salones de Belleza,Salon de Belleza
ChIJN1-Js5vVHIwRtYrz1HCE3Vg,Diosa Brow Lounge,Salones de Belleza,Lashes y Cejas
ChIJB9XW5nRrA4wRAG7V_7Z_2Eg,Nefer Aesthetic Clinic,Spas,Bienestar
ChIJB9XW5nRrA4wRAG7V_7Z_2Eg,Nefer Aesthetic Clinic,Spas,Spa
ChIJyWP9LIrVHIwRRghT5etWz8M,NUC Beauty Salón - Ponce,Salones de Belleza,Salon de Belleza
ChIJyWP9LIrVHIwRRghT5etWz8M,NUC Beauty Salón - Ponce,Salones de Belleza,Cabello
ChIJUY0F3BZpA4wRzK_a3v-2D04,LUN Clinique | Estética + Ciencia,Spas,Salon de Belleza
ChIJUY0F3BZpA4wRzK_a3v-2D04,LUN Clinique | Estética + Ciencia,Spas,Cuidado Capilar
ChIJUY0F3BZpA4wRzK_a3v-2D04,LUN Clinique | Estética + Ciencia,Spas,Bienestar
ChIJUY0F3BZpA4wRzK_a3v-2D04,LUN Clinique | Estética + Ciencia,Spas,Spa
ChIJxQOimm4fA4wR0hf1Kc7xm8U,Mimo Mento Esthetic,Esteticas,Tienda
ChIJxQOimm4fA4wR0hf1Kc7xm8U,Mimo Mento Esthetic,Esteticas,Faciales
ChIJn2423wIrHYwR0qLU0Tw2IFs,Barbiere Salone Di Bellezza,Salones de Belleza,Salon de Belleza
ChIJn2423wIrHYwR0qLU0Tw2IFs,Barbiere Salone Di Bellezza,Salones de Belleza,Cabello
ChIJWU_lwI87A4wRXo5BAS8iGng,Sinala Esthetic,Esteticas,Faciales
ChIJN15A4lHTHIwRODXcg6XDd14,Dreams Nails,Salones de Belleza,Salon de Belleza
ChIJN15A4lHTHIwRODXcg6XDd14,Dreams Nails,Salones de Belleza,Unas
ChIJjZABTPFnA4wRkQlZOExGbQQ,Glamour Esthetic,Esteticas,Faciales
ChIJSbNMzprVHIwRdx53eGPXcRU,Best Buds PR - Ponce Dispensary,Dispensarios,Tienda
ChIJSbNMzprVHIwRdx53eGPXcRU,Best Buds PR - Ponce Dispensary,Dispensarios,Cannabis Medicinal
ChIJWUkwX0grHYwRzeE5i2iqpKQ,TETRA Dispensary,Dispensarios,Tienda
ChIJWUkwX0grHYwRzeE5i2iqpKQ,TETRA Dispensary,Dispensarios,Cannabis Medicinal
ChIJR4msvsPVHIwReB-m31T48dk,Puerto Rico Chronic Relief,Dispensarios,Tienda
ChIJ8RfVa67VHIwRMwin_gdv7og,Clínica Verde Dispensario Ponce,Dispensarios,Tienda
ChIJQ8iP1OHVHIwRjXRQNM3RPlA,Bwell Cannabis Dispensary Ponce,Dispensarios,Tienda
ChIJQ8iP1OHVHIwRjXRQNM3RPlA,Bwell Cannabis Dispensary Ponce,Dispensarios,Cannabis Medicinal
ChIJVR9Ie9jVHIwRySWndJL38ME,First Medical Cannabis,Dispensarios,Tienda
ChIJVR9Ie9jVHIwRySWndJL38ME,First Medical Cannabis,Dispensarios,Cannabis Medicinal
ChIJxxAejYwzHYwRrwkSelRxmAk,Dream Cannabis Dispensary,Dispensarios,Tienda
ChIJxxAejYwzHYwRrwkSelRxmAk,Dream Cannabis Dispensary,Dispensarios,Cannabis Medicinal
ChIJX9aMMR3VHIwRyBrZmVVQCn8,Weedco Dispensary,Dispensarios,Tienda
ChIJX9aMMR3VHIwRyBrZmVVQCn8,Weedco Dispensary,Dispensarios,Cannabis Medicinal
ChIJBagUnC3THIwRCZZk8y7Wxx8,Sinsemilla Juana Diaz,Dispensarios,Tienda
ChIJr70n4zU3A4wRgW2SXC_weW4,CannaWay Dispensary,Dispensarios,Tienda
ChIJr70n4zU3A4wRgW2SXC_weW4,CannaWay Dispensary,Dispensarios,Cannabis Medicinal
ChIJF4JgeqJJA4wRwE7uzGCk9IE,CannaGrow Dispensary,Dispensarios,Tienda
ChIJF4JgeqJJA4wRwE7uzGCk9IE,CannaGrow Dispensary,Dispensarios,Cannabis Medicinal
ChIJ72yPwphhA4wRPGX1TvHo2JA,TETRA Dispensary,Dispensarios,Tienda
ChIJ72yPwphhA4wRPGX1TvHo2JA,TETRA Dispensary,Dispensarios,Cannabis Medicinal
ChIJ9S4E6YcZA4wRMwecZqoGRRY,TETRA Dispensary,Dispensarios,Tienda
ChIJ9S4E6YcZA4wRMwecZqoGRRY,TETRA Dispensary,Dispensarios,Cannabis Medicinal
ChIJ1Z2-QSdpA4wRAxMRryaOZfE,TETRA Dispensary,Dispensarios,Tienda
ChIJ1Z2-QSdpA4wRAxMRryaOZfE,TETRA Dispensary,Dispensarios,Cannabis Medicinal
ChIJ4xzcPoVpA4wRkbWJ--AMaB0,Tetra Dispensary,Dispensarios,Tienda
ChIJ4xzcPoVpA4wRkbWJ--AMaB0,Tetra Dispensary,Dispensarios,Cannabis Medicinal
ChIJb6IUvJMXA4wRcAai1uRM_yU,TETRA Dispensary,Dispensarios,Tienda
ChIJb6IUvJMXA4wRcAai1uRM_yU,TETRA Dispensary,Dispensarios,Cannabis Medicinal
ChIJByQeU9FJA4wRP_CF0Vj0Yfw,"Weedco Dispensary, Cayey",Dispensarios,Tienda
ChIJByQeU9FJA4wRP_CF0Vj0Yfw,"Weedco Dispensary, Cayey",Dispensarios,Cannabis Medicinal
ChIJgWSqbWppA4wRzs3isVdmbCU,Dispensario Farma Verde Cupey,Dispensarios,Tienda
ChIJDac4cohrA4wRhkf_1FtsD5I,TETRA Dispensary,Dispensarios,Tienda
ChIJDac4cohrA4wRhkf_1FtsD5I,TETRA Dispensary,Dispensarios,Cannabis Medicinal
ChIJL3SepgFpA4wRM9UeD6vKzqU,Green Health PR | San Juan | Cannabis Dispensary,Dispensarios,Tienda
ChIJL3SepgFpA4wRM9UeD6vKzqU,Green Health PR | San Juan | Cannabis Dispensary,Dispensarios,Cannabis Medicinal
ChIJvZZyKBHZAowR_QmwV8rFcfw,Best Buds PR - Utuado Dispensary,Dispensarios,Tienda
ChIJvZZyKBHZAowR_QmwV8rFcfw,Best Buds PR - Utuado Dispensary,Dispensarios,Cannabis Medicinal
ChIJ_5VUGJBvA4wRIa1sLsb2JP0,Cannawave By Bwell,Dispensarios,Tienda
ChIJPfXkY8TZAowRC4Y5CpSeje4,Dispensario Cannabis Medicinal,Dispensarios,Bienestar
ChIJPfXkY8TZAowRC4Y5CpSeje4,Dispensario Cannabis Medicinal,Dispensarios,Cannabis Medicinal
ChIJ4Wf1PAJnA4wR7A9z5Npo_PI,Dispensario Apoteka - Trujillo Alto,Dispensarios,Tienda
ChIJNzGT4L_nAowRyZhXRSxR0lA,Foresta Cannabis Collection,Dispensarios,Tienda
ChIJNzGT4L_nAowRyZhXRSxR0lA,Foresta Cannabis Collection,Dispensarios,Cannabis Medicinal
ChIJ9dzQ_SZnA4wRcGSE5HjkDNY,TETRA Dispensary,Dispensarios,Tienda
ChIJ9dzQ_SZnA4wRcGSE5HjkDNY,TETRA Dispensary,Dispensarios,Cannabis Medicinal
ChIJCRvaikJbA4wRt4BnhvCDkTI,Clínica Verde Dispensario Caguas,Dispensarios,Tienda
ChIJ-969t0E3A4wRSYDfP3WPSOU,Bwell Cannabis Dispensary Aibonito,Dispensarios,Tienda
ChIJ-969t0E3A4wRSYDfP3WPSOU,Bwell Cannabis Dispensary Aibonito,Dispensarios,Cannabis Medicinal
ChIJVYmdUd1bA4wRP32k3w6VQKE,Bwell Cannabis Dispensary Caguas,Dispensarios,Tienda
ChIJVYmdUd1bA4wRP32k3w6VQKE,Bwell Cannabis Dispensary Caguas,Dispensarios,Cannabis Medicinal
ChIJPV6kcQdrA4wRM0lRRG4D8NU,Weedco Dispensary,Dispensarios,Tienda
ChIJPV6kcQdrA4wRM0lRRG4D8NU,Weedco Dispensary,Dispensarios,Cannabis Medicinal
ChIJXd93e0JDA4wRQrsT7F1fJho,Dispensario Encanto Tree,Dispensarios,Tienda
ChIJgzn8sB9qA4wR2wVFXMcgdtY,Dispensario Farma Verde Bayamón,Dispensarios,Bienestar
ChIJgzn8sB9qA4wR2wVFXMcgdtY,Dispensario Farma Verde Bayamón,Dispensarios,Tienda
ChIJC_YM-0fnAowRrw6vv7kZ0QI,Bwell Cannabis Dispensary Arecibo,Dispensarios,Bienestar
ChIJC_YM-0fnAowRrw6vv7kZ0QI,Bwell Cannabis Dispensary Arecibo,Dispensarios,Tienda
ChIJC_YM-0fnAowRrw6vv7kZ0QI,Bwell Cannabis Dispensary Arecibo,Dispensarios,Cannabis Medicinal
ChIJ99Cwr5UzHYwRzOYdlpfJ54k,Weedco Dispensary,Dispensarios,Bienestar
ChIJ99Cwr5UzHYwRzOYdlpfJ54k,Weedco Dispensary,Dispensarios,Tienda
ChIJ99Cwr5UzHYwRzOYdlpfJ54k,Weedco Dispensary,Dispensarios,Cannabis Medicinal
ChIJX7cT_hVvA4wR_POEu9tSAjM,Puerto Rico Cannabis Co.,Dispensarios,Tienda
ChIJX7cT_hVvA4wR_POEu9tSAjM,Puerto Rico Cannabis Co.,Dispensarios,Cannabis Medicinal
ChIJ4S1zHRZpA4wRSIgN6p97yfI,FLORA Dispensario,Dispensarios,Tienda
ChIJNVZyN55pA4wRvMROJ6nIewk,Buddies Cannabis Dispensary,Dispensarios,Tienda
ChIJNVZyN55pA4wRvMROJ6nIewk,Buddies Cannabis Dispensary,Dispensarios,Cannabis Medicinal
ChIJtUhRC6ZpA4wRB78xpjY_y5I,Turf Cannabis Collection,Dispensarios,Tienda
ChIJtUhRC6ZpA4wRB78xpjY_y5I,Turf Cannabis Collection,Dispensarios,Cannabis Medicinal
ChIJZx047obNHIwRy7apaNrtj2E,Weedco Dispensary,Dispensarios,Tienda
ChIJZx047obNHIwRy7apaNrtj2E,Weedco Dispensary,Dispensarios,Cannabis Medicinal
ChIJKRDc-y49A4wR2pHefV9yJfY,Alternativa Natural,Dispensarios,Tienda
ChIJ685OI84VA4wRXeJ-mtMCSDk,Aura Dispensary,Dispensarios,Tienda
ChIJ685OI84VA4wRXeJ-mtMCSDk,Aura Dispensary,Dispensarios,Cannabis Medicinal
ChIJRQPX7xdrA4wRZRbl4ubu0eA,Yes I Cann - Dispensario Cannabis,Dispensarios,Tienda
ChIJRQPX7xdrA4wRZRbl4ubu0eA,Yes I Cann - Dispensario Cannabis,Dispensarios,Cannabis Medicinal
ChIJ-RTLWThpA4wRxmqjGz1IrYo,TETRA Dispensary,Dispensarios,Tienda
ChIJ-RTLWThpA4wRxmqjGz1IrYo,TETRA Dispensary,Dispensarios,Cannabis Medicinal
ChIJKeCeUABpA4wR4SHRUI0JqWA,Cannabea Dispensary,Dispensarios,Tienda
ChIJKeCeUABpA4wR4SHRUI0JqWA,Cannabea Dispensary,Dispensarios,Cannabis Medicinal
ChIJCz4agU5bA4wRHV-1GVSnCq4,Earth Gift Cannabis Dispensary,Dispensarios,Tienda
ChIJCz4agU5bA4wRHV-1GVSnCq4,Earth Gift Cannabis Dispensary,Dispensarios,Cannabis Medicinal
ChIJDTURDD9nA4wRYRdMHmZd4_0,TETRA Dispensary,Dispensarios,Tienda
ChIJDTURDD9nA4wRYRdMHmZd4_0,TETRA Dispensary,Dispensarios,Cannabis Medicinal
ChIJ_-HNMJ-xAowRCEoGm7t6IcU,TETRA Dispensary,Dispensarios,Tienda
ChIJ_-HNMJ-xAowRCEoGm7t6IcU,TETRA Dispensary,Dispensarios,Cannabis Medicinal
ChIJZ5xmbZJvA4wRyZIRUaGkzOY,BLeaf Dispensary,Dispensarios,Tienda
ChIJZ5xmbZJvA4wRyZIRUaGkzOY,BLeaf Dispensary,Dispensarios,Cannabis Medicinal
ChIJ6z381oBBA4wRIAJbdudtMoo,Dispensario Pronatura Cannabis,Dispensarios,Tienda
ChIJ6z381oBBA4wRIAJbdudtMoo,Dispensario Pronatura Cannabis,Dispensarios,Cannabis Medicinal
ChIJteMCwgJpA4wRsO2oHeTok9I,Biogrow Cannabis Corp.,Dispensarios,Tienda
ChIJteMCwgJpA4wRsO2oHeTok9I,Biogrow Cannabis Corp.,Dispensarios,Cannabis Medicinal
ChIJvSGDtzsVA4wR_I2xLfhCjmU,Bloom* Cannabis Dispensary,Dispensarios,Tienda
ChIJvSGDtzsVA4wR_I2xLfhCjmU,Bloom* Cannabis Dispensary,Dispensarios,Cannabis Medicinal
ChIJ4QQ9hPBnA4wRx6xBdMiOZwU,Dispensario Farma Verde 65th Rio Piedras,Dispensarios,Tienda
ChIJ4xT3_ksVA4wRehEuxh0YOAo,Dispensario Farma Verde Dorado,Dispensarios,Bienestar
ChIJ4xT3_ksVA4wRehEuxh0YOAo,Dispensario Farma Verde Dorado,Dispensarios,Tienda
ChIJDQlEvTtpA4wREz2ddzy6bhc,Cruz Verde Dispensario,Dispensarios,Tienda
ChIJC1Y3pLgUA4wRGQ2rH3vlxgs,Nextgen Pharma,Dispensarios,Tienda
ChIJFY7sHfI3A4wRcn6bOGU2JF8,Yerba Santa,Dispensarios,Tienda
ChIJp7WCwFBpA4wR8eZpoG8v-zE,Sinsemilla,Dispensarios,Tienda
ChIJqZbRWtXdAowRTlZHb7bUyBg,Cura Verde Cannabis,Dispensarios,Tienda
ChIJqZbRWtXdAowRTlZHb7bUyBg,Cura Verde Cannabis,Dispensarios,Cannabis Medicinal
ChIJSfj03XPnAowRdov7EzFYhLE,Best Buds PR - Hatillo Dispensary,Dispensarios,Tienda
ChIJSfj03XPnAowRdov7EzFYhLE,Best Buds PR - Hatillo Dispensary,Dispensarios,Cannabis Medicinal
ChIJa-NYQh3LHIwRpR46tdAtYXo,Bwell Cannabis Dispensary Salinas,Dispensarios,Tienda
ChIJa-NYQh3LHIwRpR46tdAtYXo,Bwell Cannabis Dispensary Salinas,Dispensarios,Cannabis Medicinal
ChIJg5jlEc0zHYwR-5OX14eUnpY,Bgreen Cannabis Dispensary,Dispensarios,Tienda
ChIJg5jlEc0zHYwR-5OX14eUnpY,Bgreen Cannabis Dispensary,Dispensarios,Cannabis Medicinal
ChIJx0AHMjArHYwRyNOvb0bIeNA,Dispensario Moña Verde,Dispensarios,Tienda
ChIJBQhnlR_NHIwR8UKePbbB5iM,Bgreen Cannabis Dispensary,Dispensarios,Tienda
ChIJBQhnlR_NHIwR8UKePbbB5iM,Bgreen Cannabis Dispensary,Dispensarios,Cannabis Medicinal
ChIJ3ZXnX1plA4wRF828gIBpYpo,Dispensario Farma Verde Isla Verde,Dispensarios,Tienda
ChIJJbALPlGzAowRGEm2tDRXaCY,Weeds Dispensary,Dispensarios,Tienda
ChIJJbALPlGzAowRGEm2tDRXaCY,Weeds Dispensary,Dispensarios,Cannabis Medicinal
ChIJw9z9Ek_FAowRCp9pk5dcZSo,Green Vibes,Dispensarios,Tienda
ChIJu_7b-T5pA4wRGTGndPt3ZyY,HerbaCann Apothecary,Dispensarios,Tienda
ChIJkYDArk9BA4wRb1SjWZvieao,Dispensario Cannabis Pharmacy Green,Dispensarios,Tienda
ChIJkYDArk9BA4wRb1SjWZvieao,Dispensario Cannabis Pharmacy Green,Dispensarios,Cannabis Medicinal
ChIJJWl8sJpoA4wRn5nJnNSJigY,Senses Med Center,Dispensarios,Tienda
ChIJ8WTQ0rc7A4wRC0yjNHM3EC8,Solución Natural - Dispensario,Dispensarios,Tienda
ChIJQYySeTFhA4wR1A2aSqXfkyw,Dispensario Farma Verde Canóvanas,Dispensarios,Tienda
ChIJM8LDA1QzA4wRrUflny4gciY,Sinsemilla Coamo,Dispensarios,Tienda
ChIJcx7fTKazAowRicTfFnbSiCk,Greencare - Dispensario,Dispensarios,Tienda
ChIJS4kebO6zHIwRbKnluNcbzcA,Tree Life Dispensario,Dispensarios,Tienda
ChIJwyEfy_DVHIwRldZvxaaXQCk,Crunch Fitness - Ponce,Gimnasios,Gimnasio General
ChIJwyEfy_DVHIwRldZvxaaXQCk,Crunch Fitness - Ponce,Gimnasios,Bienestar
ChIJwyEfy_DVHIwRldZvxaaXQCk,Crunch Fitness - Ponce,Gimnasios,Fitness
ChIJR26QqxcqHYwRnl0_MV33XNE,Planet Fitness,Gimnasios,Gimnasio General
ChIJR26QqxcqHYwRnl0_MV33XNE,Planet Fitness,Gimnasios,Bienestar
ChIJR26QqxcqHYwRnl0_MV33XNE,Planet Fitness,Gimnasios,Spa
ChIJR26QqxcqHYwRnl0_MV33XNE,Planet Fitness,Gimnasios,Fitness
ChIJy_dNa3UqHYwRKSOE3c6uHDs,HCOA Fitness,Gimnasios,Gimnasio General
ChIJy_dNa3UqHYwRKSOE3c6uHDs,HCOA Fitness,Gimnasios,Bienestar
ChIJy_dNa3UqHYwRKSOE3c6uHDs,HCOA Fitness,Gimnasios,Fitness
ChIJOURKzUMrHYwRu_ClsBs202g,Valher ProFitness,Gimnasios,Gimnasio General
ChIJOURKzUMrHYwRu_ClsBs202g,Valher ProFitness,Gimnasios,Bienestar
ChIJOURKzUMrHYwRu_ClsBs202g,Valher ProFitness,Gimnasios,Fitness
ChIJsZB4HGzVHIwRkfOxMZaefZ4,Fit Lab Ponce,Gimnasios,Gimnasio General
ChIJsZB4HGzVHIwRkfOxMZaefZ4,Fit Lab Ponce,Gimnasios,Bienestar
ChIJY9Tph3nVHIwR_yQsssQIs34,Optimal Fitness,Gimnasios,Gimnasio General
ChIJY9Tph3nVHIwR_yQsssQIs34,Optimal Fitness,Gimnasios,Bienestar
ChIJY9Tph3nVHIwR_yQsssQIs34,Optimal Fitness,Gimnasios,Fitness
ChIJhf6LKIvVHIwRc1UVUS6sNZY,EnerGym Ponce,Gimnasios,Gimnasio General
ChIJhf6LKIvVHIwRc1UVUS6sNZY,EnerGym Ponce,Gimnasios,Bienestar
ChIJhf6LKIvVHIwRc1UVUS6sNZY,EnerGym Ponce,Gimnasios,Fitness
ChIJdyQoxxfXHIwRYmAkksziXLE,Quality Strength,Gimnasios,Gimnasio General
ChIJdyQoxxfXHIwRYmAkksziXLE,Quality Strength,Gimnasios,Bienestar
ChIJI8ncUADVHIwRiSJHRpGntz4,RCL STUDIO,Gimnasios,Gimnasio General
ChIJI8ncUADVHIwRiSJHRpGntz4,RCL STUDIO,Gimnasios,Bienestar
ChIJr9VEXh7VHIwR9K2mTsLups8,Yes Fitness Workout Studio,Gimnasios,Gimnasio General
ChIJr9VEXh7VHIwR9K2mTsLups8,Yes Fitness Workout Studio,Gimnasios,Bienestar
ChIJr9VEXh7VHIwR9K2mTsLups8,Yes Fitness Workout Studio,Gimnasios,Fitness
ChIJszUY3THVHIwRKcr4MKTGcTE,Jungle Fitness,Gimnasios,Gimnasio General
ChIJszUY3THVHIwRKcr4MKTGcTE,Jungle Fitness,Gimnasios,Bienestar
ChIJszUY3THVHIwRKcr4MKTGcTE,Jungle Fitness,Gimnasios,Fitness
ChIJhZGoSY0rHYwRIQ2dItoPkhI,Gimnasio El Callejón,Gimnasios,Gimnasio General
ChIJhZGoSY0rHYwRIQ2dItoPkhI,Gimnasio El Callejón,Gimnasios,Bienestar
ChIJI0u9hv8pHYwR0LL9bnNO4K4,Be Fit Nutrition Club,Gimnasios,Gimnasio General
ChIJI0u9hv8pHYwR0LL9bnNO4K4,Be Fit Nutrition Club,Gimnasios,Bienestar
ChIJW7dppZIrHYwRlmaSx2_pVvQ,White Lion Crossfit,Gimnasios,Gimnasio General
ChIJW7dppZIrHYwRlmaSx2_pVvQ,White Lion Crossfit,Gimnasios,Bienestar
ChIJW7dppZIrHYwRlmaSx2_pVvQ,White Lion Crossfit,Gimnasios,Crossfit
ChIJ7foBf8LTHIwRQU5rOGL0BPw,Infinity Gym,Gimnasios,Gimnasio General
ChIJ7foBf8LTHIwRQU5rOGL0BPw,Infinity Gym,Gimnasios,Bienestar
ChIJ7foBf8LTHIwRQU5rOGL0BPw,Infinity Gym,Gimnasios,Fitness
ChIJdfg6HgoqHYwRQdZ3JqFekb0,Complejo Deportivo PUCPR,Gimnasios,General
ChIJW6P6kpjVHIwRcfEJ-SXN7ts,Max Effort Ponce,Gimnasios,Gimnasio General
ChIJW6P6kpjVHIwRcfEJ-SXN7ts,Max Effort Ponce,Gimnasios,Bienestar
ChIJewuMpxPVHIwR20yUiD_Mh-w,Overhyped Fitness Club,Gimnasios,Gimnasio General
ChIJewuMpxPVHIwR20yUiD_Mh-w,Overhyped Fitness Club,Gimnasios,Bienestar
ChIJewuMpxPVHIwR20yUiD_Mh-w,Overhyped Fitness Club,Gimnasios,Fitness
ChIJcZRU9hHTHIwRP0PTlJx0LAk,Brava Fitness Club,Gimnasios,Gimnasio General
ChIJcZRU9hHTHIwRP0PTlJx0LAk,Brava Fitness Club,Gimnasios,Bienestar
ChIJcZRU9hHTHIwRP0PTlJx0LAk,Brava Fitness Club,Gimnasios,Fitness
ChIJFRzEIohrA4wRMNKHxS0XzEw,HOT N FITNESS GYM,Gimnasios,Gimnasio General
ChIJFRzEIohrA4wRMNKHxS0XzEw,HOT N FITNESS GYM,Gimnasios,Bienestar
ChIJFRzEIohrA4wRMNKHxS0XzEw,HOT N FITNESS GYM,Gimnasios,Fitness
ChIJo1rMjK9pA4wRhMfQFDaBrK0,Powerhouse Gym,Gimnasios,Gimnasio General
ChIJo1rMjK9pA4wRhMfQFDaBrK0,Powerhouse Gym,Gimnasios,Bienestar
ChIJo1rMjK9pA4wRhMfQFDaBrK0,Powerhouse Gym,Gimnasios,Fitness
ChIJczjUHojVHIwREtXCLlLgO2w,RegenaLife,Gimnasios,Gimnasio General
ChIJczjUHojVHIwREtXCLlLgO2w,RegenaLife,Gimnasios,Bienestar
ChIJuYDCsnbVHIwRJJ3VJteK9Gw,Enduro Chiropractic & Wellness Center,Gimnasios,Gimnasio General
ChIJuYDCsnbVHIwRJJ3VJteK9Gw,Enduro Chiropractic & Wellness Center,Gimnasios,Bienestar
ChIJN9XXSMfUHIwRXa8F3iaKcDI,PCS Fitness,Gimnasios,Gimnasio General
ChIJN9XXSMfUHIwRXa8F3iaKcDI,PCS Fitness,Gimnasios,Bienestar
ChIJN9XXSMfUHIwRXa8F3iaKcDI,PCS Fitness,Gimnasios,Fitness
ChIJ_7bQJ4vVHIwRNrqL42Ncaa0,Aqua Spinning de Ponce,Gimnasios,Bienestar
ChIJf7y7GxXVHIwRS0vXQly-Jbc,Crossfit WIA,Gimnasios,Gimnasio General
ChIJf7y7GxXVHIwRS0vXQly-Jbc,Crossfit WIA,Gimnasios,Bienestar
ChIJf7y7GxXVHIwRS0vXQly-Jbc,Crossfit WIA,Gimnasios,Crossfit
ChIJWZUUUXcyHYwRgUXg2Mm9Ci4,La Capital Gym,Gimnasios,Gimnasio General
ChIJWZUUUXcyHYwRgUXg2Mm9Ci4,La Capital Gym,Gimnasios,Bienestar
ChIJWZUUUXcyHYwRgUXg2Mm9Ci4,La Capital Gym,Gimnasios,Fitness
ChIJu4beWgArHYwRM2WNkQ6UzxI,Antiguo Papo Boxing Club,Gimnasios,Gimnasio General
ChIJu4beWgArHYwRM2WNkQ6UzxI,Antiguo Papo Boxing Club,Gimnasios,Bienestar
ChIJu4beWgArHYwRM2WNkQ6UzxI,Antiguo Papo Boxing Club,Gimnasios,Boxeo
ChIJFXF8NE9vA4wRquijLcGyBu8,LIV Fitness Condado,Gimnasios,Gimnasio General
ChIJFXF8NE9vA4wRquijLcGyBu8,LIV Fitness Condado,Gimnasios,Bienestar
ChIJFXF8NE9vA4wRquijLcGyBu8,LIV Fitness Condado,Gimnasios,Fitness
ChIJBb4F8WVoA4wREHoUAVnoz4o,Planet Fitness,Gimnasios,Gimnasio General
ChIJBb4F8WVoA4wREHoUAVnoz4o,Planet Fitness,Gimnasios,Bienestar
ChIJBb4F8WVoA4wREHoUAVnoz4o,Planet Fitness,Gimnasios,Spa
ChIJBb4F8WVoA4wREHoUAVnoz4o,Planet Fitness,Gimnasios,Fitness
ChIJuWJQOTE1HYwRyz8eVJPJ5gU,Novovida Gym Club,Gimnasios,Gimnasio General
ChIJuWJQOTE1HYwRyz8eVJPJ5gU,Novovida Gym Club,Gimnasios,Bienestar
ChIJuWJQOTE1HYwRyz8eVJPJ5gU,Novovida Gym Club,Gimnasios,Fitness
ChIJKcPy1vCvAowR191hJuCJ-W4,Rincon Fitness Center,Gimnasios,Gimnasio General
ChIJKcPy1vCvAowR191hJuCJ-W4,Rincon Fitness Center,Gimnasios,Bienestar
ChIJKcPy1vCvAowR191hJuCJ-W4,Rincon Fitness Center,Gimnasios,Fitness
ChIJSwIdSmArHYwRYl-oMSA8spg,Dynamic Park Ponce,Gimnasios,General
ChIJKSpD-5DVHIwRlPx-FtoIGG0,Centro Del Sur Mall,Gimnasios,General
ChIJFxev7k8rHYwRkQye4Y4ushE,Future's MVP Athletic Training,Gimnasios,Gimnasio General
ChIJFxev7k8rHYwRkQye4Y4ushE,Future's MVP Athletic Training,Gimnasios,Bienestar
ChIJAbF1kP8pHYwRpdZNIOF5VNU,Cross Caribe Inc.,Gimnasios,Gimnasio General
ChIJAbF1kP8pHYwRpdZNIOF5VNU,Cross Caribe Inc.,Gimnasios,Bienestar
ChIJOxAEh1pbA4wR3xbvsLoyU40,Crunch Fitness - Caguas,Gimnasios,Gimnasio General
ChIJOxAEh1pbA4wR3xbvsLoyU40,Crunch Fitness - Caguas,Gimnasios,Bienestar
ChIJOxAEh1pbA4wR3xbvsLoyU40,Crunch Fitness - Caguas,Gimnasios,Fitness
ChIJqTOzodMpA4wRYvdTpBNpMTQ,TS Gym Center,Gimnasios,Gimnasio General
ChIJqTOzodMpA4wRYvdTpBNpMTQ,TS Gym Center,Gimnasios,Bienestar
ChIJqTOzodMpA4wRYvdTpBNpMTQ,TS Gym Center,Gimnasios,Fitness
ChIJoZ51JODVHIwRNcHVfP1vVds,Freaks of Nature Training,Gimnasios,Bienestar
ChIJL10NCKbLHIwRVuMpvZPIY7E,The Family Gym,Gimnasios,Gimnasio General
ChIJL10NCKbLHIwRVuMpvZPIY7E,The Family Gym,Gimnasios,Bienestar
ChIJL10NCKbLHIwRVuMpvZPIY7E,The Family Gym,Gimnasios,Fitness
ChIJLWvhL5doA4wRUeu0VYyTrmg,Sports Gym,Gimnasios,Gimnasio General
ChIJLWvhL5doA4wRUeu0VYyTrmg,Sports Gym,Gimnasios,Bienestar
ChIJLWvhL5doA4wRUeu0VYyTrmg,Sports Gym,Gimnasios,Fitness
ChIJ9QVowFVmA4wRfrLBr8BYtXo,Crunch Fitness - Carolina,Gimnasios,Gimnasio General
ChIJ9QVowFVmA4wRfrLBr8BYtXo,Crunch Fitness - Carolina,Gimnasios,Bienestar
ChIJ9QVowFVmA4wRfrLBr8BYtXo,Crunch Fitness - Carolina,Gimnasios,Fitness
ChIJiQ0F4p4rHYwR7g-ENysTtQQ,LIONS ENERGY CLUB,Gimnasios,Gimnasio General
ChIJiQ0F4p4rHYwR7g-ENysTtQQ,LIONS ENERGY CLUB,Gimnasios,Bienestar
ChIJVXHOpSbVHIwRjtRY7q4nGUk,Walefitt Gym,Gimnasios,Gimnasio General
ChIJVXHOpSbVHIwRjtRY7q4nGUk,Walefitt Gym,Gimnasios,Bienestar
ChIJVXHOpSbVHIwRjtRY7q4nGUk,Walefitt Gym,Gimnasios,Fitness
ChIJZ4sXqJRpA4wRcoMmaFcAS3E,Iron Gym Fitness,Gimnasios,Gimnasio General
ChIJZ4sXqJRpA4wRcoMmaFcAS3E,Iron Gym Fitness,Gimnasios,Bienestar
ChIJZ4sXqJRpA4wRcoMmaFcAS3E,Iron Gym Fitness,Gimnasios,Fitness
ChIJu8E8w_TVHIwRnKmD-CDqfD8,Head Start Center Kids Gym,Gimnasios,Fitness
ChIJDcNIrhm9BIwRfJ9FdsiEcUQ,Iron Fitness,Gimnasios,Gimnasio General
ChIJDcNIrhm9BIwRfJ9FdsiEcUQ,Iron Fitness,Gimnasios,Bienestar
ChIJDcNIrhm9BIwRfJ9FdsiEcUQ,Iron Fitness,Gimnasios,Fitness
ChIJr00Vj3XVHIwRo7SIPqWP5oI,Vita Forma Fitness,Gimnasios,Gimnasio General
ChIJr00Vj3XVHIwRo7SIPqWP5oI,Vita Forma Fitness,Gimnasios,Bienestar
ChIJr00Vj3XVHIwRo7SIPqWP5oI,Vita Forma Fitness,Gimnasios,Fitness
ChIJJ7NRvzIrA4wRmAdTmOzbdWs,South Pearl CrossFit,Gimnasios,Gimnasio General
ChIJJ7NRvzIrA4wRmAdTmOzbdWs,South Pearl CrossFit,Gimnasios,Bienestar
ChIJJ7NRvzIrA4wRmAdTmOzbdWs,South Pearl CrossFit,Gimnasios,Crossfit
ChIJVy_N4zQzHYwR9u2r46BOubw,VIVE FIT GYM STUDIO,Gimnasios,Gimnasio General
ChIJVy_N4zQzHYwR9u2r46BOubw,VIVE FIT GYM STUDIO,Gimnasios,Bienestar
ChIJVy_N4zQzHYwR9u2r46BOubw,VIVE FIT GYM STUDIO,Gimnasios,Fitness
ChIJUSZCgwPgAowRTap-uROvhwA,FIT Factory Fitnes - Arecibo,Gimnasios,Gimnasio General
ChIJUSZCgwPgAowRTap-uROvhwA,FIT Factory Fitnes - Arecibo,Gimnasios,Bienestar
ChIJBZ_Kn14rHYwRqVuTjzqcmIw,Fit Nutrition Studio,Gimnasios,General
ChIJpVeIy7FrA4wRB5G0PXvgjLY,Elev8 Factory Gym,Gimnasios,Gimnasio General
ChIJpVeIy7FrA4wRB5G0PXvgjLY,Elev8 Factory Gym,Gimnasios,Bienestar
ChIJpVeIy7FrA4wRB5G0PXvgjLY,Elev8 Factory Gym,Gimnasios,Fitness
ChIJ-6zlagRpA4wR9RlL3j-kR3I,LIV Fitness Guaynabo,Gimnasios,Gimnasio General
ChIJ-6zlagRpA4wR9RlL3j-kR3I,LIV Fitness Guaynabo,Gimnasios,Bienestar
ChIJ-6zlagRpA4wR9RlL3j-kR3I,LIV Fitness Guaynabo,Gimnasios,Fitness
ChIJ-WxqLQvTHIwRcmTnXmIY5XU,Ama Fitness PR,Gimnasios,Gimnasio General
ChIJ-WxqLQvTHIwRcmTnXmIY5XU,Ama Fitness PR,Gimnasios,Bienestar
ChIJ-WxqLQvTHIwRcmTnXmIY5XU,Ama Fitness PR,Gimnasios,Fitness
ChIJ9Z45pDZvA4wRsiOEMhmbNaA,HCOA Fitness,Gimnasios,Gimnasio General
ChIJ9Z45pDZvA4wRsiOEMhmbNaA,HCOA Fitness,Gimnasios,Bienestar
ChIJ9Z45pDZvA4wRsiOEMhmbNaA,HCOA Fitness,Gimnasios,Fitness
ChIJ89AkXwxpA4wRMVEMQJQcOkQ,Fort Buchanan Fitness Center,Gimnasios,Gimnasio General
ChIJ89AkXwxpA4wRMVEMQJQcOkQ,Fort Buchanan Fitness Center,Gimnasios,Bienestar
ChIJ89AkXwxpA4wRMVEMQJQcOkQ,Fort Buchanan Fitness Center,Gimnasios,Fitness
ChIJZRoyGQjVHIwRt-HUbn35veg,Renzo Gracie Ponce,Gimnasios,Bienestar
ChIJlUEYBOQfA4wRcd30AB6qDjk,House of Warriors Fitness,Gimnasios,Gimnasio General
ChIJlUEYBOQfA4wRcd30AB6qDjk,House of Warriors Fitness,Gimnasios,Bienestar
ChIJlUEYBOQfA4wRcd30AB6qDjk,House of Warriors Fitness,Gimnasios,Fitness
ChIJT5Dp_dszHYwRstQsZ4h2AME,Perfect Body & Health Fitness,Gimnasios,Gimnasio General
ChIJT5Dp_dszHYwRstQsZ4h2AME,Perfect Body & Health Fitness,Gimnasios,Bienestar
ChIJT5Dp_dszHYwRstQsZ4h2AME,Perfect Body & Health Fitness,Gimnasios,Fitness
ChIJYQZxrestHYwRgeiqDSR9fFI,Gimnasio Municipal,Gimnasios,Gimnasio General
ChIJYQZxrestHYwRgeiqDSR9fFI,Gimnasio Municipal,Gimnasios,Bienestar
ChIJV5wKfwDTHIwRQQ23Xp895o4,Urban Legend Fitness,Gimnasios,Gimnasio General
ChIJV5wKfwDTHIwRQQ23Xp895o4,Urban Legend Fitness,Gimnasios,Bienestar
ChIJV5wKfwDTHIwRQQ23Xp895o4,Urban Legend Fitness,Gimnasios,Fitness
ChIJCRE1KHfVHIwRjnosvYbSde0,"Maahes, Academia de Artes Marciales, LLC",Gimnasios,Bienestar
ChIJA52I_g29AowRgkIBYD2xNUk,Body Fitness Gym,Gimnasios,Gimnasio General
ChIJA52I_g29AowRgkIBYD2xNUk,Body Fitness Gym,Gimnasios,Bienestar
ChIJA52I_g29AowRgkIBYD2xNUk,Body Fitness Gym,Gimnasios,Fitness
ChIJww_AEX0rHYwR1OZfyvonI6Q,Xtravaganz Boutique Ponce,Boutiques,Ropa
ChIJww_AEX0rHYwR1OZfyvonI6Q,Xtravaganz Boutique Ponce,Boutiques,Tienda
ChIJww_AEX0rHYwR1OZfyvonI6Q,Xtravaganz Boutique Ponce,Boutiques,Moda
ChIJBS5fRIrVHIwRb7nwnihS8kg,Daring Boutique,Boutiques,Ropa
ChIJBS5fRIrVHIwRb7nwnihS8kg,Daring Boutique,Boutiques,Tienda
ChIJBS5fRIrVHIwRb7nwnihS8kg,Daring Boutique,Boutiques,Moda
ChIJiZMSZvUYA4wRtt6TrnC6BxE,Veronica's Boutique,Boutiques,Ropa
ChIJiZMSZvUYA4wRtt6TrnC6BxE,Veronica's Boutique,Boutiques,Tienda
ChIJiZMSZvUYA4wRtt6TrnC6BxE,Veronica's Boutique,Boutiques,Moda
ChIJcbf0zAsqHYwR1X35_YwxCUY,Marzela Boutique,Boutiques,Ropa
ChIJcbf0zAsqHYwR1X35_YwxCUY,Marzela Boutique,Boutiques,Tienda
ChIJcbf0zAsqHYwR1X35_YwxCUY,Marzela Boutique,Boutiques,Moda
ChIJzXfyLr5oA4wRk28-TdTDgWo,La Femme Boutique PR,Boutiques,Ropa
ChIJzXfyLr5oA4wRk28-TdTDgWo,La Femme Boutique PR,Boutiques,Tienda
ChIJzXfyLr5oA4wRk28-TdTDgWo,La Femme Boutique PR,Boutiques,Moda
ChIJXQUwbnvXHIwRGE4W2ZeKiZo,Closet Boutique Ponce,Boutiques,Ropa
ChIJXQUwbnvXHIwRGE4W2ZeKiZo,Closet Boutique Ponce,Boutiques,Tienda
ChIJXQUwbnvXHIwRGE4W2ZeKiZo,Closet Boutique Ponce,Boutiques,Moda
ChIJDT_xbU5pA4wR0N8qCsdhetE,Aurora Boutique,Boutiques,Ropa
ChIJDT_xbU5pA4wR0N8qCsdhetE,Aurora Boutique,Boutiques,Tienda
ChIJDT_xbU5pA4wR0N8qCsdhetE,Aurora Boutique,Boutiques,Moda
ChIJMzp-egDVHIwRHKLONewMbfA,Alpha Market Boutique,Boutiques,Ropa
ChIJMzp-egDVHIwRHKLONewMbfA,Alpha Market Boutique,Boutiques,Tienda
ChIJMzp-egDVHIwRHKLONewMbfA,Alpha Market Boutique,Boutiques,Moda
ChIJC-fUlojVHIwRLcpDMdQQjp0,Zoom Moda,Boutiques,Ropa
ChIJC-fUlojVHIwRLcpDMdQQjp0,Zoom Moda,Boutiques,Tienda
ChIJC-fUlojVHIwRLcpDMdQQjp0,Zoom Moda,Boutiques,Moda
ChIJoWzK0r9oA4wRkZiXzm0ESeE,Zil Boutique,Boutiques,Ropa
ChIJoWzK0r9oA4wRkZiXzm0ESeE,Zil Boutique,Boutiques,Tienda
ChIJoWzK0r9oA4wRkZiXzm0ESeE,Zil Boutique,Boutiques,Moda
ChIJE4_heb5oA4wRRVmYvf5SGYw,Silhouette Boutique,Boutiques,Ropa
ChIJE4_heb5oA4wRRVmYvf5SGYw,Silhouette Boutique,Boutiques,Tienda
ChIJE4_heb5oA4wRRVmYvf5SGYw,Silhouette Boutique,Boutiques,Moda
ChIJk0F8hyRZA4wRSXTy9vGphfw,Genesis Boutique,Boutiques,Ropa
ChIJk0F8hyRZA4wRSXTy9vGphfw,Genesis Boutique,Boutiques,Tienda
ChIJk0F8hyRZA4wRSXTy9vGphfw,Genesis Boutique,Boutiques,Moda
ChIJedLMhy8rHYwRO4Ns0gBeUKM,Mianteh Boutique,Boutiques,Ropa
ChIJedLMhy8rHYwRO4Ns0gBeUKM,Mianteh Boutique,Boutiques,Tienda
ChIJedLMhy8rHYwRO4Ns0gBeUKM,Mianteh Boutique,Boutiques,Moda
ChIJ3_oEfKxpA4wRno3rA5FmjeY,ONYX BOUTIQUE,Boutiques,Ropa
ChIJ3_oEfKxpA4wRno3rA5FmjeY,ONYX BOUTIQUE,Boutiques,Tienda
ChIJ3_oEfKxpA4wRno3rA5FmjeY,ONYX BOUTIQUE,Boutiques,Moda
ChIJa-4KTAVvA4wRrnp3y8bcRAM,Pink Tree,Boutiques,Ropa
ChIJa-4KTAVvA4wRrnp3y8bcRAM,Pink Tree,Boutiques,Tienda
ChIJV7CJqEyzAowRR72toXf0FGs,elenna Boutique,Boutiques,Ropa
ChIJV7CJqEyzAowRR72toXf0FGs,elenna Boutique,Boutiques,Tienda
ChIJV7CJqEyzAowRR72toXf0FGs,elenna Boutique,Boutiques,Moda
ChIJkxNn-8IzA4wRj2tbiZ-RXi8,Encanto Boutique,Boutiques,Ropa
ChIJkxNn-8IzA4wRj2tbiZ-RXi8,Encanto Boutique,Boutiques,Tienda
ChIJkxNn-8IzA4wRj2tbiZ-RXi8,Encanto Boutique,Boutiques,Moda
ChIJdbY95UJbA4wR2-CGjc0LT3U,Passo Boutique,Boutiques,Ropa
ChIJdbY95UJbA4wR2-CGjc0LT3U,Passo Boutique,Boutiques,Tienda
ChIJdbY95UJbA4wR2-CGjc0LT3U,Passo Boutique,Boutiques,Moda
ChIJlTPohjBqA4wRhQUA8fFz3lk,Annie's Boutique,Boutiques,Ropa
ChIJlTPohjBqA4wRhQUA8fFz3lk,Annie's Boutique,Boutiques,Tienda
ChIJlTPohjBqA4wRhQUA8fFz3lk,Annie's Boutique,Boutiques,Moda
ChIJgUZZpC0zA4wRUrfhEF7TyY0,Xuira Boutique | Moda femenina en Puerto Rico y USA,Boutiques,Ropa
ChIJgUZZpC0zA4wRUrfhEF7TyY0,Xuira Boutique | Moda femenina en Puerto Rico y USA,Boutiques,Tienda
ChIJgUZZpC0zA4wRUrfhEF7TyY0,Xuira Boutique | Moda femenina en Puerto Rico y USA,Boutiques,Moda
ChIJ9Y1UVbFrA4wRhGBmRam1fsA,Lucky Love Boutique,Boutiques,Ropa
ChIJ9Y1UVbFrA4wRhGBmRam1fsA,Lucky Love Boutique,Boutiques,Tienda
ChIJ9Y1UVbFrA4wRhGBmRam1fsA,Lucky Love Boutique,Boutiques,Moda
ChIJdYNHjcDnAowRTWeEXORFhz8,D Boutique,Boutiques,Ropa
ChIJdYNHjcDnAowRTWeEXORFhz8,D Boutique,Boutiques,Tienda
ChIJdYNHjcDnAowRTWeEXORFhz8,D Boutique,Boutiques,Moda
ChIJezACki3VHIwRVDyHFYwBE04,Vonique Boutique,Boutiques,Ropa
ChIJezACki3VHIwRVDyHFYwBE04,Vonique Boutique,Boutiques,Tienda
ChIJezACki3VHIwRVDyHFYwBE04,Vonique Boutique,Boutiques,Moda
ChIJreAT3MpBA4wRSCToy4DKN6I,Le Menina Boutique,Boutiques,Ropa
ChIJreAT3MpBA4wRSCToy4DKN6I,Le Menina Boutique,Boutiques,Accesorios
ChIJreAT3MpBA4wRSCToy4DKN6I,Le Menina Boutique,Boutiques,Tienda
ChIJreAT3MpBA4wRSCToy4DKN6I,Le Menina Boutique,Boutiques,Moda
ChIJt4EZLJTVHIwRtrqvI44zoAQ,Atelier Lissa Porrata,Boutiques,Ropa
ChIJt4EZLJTVHIwRtrqvI44zoAQ,Atelier Lissa Porrata,Boutiques,Tienda
ChIJveDJLprVHIwRmxVN0HgoPVE,Kriado,Boutiques,Ropa
ChIJveDJLprVHIwRmxVN0HgoPVE,Kriado,Boutiques,Tienda
ChIJpSCyufloA4wRiWL_ifXBRdY,Corte Frances Boutique,Boutiques,Ropa
ChIJpSCyufloA4wRiWL_ifXBRdY,Corte Frances Boutique,Boutiques,Tienda
ChIJpSCyufloA4wRiWL_ifXBRdY,Corte Frances Boutique,Boutiques,Moda
ChIJI3PPY4Q2A4wRzoF0a9p6a0I,Garage Boutique,Boutiques,Ropa
ChIJI3PPY4Q2A4wRzoF0a9p6a0I,Garage Boutique,Boutiques,Tienda
ChIJI3PPY4Q2A4wRzoF0a9p6a0I,Garage Boutique,Boutiques,Moda
ChIJ6WPZdsVpA4wRItAXcRTPy4Y,Chic Boutique,Boutiques,Ropa
ChIJ6WPZdsVpA4wRItAXcRTPy4Y,Chic Boutique,Boutiques,Tienda
ChIJ6WPZdsVpA4wRItAXcRTPy4Y,Chic Boutique,Boutiques,Moda
ChIJ488mDprVHIwRdY5H6mhep68,Hembras Boutique,Boutiques,Ropa
ChIJ488mDprVHIwRdY5H6mhep68,Hembras Boutique,Boutiques,Tienda
ChIJ488mDprVHIwRdY5H6mhep68,Hembras Boutique,Boutiques,Moda
ChIJCZHW4Y0pHYwR-R5tDjGjEbI,Sois Boutique,Boutiques,Ropa
ChIJCZHW4Y0pHYwR-R5tDjGjEbI,Sois Boutique,Boutiques,Tienda
ChIJCZHW4Y0pHYwR-R5tDjGjEbI,Sois Boutique,Boutiques,Moda
ChIJ-WhFZOOyAowRF6LJA45_by0,We Boutique by Lolita Boutique,Boutiques,Ropa
ChIJ-WhFZOOyAowRF6LJA45_by0,We Boutique by Lolita Boutique,Boutiques,Tienda
ChIJ-WhFZOOyAowRF6LJA45_by0,We Boutique by Lolita Boutique,Boutiques,Moda
ChIJme7k40dvA4wRzQtMNmdfi_M,Nativa Boutique,Boutiques,Tienda
ChIJme7k40dvA4wRzQtMNmdfi_M,Nativa Boutique,Boutiques,Moda
ChIJ00J105Y5A4wRrAJOXpHe524,Fashion Lab Boutique,Boutiques,Ropa
ChIJ00J105Y5A4wRrAJOXpHe524,Fashion Lab Boutique,Boutiques,Tienda
ChIJ00J105Y5A4wRrAJOXpHe524,Fashion Lab Boutique,Boutiques,Moda
ChIJk0FWkUJJA4wRfiSEwN0QOI8,M Boutique By: Mariely Colón,Boutiques,Ropa
ChIJk0FWkUJJA4wRfiSEwN0QOI8,M Boutique By: Mariely Colón,Boutiques,Tienda
ChIJk0FWkUJJA4wRfiSEwN0QOI8,M Boutique By: Mariely Colón,Boutiques,Moda
ChIJL3cykPrTAowR2jSc7pPT6iQ,Daniella's Boutique,Boutiques,Ropa
ChIJL3cykPrTAowR2jSc7pPT6iQ,Daniella's Boutique,Boutiques,Tienda
ChIJL3cykPrTAowR2jSc7pPT6iQ,Daniella's Boutique,Boutiques,Moda
ChIJrdt3x4jVHIwRNf8sLaj052Q,PicardíaBTQ (Picardía Boutique),Boutiques,Ropa
ChIJrdt3x4jVHIwRNf8sLaj052Q,PicardíaBTQ (Picardía Boutique),Boutiques,Tienda
ChIJrdt3x4jVHIwRNf8sLaj052Q,PicardíaBTQ (Picardía Boutique),Boutiques,Moda
ChIJ-Ztad5EZA4wRWGmEtnLEQ_U,Somarie Boutique,Boutiques,Ropa
ChIJ-Ztad5EZA4wRWGmEtnLEQ_U,Somarie Boutique,Boutiques,Tienda
ChIJ-Ztad5EZA4wRWGmEtnLEQ_U,Somarie Boutique,Boutiques,Moda
ChIJ8e1Rl5VnA4wRWtUBNl9OAuQ,Beautiful Spirit Boutique,Boutiques,Ropa
ChIJ8e1Rl5VnA4wRWtUBNl9OAuQ,Beautiful Spirit Boutique,Boutiques,Tienda
ChIJ8e1Rl5VnA4wRWtUBNl9OAuQ,Beautiful Spirit Boutique,Boutiques,Moda
ChIJPdlApZfVHIwREvlF9v91Ojo,Grace Marie Studio,Boutiques,Ropa
ChIJPdlApZfVHIwREvlF9v91Ojo,Grace Marie Studio,Boutiques,Tienda
ChIJQznoveNoA4wRhPikeeol3Pg,Bliss Boutique,Boutiques,Ropa
ChIJQznoveNoA4wRhPikeeol3Pg,Bliss Boutique,Boutiques,Tienda
ChIJQznoveNoA4wRhPikeeol3Pg,Bliss Boutique,Boutiques,Moda
ChIJuYQ9KjO7AowRXIlaoUAWf5A,Lily's Touch,Boutiques,Ropa
ChIJuYQ9KjO7AowRXIlaoUAWf5A,Lily's Touch,Boutiques,Tienda
ChIJn4jR6jVpA4wRoohymRLtxMk,Khloe Boutique,Boutiques,Ropa
ChIJn4jR6jVpA4wRoohymRLtxMk,Khloe Boutique,Boutiques,Tienda
ChIJn4jR6jVpA4wRoohymRLtxMk,Khloe Boutique,Boutiques,Moda
ChIJyZT83AozA4wRUdiUJi3bFSQ,Nahias Boutique,Boutiques,Ropa
ChIJyZT83AozA4wRUdiUJi3bFSQ,Nahias Boutique,Boutiques,Tienda
ChIJyZT83AozA4wRUdiUJi3bFSQ,Nahias Boutique,Boutiques,Moda
ChIJeTuq4AzdAowRAgZaGg1sL-k,Tada Boutique,Boutiques,Ropa
ChIJeTuq4AzdAowRAgZaGg1sL-k,Tada Boutique,Boutiques,Tienda
ChIJeTuq4AzdAowRAgZaGg1sL-k,Tada Boutique,Boutiques,Moda
ChIJt1S40lWzAowR3PzEvcuNL6w,Aire Gypsy Boutique Cabo Rojo Puerto Rico,Boutiques,Ropa
ChIJt1S40lWzAowR3PzEvcuNL6w,Aire Gypsy Boutique Cabo Rojo Puerto Rico,Boutiques,Tienda
ChIJt1S40lWzAowR3PzEvcuNL6w,Aire Gypsy Boutique Cabo Rojo Puerto Rico,Boutiques,Moda
ChIJoRIPMsduA4wRVIp4IvWJcUI,Valija - Viejo San Juan,Boutiques,Ropa
ChIJoRIPMsduA4wRVIp4IvWJcUI,Valija - Viejo San Juan,Boutiques,Accesorios
ChIJoRIPMsduA4wRVIp4IvWJcUI,Valija - Viejo San Juan,Boutiques,Calzado
ChIJoRIPMsduA4wRVIp4IvWJcUI,Valija - Viejo San Juan,Boutiques,Tienda
ChIJo3p4TmgfA4wRLOUEA6yKlHk,Sola Boutique Barceloneta,Boutiques,Ropa
ChIJo3p4TmgfA4wRLOUEA6yKlHk,Sola Boutique Barceloneta,Boutiques,Tienda
ChIJo3p4TmgfA4wRLOUEA6yKlHk,Sola Boutique Barceloneta,Boutiques,Moda
ChIJ-1eFJhszHYwRwsvo2MwDBzU,Moda & Más boutique,Boutiques,Ropa
ChIJ-1eFJhszHYwRwsvo2MwDBzU,Moda & Más boutique,Boutiques,Tienda
ChIJ-1eFJhszHYwRwsvo2MwDBzU,Moda & Más boutique,Boutiques,Moda
ChIJhd_gTr_VHIwRaUAJ063GLMc,Lush By Becky,Boutiques,Ropa
ChIJhd_gTr_VHIwRaUAJ063GLMc,Lush By Becky,Boutiques,Tienda
ChIJ_yYKJOe_AowRxpwVezfs_o0,In White Boutique,Boutiques,Ropa
ChIJ_yYKJOe_AowRxpwVezfs_o0,In White Boutique,Boutiques,Tienda
ChIJ_yYKJOe_AowRxpwVezfs_o0,In White Boutique,Boutiques,Moda
ChIJu36GR-PVHIwR6U1Bm-qBOYc,Windsor,Boutiques,Ropa
ChIJu36GR-PVHIwR6U1Bm-qBOYc,Windsor,Boutiques,Accesorios
ChIJu36GR-PVHIwR6U1Bm-qBOYc,Windsor,Boutiques,Calzado
ChIJu36GR-PVHIwR6U1Bm-qBOYc,Windsor,Boutiques,Tienda
ChIJ7ahjI13nAowR4nMB-EjlM8A,Sunday Vibes Boutique,Boutiques,Ropa
ChIJ7ahjI13nAowR4nMB-EjlM8A,Sunday Vibes Boutique,Boutiques,Tienda
ChIJ7ahjI13nAowR4nMB-EjlM8A,Sunday Vibes Boutique,Boutiques,Moda
ChIJ1c7W-ADCpaERtNkNmiY7kvw,YC Boutique|Jewelry,Boutiques,Ropa
ChIJ1c7W-ADCpaERtNkNmiY7kvw,YC Boutique|Jewelry,Boutiques,Tienda
ChIJ1c7W-ADCpaERtNkNmiY7kvw,YC Boutique|Jewelry,Boutiques,Accesorios
ChIJ1c7W-ADCpaERtNkNmiY7kvw,YC Boutique|Jewelry,Boutiques,Moda
ChIJB5B2FePVHIwRCUxWRz4M8js,Hefziba Boutique,Boutiques,Ropa
ChIJB5B2FePVHIwRCUxWRz4M8js,Hefziba Boutique,Boutiques,Tienda
ChIJB5B2FePVHIwRCUxWRz4M8js,Hefziba Boutique,Boutiques,Moda
ChIJt-VFqDArHYwRBGbk4zPPHp0,Fashion Fantasy by Aseel,Boutiques,Ropa
ChIJt-VFqDArHYwRBGbk4zPPHp0,Fashion Fantasy by Aseel,Boutiques,Tienda
ChIJt-VFqDArHYwRBGbk4zPPHp0,Fashion Fantasy by Aseel,Boutiques,Moda
ChIJO_qA6itFA4wR5Hp_LYN8X2A,Vou Boutique,Boutiques,Ropa
ChIJO_qA6itFA4wR5Hp_LYN8X2A,Vou Boutique,Boutiques,Tienda
ChIJO_qA6itFA4wR5Hp_LYN8X2A,Vou Boutique,Boutiques,Moda
ChIJb4LfGMduA4wRIF_GjJj9tls,Pure Soul Boutique,Boutiques,Ropa
ChIJb4LfGMduA4wRIF_GjJj9tls,Pure Soul Boutique,Boutiques,Tienda
ChIJb4LfGMduA4wRIF_GjJj9tls,Pure Soul Boutique,Boutiques,Moda
ChIJm6oSefhpA4wRX-hUPpd5SJA,Fashion Gallery Boutique,Boutiques,Ropa
ChIJm6oSefhpA4wRX-hUPpd5SJA,Fashion Gallery Boutique,Boutiques,Tienda
ChIJm6oSefhpA4wRX-hUPpd5SJA,Fashion Gallery Boutique,Boutiques,Moda
ChIJi2JtcrppA4wR9774PfbRcgE,Lou Boutique,Boutiques,Ropa
ChIJi2JtcrppA4wR9774PfbRcgE,Lou Boutique,Boutiques,Tienda
ChIJi2JtcrppA4wR9774PfbRcgE,Lou Boutique,Boutiques,Moda
ChIJLe6BbInVHIwRlot7ZEtSFY0,"Mi Coqui Souvenirs & Gift Shop, Ponce, Puerto Rico, USA.",Boutiques,Tienda
ChIJzZECFfO7AowRJ3R1HeDZIEg,Oh La La Boutique,Boutiques,Ropa
ChIJzZECFfO7AowRJ3R1HeDZIEg,Oh La La Boutique,Boutiques,Tienda
ChIJzZECFfO7AowRJ3R1HeDZIEg,Oh La La Boutique,Boutiques,Moda
ChIJb4FdcgDVHIwRkgos0iXGgFQ,Vitta Boutique,Boutiques,Ropa
ChIJb4FdcgDVHIwRkgos0iXGgFQ,Vitta Boutique,Boutiques,Tienda
ChIJb4FdcgDVHIwRkgos0iXGgFQ,Vitta Boutique,Boutiques,Moda
ChIJRQLt64jVHIwRUGgCiR909AY,Utopia Souvenir Shop,Boutiques,Accesorios
ChIJRQLt64jVHIwRUGgCiR909AY,Utopia Souvenir Shop,Boutiques,Tienda
ChIJNVVVVSErA4wRPYBQ3No5D24,Kinder Haus Boutique Ponce,Boutiques,Ropa
ChIJNVVVVSErA4wRPYBQ3No5D24,Kinder Haus Boutique Ponce,Boutiques,Tienda
ChIJNVVVVSErA4wRPYBQ3No5D24,Kinder Haus Boutique Ponce,Boutiques,Moda
ChIJOYgAUHGzAowRaxb3xMNC_Wo,Sola Boutique Mayaguez Mall,Boutiques,Ropa
ChIJOYgAUHGzAowRaxb3xMNC_Wo,Sola Boutique Mayaguez Mall,Boutiques,Tienda
ChIJOYgAUHGzAowRaxb3xMNC_Wo,Sola Boutique Mayaguez Mall,Boutiques,Moda
ChIJN1HKpZVoA4wRJ2NazLxb3FQ,Rocke Boutique,Boutiques,Ropa
ChIJN1HKpZVoA4wRJ2NazLxb3FQ,Rocke Boutique,Boutiques,Tienda
ChIJN1HKpZVoA4wRJ2NazLxb3FQ,Rocke Boutique,Boutiques,Moda
