nombre,subcategoria_actual
El Ventorrillo de Abuelo Bar & Grill,Barras
Los Hermanos Sport Bar & Grill.,Barras
"Algo Lindo Restaurant, Bar & Grill",Barras
Wings & Fries Co. - Morovis,Pubs
Señor Alitas,Pubs
Chinchorro El Malango,Pubs
El Rincon De Felo,Pubs
La Playita,Pubs
Cabra Loca,Pubs
El Eucalipto,Pubs
Las 40s Burger,Pubs
El Descuadre,Pubs
El Flamboyán,Pubs
"Casa Bavaria @ Morovis, PR",Pubs
El Saborengue,Pubs
Pirulos Bar,Pubs
El Barrilito Bar & Rest.,Pubs
The Scrap,Pubs
Asador Don Pablo,Pubs
The Little Corner 3,Pubs
Barafranca Picadera y Cerveceria,Pubs
Molcajete Morovis,Pubs
Maelo Chicken Fever,Pubs
Rancho Torres Morovis Puerto Rico,Pubs
Capelli Salon,Pubs
Suly's Little Corner,Pubs
Colmado Bar Cafetín El Flamboyán Since 1972,Pubs
Agencia Hípica 410 “La Buchaca Sport Bar & Grill”,Barras
Lechonera BAJARI,Pubs
Cata Viva,Pubs
The Flight Park,Pubs
El Nuevo Cantinflas,Pubs
Tito and Olga's Terrace,Pubs
Alcaldía Sport Bar,Pubs
The Humble Sport Bar,Pubs
Pa'l puente sport bar,Pubs
El Túnel Lucky Cash,Pubs
Colmado y Bar La Gran Parada,Pubs
Yoly's Café,Pubs
The Stream,Pubs
Wido's Pub,Pubs
Mojitos Solution Bar & Rest.,Pubs
Studio 54,Pubs
El Mercadito de Luly,Pubs
El Ocho de Rio,Pubs
El CAPORAL,Pubs
HighlevelSportbar,Pubs
Ven Pa' Qué Gozes,Pubs
El Punto 8 Sport Bar,Pubs
The Three Mangoes Farm,Pubs
Piel Kanela,Pubs
Refill Sport Bar,Pubs
La Esquina de Diego,Pubs
Perico's Pub,Pubs
Triángulo,Pubs
Ruta Típica,Pubs
Pa’L Monte de Villalba,Pubs
Wings & Fries Co. - Morovis,Discotecas
Chinchorro El Malango,Discotecas
El Descuadre,Discotecas
Pirulos Bar,Discotecas
El Barrilito Bar & Rest.,Discotecas
La 26 Sport and Grill,Discotecas
Wings & Fries Co. - Morovis,Barras
El Barrilito Bar & Rest.,Barras
Big Krazy,Barras
"Casa Bavaria @ Morovis, PR",Barras
Asador Don Pablo,Barras
La Playita,Barras
El Descuadre,Barras
Lechonera BAJARI,Barras
Señor Alitas,Barras
Chinchorro El Malango,Barras
The Little Corner 3,Barras
Cabra Loca,Barras
Maelo Chicken Fever,Barras
The Tasty One,Barras
Col. La Moca Cafe,Barras
Pa’l Yunque Food Park,Barras
Mattarello Morovis,Barras
Molcajete Morovis,Barras
Perras K-lientes,Barras
Grandpa's Seasoning,Barras
La Tasca,Barras
El Saborengue,Barras
La Parrilla Burger & Pizza,Barras
Los Mini Pastelitos,Barras
Under The Mango Rest,Barras
Edwin Pincho's,Barras
Con-Tenedores Food Truck Park,Barras
Marco's Pizza,Barras
LA ARGENTINA FOOD TRUCK,Barras
Carlitos Pollos #2,Barras
Cafeliz,Barras
Piscolabis Food Truck,Barras
Pirulos Bar,Barras
The Scrap,Barras
El Nuevo Cantinflas,Barras
El Rincon De Felo,Barras
Ruta Típica,Barras
Alejandro's Health Food,Barras
La Chuby Sandwiches,Barras
El Flamboyán,Barras
Frappe Morovis Guagita Blanca,Barras
Colmado Vista Alegre (Papo Perez),Barras
Rancho El Desahogo,Barras
El Sabor Jayuyano,Barras
Magdalena’s Coffee House,Barras
Rancho Torres Morovis Puerto Rico,Barras
Patria Mia,Barras
Augustos coffee bar,Barras
Hazel Bar,Barras
Nani’s Sweet Bakery,Barras
Morovis To Go,Barras
Red’s Place PR,Pubs
Señor Ándale - Naguabo,Pubs
El Botecito Bar & Grill,Barras
Super Benjy's Potatoes Taco & Grill,Pubs
Los Makos,Pubs
Bobby's Place,Pubs
JULYS PLACE BAR CAFE,Pubs
El Almendrito de Naguabo musica en vivo,Pubs
Spot 812,Pubs
El Navegante Rest. Naguabo,Pubs
JN Sport Bar,Pubs
Pito's Sport Bar,Pubs
Super Benjy's Cuisine,Pubs
Super Benyi's Cousine,Pubs
La Botana,Pubs
Cantina Tunilos,Pubs
LA CARBONERA 2,Pubs
TerraVento,Pubs
La Nueva Cabaña,Discotecas
Spot 812,Discotecas
Super Benjy's Potatoes Taco & Grill,Discotecas
Los Makos,Discotecas
Bobby's Place,Discotecas
El Navegante Rest. Naguabo,Discotecas
El Makito,Discotecas
Super Benyi's Cousine,Discotecas
La Botana,Discotecas
Super Benjy's Cuisine,Discotecas
Bianca Sport Bar,Discotecas
Super Benjy's Potatoes Taco & Grill,Barras
Red’s Place PR,Barras
El Navegante Rest. Naguabo,Barras
Señor Ándale - Naguabo,Barras
Bobby's Place,Barras
Noelia's,Barras
El Makito,Barras
Super Benyi's Cousine,Barras
Los Makos,Barras
TerraVento,Barras
Cantina Tunilos,Barras
Spot 812,Barras
La Botana,Barras
El Coral Pescadería,Barras
El Almendrito de Naguabo musica en vivo,Barras
Danny's Pizza,Barras
Super Benjy's Cuisine,Barras
JN Sport Bar,Barras
El Arrecife Sea Food,Barras
La Parrilla Brava,Barras
LA CARBONERA 2,Barras
Re-nacer Coffee Blessed,Barras
Robin’s Mojito Bar & Grill,Barras
The Mar Azul,Pubs
Duffy's Esperanza,Pubs
Lazy Jacks,Pubs
Mango Taphouse and Gastropub,Pubs
Biekes Bistro,Pubs
Mesita,Pubs
bar central,Pubs
Bar La Nasa,Pubs
Rincon del Sabor,Pubs
La Gran Parada,Pubs
Casa Nativo,Pubs
Kristy's on the Caribe,Pubs
Bananas Beach Bar and Guesthouse,Pubs
"Sabor Único, Inc",Pubs
El Quenepo Vieques,Pubs
Rising Roost,Pubs
Placita,Pubs
La Palma Cafe and Bar,Pubs
Crab Island Rum @ El Blok,Pubs
D’Frozz,Pubs
Che Reyes,Pubs
Chicken Coop Vieques Puerto Rico,Pubs
Arenamar SunBay's Cafe,Pubs
EL JEFE,Pubs
La Esquina,Pubs
The Mar Azul,Discotecas
Lazy Jacks,Discotecas
Bar La Nasa,Discotecas
The Vault Speakeasy Cabaret,Discotecas
bar central,Discotecas
Duffy's Esperanza,Discotecas
Paraíso La Placita,Discotecas
Tulum La Placita,Discotecas
Mango Taphouse and Gastropub,Discotecas
Club Vieques,Discotecas
Mesita,Discotecas
Biekes Bistro,Discotecas
CNOTE Jazz Club,Discotecas
Lejos Eco Retreat / Melao Social Club,Discotecas
El Quenepo Vieques,Discotecas
Caicu Bar,Discotecas
Bananas Beach Bar and Guesthouse,Discotecas
Vivo Beach Club,Discotecas
Duffy's Esperanza,Barras
The Mar Azul,Barras
Lazy Jacks,Barras
Bananas Beach Bar and Guesthouse,Barras
Rincon del Sabor,Barras
bar central,Barras
D’Frozz,Barras
Bar Cafetín: El Puente,Barras
"Gracias, De Nada",Barras
Mango Taphouse and Gastropub,Barras
Biekes Bistro,Barras
Mesita,Barras
Bar La Nasa,Barras
Isla Nena Crabwalk Cafe,Barras
Kristy's on the Caribe,Barras
Arenamar SunBay's Cafe,Barras
Crab Island Rum Distillery,Barras
Che Reyes,Barras
Club Vieques,Barras
El Quenepo Vieques,Barras
Our House Rest & Bar,Barras
El Cabo,Barras
Lejos Eco Retreat / Melao Social Club,Barras
Oasis Tapas & Lounge,Barras
Martineau Belle Playa,Barras
Balcon De Maelo,Pubs
Sorriso Sportbar,Pubs
The Roof,Pubs
ZanDunGa Sport Bar,Pubs
El Bosquecito Familiar,Pubs
Chili's,Pubs
Piscolabis Mexicanos,Pubs
La Fondita de Leo 🇵🇷,Pubs
Bakery Box,Pubs
El Museo de Los Cuernos,Pubs
Sabor de México Trujillo Alto,Pubs
"Carraizo Bajo, Trujillo Alto, Puerto Rico",Pubs
Nativos,Pubs
El Escondite Sport Bar,Pubs
"Bohio El Jagua, Chinchorro",Pubs
Jungle's Café,Pubs
Esencia Criolla,Pubs
EL PICOTASO,Pubs
Los Esmayaos Trujillo Alto,Pubs
Mambas Shack,Pubs
Sabana’s Sport Bar,Pubs
La Loma de Rafo,Pubs
El Mirador,Pubs
Soroco,Pubs
Nuestra Eskinita Bar,Pubs
Los Chatos,Pubs
El Castillo Criollo Rest.,Pubs
Luisito's Pub,Pubs
Placita San Miguel,Pubs
Tsunami Sushi To Go,Pubs
Lechonera Angelito's Place,Pubs
El Gran Chaparral,Pubs
Barcelona Bakery & Deli,Pubs
Rincón del Viajero Cafe,Pubs
Hiedra Cocktail Bar,Pubs
El Gazebo de Tino,Pubs
Panaderia El Punto La Gloria,Pubs
Oriental Palace,Pubs
El Vagón de Caki,Pubs
El Refugio,Pubs
La Cava Del Colmadito,Pubs
El Nuevo Punto,Pubs
Hacienda Dos Rios,Pubs
Echate Pa'k Bar & Grill,Barras
Colmado la Rosas,Pubs
100x35 Beer Boutique,Pubs
Rancho alegre,Pubs
La Loma de Rafo,Discotecas
"Bohio El Jagua, Chinchorro",Discotecas
The Roof,Discotecas
Placita San Miguel,Discotecas
Nativos,Discotecas
El Bosquecito Familiar,Discotecas
Lechonera Angelito's Place,Discotecas
Sabor de México Trujillo Alto,Discotecas
La Fondita de Leo 🇵🇷,Discotecas
Rincón del Viajero Cafe,Discotecas
Piscolabis Mexicanos,Discotecas
Esencia Criolla,Discotecas
Jungle's Café,Discotecas
PLAZA SAN MIGUEL,Discotecas
Oriental Palace,Discotecas
Deleite,Discotecas
El Castillo Criollo Rest.,Discotecas
Tsunami Sushi To Go,Discotecas
Barcelona Bakery & Deli,Discotecas
Vin'us,Discotecas
Hiedra Cocktail Bar,Discotecas
100x35 Beer Boutique,Discotecas
"In Salon, Plaza Matienzo",Discotecas
The Flight Park,Discotecas
Food Street,Discotecas
Papa Johns Pizza,Discotecas
Nativos,Barras
Piscolabis Mexicanos,Barras
Las Jibaritas Food Truck,Barras
Bakery Box,Barras
Asado BBQ,Barras
El Bosquecito Familiar,Barras
Mambas Shack,Barras
Tsunami Sushi To Go,Barras
La Fondita de Leo 🇵🇷,Barras
Sabor de México Trujillo Alto,Barras
Sorriso Sportbar,Barras
Esencia Criolla,Barras
El Sabor'Estaki,Barras
Barcelona Bakery & Deli,Barras
Hiedra Cocktail Bar,Barras
Oriental Palace,Barras
Food Street,Barras
Jungle's Café,Barras
Lechonera Angelito's Place,Barras
La Loma de Rafo,Barras
El Escondite Sport Bar,Barras
Placita San Miguel,Barras
El Castillo Criollo Rest.,Barras
100x35 Beer Boutique,Barras
"Bohio El Jagua, Chinchorro",Barras
Panaderia El Punto La Gloria,Barras
Repostería Kannella (Trujillo Alto),Barras
"Bonding Food & Beer Garden - Carolina, Puerto Rico",Barras
Sabana’s Sport Bar,Barras
El Platanal,Barras
La Preñá - Calle Loíza,Barras
DESARROPE BY Vidy's,Barras
Bohiques Rest & Bar,Barras
Papa Johns Pizza,Barras
Rincón del Viajero Cafe,Barras
The Flight Park,Barras
El Punto 8 Sport Bar,Barras
Miramar Food Truck Park,Barras
La Jamberguera,Barras
Metro Sport Bar & Grill,Barras
El Gazebo de Tino,Barras
La Puya Café,Barras
Rafi's Restaurant Bar & Grill,Barras
Hacienda Dos Rios,Barras
The Tank Bar & Grill,Barras
The Fury Bar & Grill,Barras
Shooters Billiards Bar and Grill,Barras
Last Jump,Pubs
The Lemon Bar & Grill / Anita's,Barras
Hacienda El Mandril,Pubs
870 Rooftop Bar and Grill,Barras
Player's Sport Bar,Pubs
THE HIT DE ORO SPORT BAR,Pubs
#MALA VIDA SPORT BAR,Pubs
El Josco Bar & Grill,Barras
Contra El Viento,Pubs
Pikyjuega,Pubs
Candela Great Candy,Pubs
1 y Ya’,Pubs
Barra 360 & Lucky Spot,Pubs
JJM Sport Bar,Pubs
El Cielito,Pubs
Piloneando Toa Alta,Pubs
El Oasis Patio Bar,Pubs
Bar La Carcajada,Pubs
Rudy's Pub - Sopas,Pubs
Nereida's Porch Pub,Pubs
Julius Pizza,Pubs
La Barricas Sport Bar,Pubs
Barbacoa 861,Pubs
Cafeliz,Pubs
El Rincón De Kabiyo,Pubs
Lucky Spot (Agencia Hípica & Bar),Pubs
Aníbal BBQ,Pubs
TOA ALTA BBQ,Pubs
La Alegria Chicken In,Pubs
Hacienda Rosado Ayala,Pubs
B22 by Saveur,Pubs
LA GOMERA SPORT BAR,Pubs
The Kañaveral,Pubs
Tsunami Colmado Bar & Grill,Barras
El Gran Chaparral Cantina,Pubs
Moroco's Café Bar & Grill,Barras
El Pilomatico Sport Bar,Pubs
Limo Viejo Beach,Pubs
El Chinchorro de Raymond,Pubs
La Cabaña,Pubs
El Toalteño,Pubs
Joel Sports Bar,Pubs
El Che By Richard Resto,Pubs
La Gran Parada -Toa Alta,Pubs
Bar de Chivín,Pubs
Bar La Cabaña - El Quenepo,Pubs
El Kampestre,Pubs
Colmado & Bar La Pra,Pubs
Hacienda El Mandril,Discotecas
Barra 360 & Lucky Spot,Discotecas
Candela Great Candy,Barras
El Mandril Sport Bar & Grill,Barras
Barra 360 & Lucky Spot,Barras
TOA ALTA BBQ,Barras
Piloneando Toa Alta,Barras
Hacienda El Mandril,Barras
Nuni's Pizza Bar & Grill,Barras
New Bar & Rest,Barras
THE HIT DE ORO SPORT BAR,Barras
Aníbal BBQ,Barras
The Kañaveral,Barras
JJM Sport Bar,Barras
Cosechando Bar & Grill,Barras
El Che By Richard Resto,Barras
La Cabaña,Barras
Los Topos Pizza Bar & Grill,Barras
Miami Bar,Pubs
Casilda Cocina Creativa & Sunset Rooftop,Pubs
La Yola Cataño,Pubs
4 Corner Sports Bar,Pubs
Diana's Sport Bar,Pubs
Rustikal Burger Bar & Kitchen,Pubs
Aquí CBB,Pubs
El Punto Sabroso,Pubs
A la Leña Pizza,Pubs
Miami Bar,Discotecas
Casilda Cocina Creativa & Sunset Rooftop,Discotecas
La Yola Cataño,Discotecas
Dónde te Quiero,Discotecas
Aquí CBB,Discotecas
El Punto Sabroso,Discotecas
Barrachina,Discotecas
Casa Cataño Food & Rum Theraphy,Discotecas
Empanadillas El Gordo,Discotecas
Toxic Night Club,Discotecas
Fogón de goya,Discotecas
El Punto Vegano,Discotecas
Casilda Cocina Creativa & Sunset Rooftop,Barras
La Yola Cataño,Barras
Miami Bar,Barras
Rustikal Burger Bar & Kitchen,Barras
Barra'e Café,Barras
Diana's Sport Bar,Barras
Bocao’ & Sal,Barras
"7 Mares, Bar & Pa' Picar",Barras
El Punto Sabroso,Barras
Aquí CBB,Barras
Casa Cataño Food & Rum Theraphy,Barras
Villa Pesquera,Barras
Sullivan's BBQ,Barras
A la Leña Pizza,Barras
Empanadillas El Gordo,Barras
La Carreta Smoke & Bar,Pubs
Broadway Gastro Bar,Pubs
Broadway Sport Bar,Pubs
The Pirates Pub,Pubs
Surf Shack,Pubs
Bar Los Bohios,Pubs
Aviator Sport Bar,Pubs
La Sombra Rest.,Pubs
The Ceiba,Pubs
Beer Box La Ceiba,Pubs
Sueños De Azucar,Pubs
La Cavaña Estate,Pubs
The Pírate Pub,Pubs
Broadway Gastro Bar,Discotecas
Broadway Sport Bar,Discotecas
Bar Los Bohios,Discotecas
La Carreta Smoke & Bar,Discotecas
Aviator Sport Bar,Discotecas
The Ceiba,Discotecas
Sueños De Azucar,Discotecas
Surf Shack,Discotecas
Surf Shack,Barras
La Carreta Smoke & Bar,Barras
Broadway Sport Bar,Barras
Broadway Gastro Bar,Barras
Sabor Boriitaly,Barras
El Wiwi Turbo,Barras
El Sazón de la Gordy's,Barras
Sueños De Azucar,Barras
Tiendita La Seyba,Barras
La Sombra Rest.,Barras
El Rincóncito Del Sabor ( Ceiba ),Barras
The Ceiba,Barras
La Ceiba Grocery Store,Barras
La Cavaña Estate,Barras
Chey's Pizza,Barras
Casa Vieja,Pubs
Cialeños Pizza & Pub,Pubs
La Terrazita D’ Ana,Pubs
El Bohío,Pubs
aBú Ciales Kitchen/Penúltima,Pubs
La Rumba Sports Bar,Pubs
The Orphan's Grocery Bar,Pubs
Casa Roja Bar&Grill,Pubs
Rancho El Desahogo,Pubs
Locos De Remate,Pubs
La Frontera Colmado Bar,Pubs
El Mata Plátano Bar & Grill,Barras
The Shark Cave,Pubs
Brisas de Kaliche,Pubs
Abolengo Rest. & Bar,Pubs
Rancho Rico,Pubs
Doña Flor,Pubs
El Ultimo Brinco de Lolo,Pubs
El Nuevo Timbiriche de Juanito,Pubs
Terraza Sport Bar,Pubs
Pollos Neco,Pubs
Expreso Beer and More,Pubs
Asao,Pubs
Ruta Taina,Pubs
Pal Campo Rest 146,Pubs
La Estación del Chinchorreo,Pubs
The Lelolai Bar & Cuisine,Pubs
Bar-Bon,Pubs
Pal' Kala,Pubs
La Mexkla,Pubs
Gagus's Cafe Sport & Bar,Pubs
Colmado Bar la Ultima Copa,Pubs
Choky's Pincho,Pubs
"Willy's Pinchos ""El Original""",Pubs
Chinchorro San Jose,Pubs
Sabor D'qui,Pubs
The Chinese Palace,Pubs
Hot Dog el Gato,Pubs
Vagabundo Social Speakeasy,Pubs
Suso's Bar & Rest.,Pubs
La Rumba Sports Bar,Discotecas
Casa Vieja,Discotecas
Cialeños Pizza & Pub,Discotecas
The Orphan's Grocery Bar,Discotecas
Rancho El Desahogo,Discotecas
Casa Roja Bar&Grill,Discotecas
aBú Ciales Kitchen/Penúltima,Discotecas
Rancho Rico,Discotecas
La Frontera Colmado Bar,Discotecas
Pal' Kala,Discotecas
aBú Ciales Kitchen/Penúltima,Barras
El Bohío,Barras
Casa Vieja,Barras
Choky's Pincho,Barras
Asao,Barras
Cialeños Pizza & Pub,Barras
Casa Roja Bar&Grill,Barras
Abolengo Rest. & Bar,Barras
El Timbre,Barras
Corali's Place,Barras
La Terraza de Bonanza,Barras
The Lelolai Bar & Cuisine,Barras
The Shark Cave,Barras
Pal Campo Rest 146,Barras
Locos De Remate,Barras
Pollos Neco,Barras
La Terrazita D’ Ana,Barras
El CAPORAL,Barras
El Ultimo Brinco de Lolo,Barras
El Ocho de Rio,Barras
Rancho Rico,Barras
Sabor D'qui,Barras
Zona 9 Bar & Grill + Billiards,Barras
Ruta Taina,Barras
La Rumba Sports Bar,Barras
La Medica Barra de Cafe By Zinnia,Barras
Zul Rooftop,Barras
The Orphan's Grocery Bar,Barras
Kalaloo Pizza,Barras
Modelos Bar,Barras
La Wueltita,Barras
Suso's Bar & Rest.,Barras
BOSCO,Barras
La Mexkla,Barras
El Refugio,Barras
Café Borikén,Barras
Las Palmas Bar and Rest.,Barras
La Estación del Chinchorreo,Barras
Arte de Jíbaro,Barras
Platanutre Bar & Grill,Barras
La Terraza de Juanita,Pubs
The Morrillo,Pubs
"Coconut Mar, Yabucoa",Pubs
Pa Casa Dua Bar And Rest,Pubs
El Bullpen,Pubs
El Caobo Bar & Grill,Barras
La Rumba Bar & Rest.,Pubs
The Tivoli,Pubs
El Hangover Sport Bar,Pubs
Los Tres Robles Bar & Grill,Barras
La Frontera Yabucoeña,Pubs
La Carcajada De Rafilin Sport Bar,Pubs
Agencia Hípica 295 - El Décimo Inning,Pubs
The New Fun,Pubs
La Cantina del Tejano,Pubs
El Tirijala Sport Bar,Pubs
La Burbu,Pubs
Georgie's Pizza Place Yabucoa,Pubs
El Nuevo Horizonte,Pubs
Delicia China,Pubs
La Pica,Pubs
Pizzeria The Relative #1,Pubs
Taqueria del Pueblo,Pubs
La carreta,Pubs
The Center LLC Horse Racing Agency #144,Pubs
La Placita de Santurce,Pubs
Kiosko La Frescura,Pubs
Sammy's Pizza #1,Pubs
Bar el cruce,Pubs
THE NEW PARE PUB,Pubs
Yabucoa Harbor Boulevard,Pubs
La Factoría,Pubs
Vivo Beach Club,Pubs
Vicky Sport Bar,Pubs
The Limbers of Rey,Pubs
The Play's Pub,Pubs
Bryant Cafe Sport Bar,Pubs
Casita Hato Rey,Pubs
La Rumba Bar & Rest.,Discotecas
La Placita de Santurce,Discotecas
La Frontera Yabucoeña,Discotecas
El Tirijala Sport Bar,Discotecas
The Tivoli,Discotecas
El Hangover Sport Bar,Discotecas
The Morrillo,Discotecas
Agencia Hípica 295 - El Décimo Inning,Discotecas
La Factoría,Discotecas
Azure Lounge,Discotecas
La Respuesta,Discotecas
La carreta,Discotecas
El Nuevo Horizonte,Discotecas
Bar Catedral Rooftop | Old San Juan,Discotecas
Yabucoa Quick Bar & Mexican Food,Discotecas
Delicia China,Discotecas
Taqueria del Pueblo,Discotecas
Georgie's Pizza Place Yabucoa,Discotecas
La Casa De Los Pastelillos,Discotecas
Kiosko La Frescura,Discotecas
Pizzeria The Relative #1,Discotecas
The Morrillo,Barras
El Nuevo Horizonte,Barras
La Frontera Yabucoeña,Barras
"Coconut Mar, Yabucoa",Barras
Pa Casa Dua Bar And Rest,Barras
La carreta,Barras
Yabucoa Quick Bar & Mexican Food,Barras
Georgie's Pizza Place Yabucoa,Barras
La Casita de Roldi,Barras
Sandbar.Culebra,Pubs
La Lobina,Pubs
JJ Grill & Bar,Pubs
El Batey,Pubs
Happy Landing,Pubs
The Spot,Pubs
Harspoon's,Pubs
La Cocina del Navegante,Pubs
Moncho’s BBQ,Pubs
Mamacitas Guest House,Pubs
The Spot,Discotecas
Sandbar.Culebra,Discotecas
La Lobina,Discotecas
Happy Landing,Discotecas
El Batey,Discotecas
Harspoon's,Discotecas
Club Seabourne,Discotecas
La Jíbara - Pizzería Creativa,Discotecas
Come y Vete,Discotecas
Sandbar.Culebra,Barras
La Cocina del Navegante,Barras
El Batey,Barras
JJ Grill & Bar,Barras
La Lobina,Barras
Come y Vete,Barras
Kiosko La Pica,Barras
Moncho’s BBQ,Barras
Happy Landing,Barras
Harspoon's,Barras
Heather's Pizza,Barras
DomiRico Flavor Food Truck,Barras
Rolls of Heaven,Barras
La Jíbara - Pizzería Creativa,Barras
Mamacitas Guest House,Barras
El Navegante de Culebra,Barras
Lechonera La Criolla en Culebra,Barras
Le Deli Bleu,Barras
Susie's,Barras
Openbar Barra Móvil | Coctelería,Barras
Blac Flamingo Coffee,Barras
El Desafío Bar & Grill,Barras
Lucas Spot Guánica,Pubs
Parrilla Playera,Pubs
Trankilandia Bar & Cuisine,Pubs
EL 2ble Tranque,Pubs
THE TINGLAO,Pubs
Toñin y Malen,Pubs
Mojito2Go,Pubs
Rincon Tropical,Pubs
El Jibarito en Playa,Pubs
Cafetin de Plo,Pubs
El Fogon Familiar,Pubs
Oceano Sport Bar,Pubs
Ancla Flotante,Pubs
Caños Pizza,Pubs
Ochoa,Pubs
El Mongo Tree,Pubs
El Quisqueyano,Pubs
El Badén,Pubs
Barbarazo,Pubs
Exyrius Sport Bar & Grill,Barras
Esperanza idrach,Pubs
COPAS Restobar,Pubs
Cruz Sport Bar,Pubs
Mojito to Go,Pubs
La Calle 4,Pubs
Café Borikén,Pubs
Don Carmelo / El Comandante Sport Bar & Grill,Barras
El Columpio,Pubs
Cafetín El Taino,Pubs
Scryer Rum & Café - Río Piedras,Pubs
El Rincon de la Picadera,Pubs
The Sand Bar,Pubs
Club Puertorriqueño Ensenada Guanica,Discotecas
Lucas Spot Guánica,Discotecas
THE TINGLAO,Discotecas
Mojito to Go,Discotecas
Parrilla Playera,Discotecas
Rincon Tropical,Discotecas
Mojito2Go,Discotecas
Lucas Spot Guánica,Barras
Parrilla Playera,Barras
Bocados Tamara y Algo Más,Barras
Trankilandia Bar & Cuisine,Barras
El Badén,Barras
El Turpial,Barras
Rincon Tropical,Barras
Treasure of the Seas,Barras
Mojito to Go,Barras
Ancla Flotante,Barras
THE TINGLAO,Barras
Caños Pizza,Barras
Esperanza idrach,Barras
Sazón con flow,Barras
Rancho Viejo,Barras
Bella Vista,Barras
Carlos BBQ,Barras
Mil Amores Mexican Bar & Grill,Barras
La Bibliotek Bar de libros,Barras
Oceano Sport Bar,Barras
El Guacamayo Pool Bar & Grill,Barras
Ochoa,Barras
Mojito2Go,Barras
Chandelier Bar,Barras
La Placita de Plamira,Barras
Cafetin de Plo,Barras
JOTO's Sport Bar,Barras
El Mongo Tree,Barras
Munchealo by Chris,Barras
Turku Kebabb,Barras
Azúkar y Mas by Aryta,Barras
Gran Canaria Puerto Rico,Barras
Q'lantro,Barras
El deportivo,Barras
Dulce Tentación Jayuya,Barras
Pikoteo Bar,Barras
Parador Guánica 1929,Barras
Kioskos Turísticos,Barras
Supermercado Econo,Barras
Panadería y Repostería L.A. Rivera,Barras
Bako,Barras
Supermax magnolia bayamon,Barras
PintuThakro,Barras
Pothencode Panchayath Office,Barras
Pescadería Bahia Guánica,Barras
El Colorao Sports Bar,Barras
Yolanda's Bar and Grill,Barras
The Black Steak House Lajas,Pubs
El Tamarindo Bar,Pubs
El Ultimo Brinco Spot Bar,Pubs
Isla Cueva,Pubs
Mar & Tierra Sport Bar,Pubs
La Parguera Rooftop,Pubs
La Ruta Del Peje,Pubs
Road 116 Parguera,Pubs
Reef Pop,Pubs
Reserva 304,Pubs
Fogata,Pubs
Brújula,Pubs
Puerto Parguera,Pubs
Pal’agua Meat and Wine Shop,Pubs
Reserva 304,Discotecas
La Parguera Rooftop,Discotecas
Balcones Nightclub,Discotecas
The Beach House Rincón,Discotecas
Isla Cueva,Discotecas
Reef Pop,Discotecas
Brújula,Discotecas
El Cubujon,Discotecas
The Black Steak House Lajas,Discotecas
La Casa del Dorado,Discotecas
El Patio de La Jamaca - La Parguera,Discotecas
Isla Cueva,Barras
El Tamarindo Bar,Barras
Puerto Parguera,Barras
Brújula,Barras
The Black Steak House Lajas,Barras
Mercado's Bakery Lajas,Barras
Barra Y Cafetín Buena Vista,Barras
La Jamaca Hotel- La Parguera,Barras
Reserva 304,Barras
La Parguera Rooftop,Barras
La Parguera Sport Bar,Barras
Pal’agua Meat and Wine Shop,Barras
Rest. Buen Provecho,Barras
Roosters Bar & Tapas,Barras
Quarto'sPizza,Barras
El Nuevo Chorro Coli,Barras
El Moroco Local Market,Barras
Grampa’s Place,Barras
Ruta 183 Bar & Grill,Barras
La Taverna Social Bar,Pubs
La Vieja Escuela Bar & Grill,Barras
Costa Rican Cantina,Pubs
7 Pizza & Bar,Pubs
Refranes Café Bar and Lounge,Pubs
Tijuana's Las Piedras,Pubs
Guacamole al Fresco,Pubs
La Taverna Social Bar,Discotecas
7 Pizza & Bar,Discotecas
Costa Rican Cantina,Discotecas
Refranes Café Bar and Lounge,Discotecas
El Boricua,Discotecas
K´bitos Brothers Sport Bar,Discotecas
Pa'l Bodegón Colmado & Sport Bar,Discotecas
Tijuana's Las Piedras,Discotecas
Guacamole al Fresco,Discotecas
Little Town Food Truck Park,Discotecas
Wagyu Burger by René,Discotecas
El Refugio,Discotecas
Beats Dance + Bites,Discotecas
Club Brava,Discotecas
Aguardiente Bar,Discotecas
El Rey del Cruce,Discotecas
El Ensayo Café • Teatro • Bar,Discotecas
El Ocho de Rio,Discotecas
Alcaldía Sport Bar,Discotecas
La Terapia,Discotecas
Bar El Deportivo,Discotecas
PLACITA FOOD TRUCK,Barras
La Taverna Social Bar,Barras
Rellenas Nocturnas - Foodtruck,Barras
Costa Rican Cantina,Barras
El Dugout bar artesano,Barras
Pearl of the Caribbean Rest & Bar,Barras
7 Pizza & Bar,Barras
Refranes Café Bar and Lounge,Barras
Placita Díaz Cruz,Barras
Guacamole al Fresco,Barras
Brisas BBQ,Barras
Pa'l Bodegón Colmado & Sport Bar,Barras
El Obrero,Barras
The Green Basket Market & Deli,Barras
Romiar Sports Bar,Barras
Sabrosos Limbers,Barras
La Nueva Tasca,Barras
Un Placer By Chef Luis Correa,Barras
The Compadres Sports Bar,Barras
Chinese Food Asahi Sushi Bar,Barras
Café Paraíso,Barras
K´bitos Brothers Sport Bar,Barras
El Rey del Cruce,Barras
Tijuana's Las Piedras,Barras
El Carreton de Madeline,Barras
- Plaza del Mercado de Río Piedras,Barras
Beauty Bar La Botica,Barras
The Queen Churros,Barras
La placita nocturna,Barras
Orange Coffee LLC,Barras
Flor De Parcha,Barras
Los castros Sport and bar,Barras
Colmado Bar Las 3 Palmitas,Barras
Colmado Bar El Resuelve,Barras
El Ensayo Café • Teatro • Bar,Barras
Bar La Minita,Barras
Carmela Foods,Barras
Las 3 J,Barras
El Hipopótamo,Barras
Mario's Pizza,Barras
Joe's Pizza,Barras
Naturola La Barra,Barras
Las Campiñas Mini-Market,Barras
Bar El Deportivo,Barras
Bianca’s VIP Lounge,Barras
"PINONES.COM Restaurant, Bar & Grill",Barras
The Ocean Bar & Rest.,Pubs
Superduper,Pubs
BOSCO,Pubs
Iguana Bar,Pubs
El Cabo,Pubs
El K'Rajo Beach Bar,Pubs
The Quarter Sport Bar,Pubs
La Casita Amarilla,Pubs
Las Reinas De La Piña Colada,Pubs
The Terrace Inc,Pubs
Antes De Lounge,Pubs
Camarero Sports Bar,Pubs
Hyde bar lounge,Pubs
Equino's Sport Bar,Pubs
El Tap Beer Co.,Pubs
El Nuevo Cocotero,Pubs
Kiosko La Comay,Pubs
Aquí se come bueno,Pubs
The New Reef,Pubs
Furtivo Speakeasy,Pubs
Loiza Street Station Bar,Pubs
Burger & Wings Bar,Pubs
Música Bar & Lounge PR,Pubs
El Buho Sport Bar,Pubs
HP Tavern,Pubs
Bar El Grillo,Pubs
Pinky's Calle Loíza,Pubs
La Vuelta Bar & Cocktails,Pubs
La Cueva del Mar | Calle Loíza,Pubs
La Rumba Loíza,Pubs
Oasis Tapas & Lounge,Pubs
La Terraza de Bonanza,Pubs
El Bar Bero,Pubs
La Cueva del Mar Isla Verde,Pubs
Charlie's Melodies,Pubs
Kiosko El Boricua,Pubs
Bebo's Café,Pubs
El Coco Frio,Pubs
Andy's Pub,Pubs
Cafetín El Hípico,Pubs
Boronía en la Placita,Pubs
Paladar Villa Fla & Guest House,Pubs
El_Father_Bar&Grill,Pubs
Carmín,Pubs
Mojito Beach Bar- Isla Verde,Pubs
Mi Casita Seafood,Pubs
El Monopolio Sports Bar & Grill.,Barras
El Parrilla,Pubs
Neiva,Pubs
Vintage 254,Pubs
El Nuevo Acuario,Pubs
Música Bar & Lounge PR,Discotecas
Kiosko La Comay,Discotecas
The Terrace Inc,Discotecas
Hyde bar lounge,Discotecas
Antes De Lounge,Discotecas
EBO Lounge,Discotecas
The New Reef,Discotecas
BOSCO,Discotecas
7eight7,Discotecas
Fifty Eight,Discotecas
El Parrilla,Discotecas
Ready Go,Discotecas
El K'Rajo Beach Bar,Discotecas
La Casita Amarilla,Discotecas
Furtivo Speakeasy,Discotecas
Sand Trap Bar & Grill,Barras
Taberna Los Vázquez,Discotecas
Kiosko El Boricua,Discotecas
Loiza Street Station Bar,Discotecas
El Nuevo Acuario,Discotecas
Superduper,Discotecas
Zul Rooftop,Discotecas
Club Vibra,Discotecas
Carmín,Discotecas
Kumo Rooftop,Discotecas
El Local en Santurce,Discotecas
Oasis Tapas & Lounge,Discotecas
D'Girls Gentlemen After Hours Club and Sushi Bar,Discotecas
La Chulería,Discotecas
El Tap Beer Co.,Discotecas
The Terrace Inc,Barras
The New Reef,Barras
El K'Rajo Beach Bar,Barras
Mojito Bar & Grill Hacienda Campo Rico,Barras
Pacos Cafe,Barras
Kiosko La Comay,Barras
La Casita Amarilla,Barras
Bebo's Café,Barras
Carmín,Barras
El Parrilla,Barras
Kiosko El Boricua,Barras
Paladar Villa Fla & Guest House,Barras
Raices Urbano,Barras
Sinaloa Marisquería Mexicana,Barras
El Nuevo Acuario,Barras
Pinky's Calle Loíza,Barras
La Cueva del Mar | Calle Loíza,Barras
Zajori Gastro Show,Barras
La Cueva del Mar Isla Verde,Barras
COPAS Restobar,Barras
Mi Casita Seafood,Barras
Sur Barra Nikkei,Barras
Música Bar & Lounge PR,Barras
La Chulería,Barras
Furtivo Speakeasy,Barras
AWWA Raw Bar,Barras
Kumo Rooftop,Barras
La Pastizzería Isla Verde,Barras
El Tap Beer Co.,Barras
Carabalí Bar & Grill,Barras
Clave Sol Bar & Rest.,Barras
Vagabundo Social Speakeasy,Barras
Destilado,Barras
Boardrider's Surf Bar and Grill,Barras
Edelweiss Bar & Grill,Barras
El Patio 773,Pubs
Drink&Play Rest.,Pubs
El Tipico,Pubs
CNOTE Jazz Club,Pubs
MojitoLab,Pubs
Calle 13 Mexican Cantina & Tequila Bar,Pubs
El Jefe Burger Shack And Mojito Factory,Pubs
Bikini Sport Bar,Pubs
5 o'Clock Somewhere Bar,Pubs
Asador Boricua,Pubs
Rincón del Sabor,Pubs
La Parrilla,Pubs
TAKIRRIQUEÑO LUQUILLO,Pubs
The Ossobuco,Pubs
Bungalu Rest & Bar,Pubs
Gringos Sport And Bar,Pubs
Sama,Pubs
La Monserrate Liquor Store,Pubs
El Patio 773,Discotecas
Bikini Sport Bar,Discotecas
El Flamboyán,Discotecas
TAKIRRIQUEÑO LUQUILLO,Discotecas
El Jefe Burger Shack And Mojito Factory,Discotecas
El Patio 773,Barras
El Tipico,Barras
Bikini Sport Bar,Barras
The Sweet Corner Co.,Barras
Rincón del Sabor,Barras
Drink&Play Rest.,Barras
MojitoLab,Barras
La Fonda Gourmet,Barras
El Jefe Burger Shack And Mojito Factory,Barras
Nativa Latin Cuisine,Barras
TAKIRRIQUEÑO LUQUILLO,Barras
CNOTE Jazz Club,Barras
La Parrilla,Barras
Terruño,Barras
Revolution Pizza Shop,Barras
Tu Viandon,Barras
Sama,Barras
Bungalu Rest & Bar,Barras
SolÉo,Barras
Rock Out Café,Pubs
Pata Pata,Pubs
Todo Pasa Sport Bar,Pubs
Las Palmas Manati,Pubs
La Tranka Sport Bar,Pubs
PIGS Beer Garden,Pubs
Sartenes,Pubs
Fu Hou Sushi Bar,Pubs
Todo Pasa Sport Bar,Discotecas
Rock Out Café,Discotecas
Sunset Bar & Grill,Barras
Mártir's Sport Bar,Discotecas
El Mesón Sandwiches (Manatí),Discotecas
Lechonera Rancho Alegre,Discotecas
Pa'l Alambique,Discotecas
Patrick's Irish Bar,Discotecas
K-feína Coffee Shop Manatí,Discotecas
Wingstop,Discotecas
Pollo Costero,Discotecas
Rico Arepa,Discotecas
Panakeia,Discotecas
Pastelillos Lamboy,Discotecas
Pura Pesca,Discotecas
Alcapurrias La 15 HATILLO PR,Discotecas
Mitaza Coffee House,Discotecas
Veronica's Bakery,Discotecas
El Nuevo Auténtico,Discotecas
La Braza Smokehouse,Discotecas
Asador Don Pablo,Discotecas
Atenas Bakery,Discotecas
KAI,Discotecas
PanPan Manati,Discotecas
"Ekelekua - Brunch, Bar & Tapas",Discotecas
LongHorn Steakhouse,Discotecas
Fu Hou Sushi Bar,Discotecas
Rock Out Café,Barras
Pata Pata,Barras
Donde no te ven,Barras
Todo Pasa Sport Bar,Barras
Rico Arepa,Barras
Vega’s Hit N Run Bar N Batting Cage,Barras
El Mesón Sandwiches (Manatí),Barras
Sartenes,Barras
Freddy's Burger,Barras
El Jangueito,Barras
La Preñá - Manatí,Barras
Los Rabanos Supermarket,Barras
K-feína Coffee Shop Manatí,Barras
Pollo Costero,Barras
Lechonera Rancho Alegre,Barras
Pastelillos Lamboy,Barras
Tony's Place,Barras
Pa'l Alambique,Barras
Barrachina,Barras
Fu Hou Sushi Bar,Barras
PanPan Manati,Barras
Expreso Beer and More,Barras
Voka'o Sport Bar,Barras
Los Pinos Café,Barras
La Factoría,Barras
Wingstop,Barras
PIGS Beer Garden,Barras
La Intriga de Doña Tata,Barras
Veronica's Bakery,Barras
Mil Historias Mesón y Pico,Barras
Deaverdura,Barras
El Colmado del Pueblo,Barras
Seis-93 Patio Bar & Picadera,Barras
Nutrition World Manatí,Barras
Atenas Bakery,Barras
La Bodega Bar And Gril,Barras
Mitaza Coffee House,Barras
Tirado’s Sport Bar,Barras
Bakano’s Sport Bar,Barras
Manatí Fried Chicken,Barras
Sabor Frappé - Manatí,Barras
El Nuevo Auténtico,Barras
La Braza Smokehouse,Barras
Dora's Health Food,Barras
Acai Express Monte Real Manatí,Barras
Alcapurrias La 15 HATILLO PR,Barras
Las Tablas,Pubs
El Rincón de Los Recuerdos,Pubs
Sol Y Mar,Pubs
Charlie's Bar & Grill,Barras
Miramar Bar,Pubs
Lee Mary's Pizza,Pubs
Los Tres Palos,Pubs
La Casona de Artemio,Pubs
Cafe El Mañanero,Pubs
El Buen Café,Pubs
Erik's Bakery and Pastry Shop,Pubs
Las Tablas,Discotecas
El Rincón de Los Recuerdos,Discotecas
El Desahogo,Discotecas
Sol Y Mar,Discotecas
Los Tres Palos,Discotecas
Beerloteca,Discotecas
Cowboys Cantina & Outside Grill,Discotecas
Caddy's Calypso,Discotecas
Lee Mary's Pizza,Discotecas
La Barrita de Norbert,Barras
Las Tablas,Barras
Casa Jíbara 00606,Barras
El Rincón de Los Recuerdos,Barras
Lee Mary's Pizza,Barras
El Buen Café,Barras
Cafe El Mañanero,Barras
Erik's Bakery and Pastry Shop,Barras
Negocio Carlos Seda,Barras
Sagra,Barras
Identidad Cocktail Bar,Barras
Maricao PR,Barras
El Muelle Restaurant Bar & Grill,Barras
Playa Soles Bar & Grill,Barras
El Callejón,Pubs
Pako Pepe,Pubs
Rincón Jueyero Sport Bar,Pubs
Bar El Jaguey Maunabo,Pubs
The Curve Bar,Pubs
El Tranque,Pubs
El Bache Bar & Rest.,Pubs
El Chapey Sport Bar,Pubs
La Placita Bar.,Pubs
La Cocina de Juanita,Pubs
Family's Pizza,Pubs
La Lomita del Sueño de un Jibarito,Pubs
Fulbari,Pubs
Bar La Línea,Pubs
Colmado Guantánamo - Pancho's Pub,Pubs
El Nuevo Milenium,Pubs
BaKno,Pubs
Al Aire Libre,Pubs
Siria's Cibercafe & Sportbar,Pubs
Modelos Bar,Pubs
El Callejón,Discotecas
Pako Pepe,Discotecas
La Lomita del Sueño de un Jibarito,Discotecas
El Callejón,Barras
Rincón Jueyero Sport Bar,Barras
Pako Pepe,Barras
Pika's Spot & Bar,Barras
La Lomita del Sueño de un Jibarito,Barras
Los Moralitos Sunset Bar & Grill - Restaurant,Barras
La Cocina de Juanita,Barras
El Tranque,Barras
Family's Pizza,Barras
El Chapey Sport Bar,Barras
The Little House Sport Bar and Grill,Barras
Las Copitas Sport Bar,Pubs
La Casita Bar,Pubs
Blue Bar,Pubs
Alba Biergarten,Pubs
Barrita El Tamarindo,Pubs
La Barrita de Manolo,Pubs
El Bambú (El Culito de David),Pubs
La Terraza Bar & Kitchen,Pubs
El Punto Sport Bar,Pubs
Toa Vaca View,Pubs
The Heritage Sports Bar,Pubs
Pa’Pikar y Algo Más Juana Díaz,Pubs
The Tranka,Pubs
The Pantheon,Pubs
Barrita Manel,Pubs
El Rincón Isleño,Pubs
Camino Al Bosque,Pubs
The Tenderete,Pubs
Red Pub,Pubs
the agave,Pubs
Pal' Barrio Bar & Grill,Barras
Pikandela Sport Bar,Pubs
Altura 561,Pubs
El Chinchorro de Aracelis,Pubs
The Hideaway Bar,Pubs
"VISTAS LOS LAGOS, VILLALBA",Pubs
Nacaguita Sport Bar,Pubs
La Curva de Gole,Pubs
Artesanale,Pubs
Aserradero Bar & Grill,Barras
The Commune,Pubs
La Casita Pa’l Monte,Pubs
Chinchorro,Pubs
Papi Pop Barra Y Colmado,Pubs
Jaime Bar and Grill,Barras
Guancha,Pubs
La Parada ‘149,Pubs
La Casita Bar,Discotecas
Blue Bar,Discotecas
Pa’L Monte de Villalba,Discotecas
Alba Biergarten,Discotecas
The Hideaway Bar,Discotecas
El Rincón Isleño,Discotecas
Camino Al Bosque,Discotecas
Pa'l Monte,Discotecas
Artesanale,Discotecas
La Casita Pa’l Monte,Discotecas
Pe Erre • Bembé & Sabrosura,Discotecas
El Rincón Isleño,Barras
Pa’L Monte de Villalba,Barras
Barrita El Tamarindo,Barras
La Terraza Bar & Kitchen,Barras
La Casita Bar,Barras
Camino Al Bosque,Barras
La Barrita de Manolo,Barras
Bread & Butter Co.,Barras
Alba Biergarten,Barras
Blue Bar,Barras
Barrita Manel,Barras
Dulce Locura,Barras
Artesanale,Barras
La Casita Pa’l Monte,Barras
Chinchorro,Barras
The Commune,Barras
