id,evento_municipio_id,source,fecha,horainicio,mismahora
6821,424,pietix,2026-06-05,20:30,false
6822,424,pietix,2026-06-06,19:00,false
6823,424,pietix,2026-06-07,15:00,false
6824,424,pietix,2026-06-12,20:30,false
6825,424,pietix,2026-06-13,19:00,false
6826,424,pietix,2026-06-14,15:00,false
6827,424,pietix,2026-06-20,19:00,false
6828,425,pietix,2026-06-06,20:00,false
6829,426,pietix,2026-06-06,20:00,false
6830,427,pietix,2026-05-14,20:00,false
6831,427,pietix,2026-05-28,20:00,false
6832,428,pietix,2026-05-14,20:00,false
6833,428,pietix,2026-05-21,20:00,false
6834,428,pietix,2026-05-28,20:00,false
6835,429,pietix,2026-05-15,20:00,false
6836,430,pietix,2026-05-16,18:00,false
6837,430,pietix,2026-05-16,21:00,false
6838,431,pietix,2026-05-16,19:00,false
6839,432,pietix,2026-05-17,17:00,false
6840,433,pietix,2026-05-29,19:00,false
6841,434,pietix,2026-07-12,17:00,false
6842,435,pietix,2026-07-18,20:00,false
6843,436,pietix,2026-07-25,19:00,false
6844,437,pietix,2026-08-01,19:00,false
6845,438,pietix,2026-08-22,19:00,false
6846,439,pietix,2026-08-29,19:00,false
6847,440,pietix,2026-05-16,19:30,false
6848,441,pietix,2026-05-16,20:00,false
6849,442,pietix,2026-05-16,20:00,false
6850,443,pietix,2026-05-17,18:00,false
6851,443,pietix,2026-05-31,13:00,false
6852,444,pietix,2026-05-16,20:30,false
6853,445,pietix,2026-05-17,18:00,false
6854,446,pietix,2026-05-16,20:30,false
6855,447,pietix,2026-06-04,20:30,false
6856,448,pietix,2026-06-05,20:30,false
6857,449,pietix,2026-06-06,20:30,false
6858,450,pietix,2026-07-25,19:30,false
6859,451,pietix,2026-08-01,20:30,false
6860,452,pietix,2026-08-22,20:30,false
6861,453,pietix,2026-05-21,14:00,false
6862,453,pietix,2026-05-22,12:00,false
6863,453,pietix,2026-05-23,12:00,false
6864,454,pietix,2026-05-22,20:00,false
6865,454,pietix,2026-05-23,20:00,false
6866,454,pietix,2026-07-17,20:00,false
6867,454,pietix,2026-07-18,20:00,false
6868,454,pietix,2026-08-21,20:00,false
6869,454,pietix,2026-08-22,20:00,false
6870,454,pietix,2026-09-18,20:00,false
6871,454,pietix,2026-09-19,20:00,false
6872,455,pietix,2026-05-22,20:30,false
6873,456,pietix,2026-05-23,20:30,false
6874,457,pietix,2026-05-24,18:30,false
6875,458,pietix,2026-05-23,17:00,false
6876,458,pietix,2026-05-24,12:00,false
6877,459,pietix,2026-05-23,19:00,false
6878,460,pietix,2026-05-23,20:00,false
6879,461,pietix,2026-05-23,20:00,false
6880,462,pietix,2026-05-23,20:00,false
6881,462,pietix,2026-06-27,20:00,false
6882,463,pietix,2026-05-23,20:30,false
6883,464,pietix,2026-05-24,17:00,false
6884,465,pietix,2026-05-24,20:00,false
6885,466,pietix,2026-05-29,20:00,false
6886,466,pietix,2026-05-30,20:00,false
6887,467,pietix,2026-05-29,20:00,false
6888,468,pietix,2026-05-30,18:30,false
6889,469,pietix,2026-05-31,17:00,false
6890,470,pietix,2026-05-31,18:00,false
6891,471,pietix,2026-06-05,20:00,false
6892,472,pietix,2026-06-06,20:00,false
6893,473,pietix,2026-06-12,20:00,false
6894,474,pietix,2026-06-06,19:00,false
6895,475,pietix,2026-06-06,20:00,false
6896,476,pietix,2026-06-13,20:00,false
6897,477,pietix,2026-06-20,20:00,false
6898,478,pietix,2026-06-27,20:00,false
6899,479,pietix,2026-07-25,19:00,false
6900,480,pietix,2026-08-01,20:00,false
6901,481,pietix,2026-08-08,20:00,false
6902,482,pietix,2026-08-22,20:00,false
6903,483,pietix,2026-09-05,20:00,false
6904,484,pietix,2026-10-10,20:00,false
6905,485,pietix,2026-10-24,20:00,false
6906,486,pietix,2026-11-01,17:00,false
6907,487,pietix,2026-06-06,20:30,false
6908,488,pietix,2026-06-27,20:00,false
6909,489,pietix,2026-06-06,20:30,false
6910,490,pietix,2026-06-07,14:00,false
6911,490,pietix,2026-06-08,12:00,false
6912,491,pietix,2026-06-07,17:00,false
6913,492,pietix,2026-06-12,11:58,false
6914,493,pietix,2026-06-12,11:58,false
6915,494,pietix,2026-06-12,12:00,false
6916,495,pietix,2026-06-13,08:58,false
6917,494,pietix,2026-06-13,09:00,false
6918,494,pietix,2026-06-14,09:00,false
6919,496,pietix,2026-06-13,18:00,false
6920,497,pietix,2026-06-13,19:00,false
6921,498,pietix,2026-07-18,19:00,false
6922,499,pietix,2026-06-14,16:00,false
6923,500,pietix,2026-06-20,09:00,false
6924,501,pietix,2026-06-20,19:00,false
6925,502,pietix,2026-06-20,20:00,false
6926,503,pietix,2026-06-26,20:00,false
6927,503,pietix,2026-06-27,20:00,false
6928,503,pietix,2026-06-28,17:00,false
6929,504,pietix,2026-06-26,20:00,false
6930,504,pietix,2026-06-27,20:00,false
6931,505,pietix,2026-06-28,15:00,false
6932,506,pietix,2026-07-03,20:00,false
6933,506,pietix,2026-07-04,20:00,false
6934,506,pietix,2026-07-31,20:00,false
6935,506,pietix,2026-08-01,20:00,false
6936,506,pietix,2026-09-04,20:00,false
6937,506,pietix,2026-09-05,20:00,false
6938,507,pietix,2026-07-18,09:00,false
6939,507,pietix,2026-07-19,09:00,false
6940,508,pietix,2026-07-23,20:30,false
6941,509,pietix,2026-07-24,20:30,false
6942,510,pietix,2026-07-25,20:30,false
6943,511,pietix,2026-07-26,18:30,false
6944,512,pietix,2026-08-01,20:00,false
6945,513,pietix,2026-08-02,18:00,false
6946,514,pietix,2026-08-02,18:00,false
6947,515,pietix,2026-08-08,20:00,false
6948,516,pietix,2026-08-14,20:00,false
6949,516,pietix,2026-08-15,20:00,false
6950,517,pietix,2026-08-14,20:30,false
6951,518,pietix,2026-08-15,20:30,false
6952,519,pietix,2026-08-16,18:30,false
6953,520,pietix,2026-08-29,20:00,false
6954,521,pietix,2026-08-29,20:30,false
6955,522,pietix,2026-09-26,19:00,false
6956,523,pietix,2026-10-17,20:30,false
6957,524,pietix,2026-09-25,19:00,false
6958,524,pietix,2026-09-26,10:00,false
6959,524,pietix,2026-09-27,10:00,false
