evento_id_temp,source_event_id,url,nombre_final,categoria_origen_boleteria,categoria_inferida_script,categoria_final_id,categoria_final_nombre,usa_sesiones_compra,total_sesiones_detectadas,total_venues_detectadas,municipio_principal_id,municipio_principal_nombre,municipios_detectados_en_venues,municipios_detectados_en_sesiones,lugar_principal,direccion_principal,total_fechas_finales,primera_fecha,ultima_fecha
205,gigantes-bsn-2026-temporada-regular,https://www.ticketera.com/events/detail/gigantes-bsn-2026-temporada-regular,Gigantes BSN 2026 - Temporada Regular,"gigantes, bsn, canonvanas, carolina, hector horta",Deportes,3,,true,1,1,15,Canóvanas,15,15,Coliseo Carlos Miguel Mangual,"Coliseo Carlos Miguel Mangual, Canóvanas",1,2026-05-14,2026-05-14
206,laura-pausini-world-tour,https://www.ticketera.com/events/detail/laura-pausini-world-tour,Laura Pausini “ Yo Canto World Tour”,laura pausini world tour coliseo de puerto rico mayo 2026 tony mojena,Conciertos,1,,true,1,1,65,San Juan,65,65,Coliseo de Puerto Rico,"Coliseo de Puerto Rico, San Juan",1,2026-05-14,2026-05-14
207,los-tigres-del-norte,https://www.ticketera.com/events/detail/los-tigres-del-norte,Los Tigres del Norte,los tigres del norte coca cola music hall puerto rico ccmh la loteria,Conciertos,1,,true,1,1,65,San Juan,65,65,Coca-Cola Music Hall,"Coca-Cola Music Hall, San Juan",1,2026-05-15,2026-05-15
208,aterciopelados,https://www.ticketera.com/events/detail/aterciopelados,Aterciopelados: La Pipa de la Paz,aterciopelados la pipa de la paz cba santurce shownet group,Conciertos,1,,true,1,1,65,San Juan,65,65,CBA Santurce,"CBA Santurce, San Juan",1,2026-05-15,2026-05-15
209,asi-o-mas-vulgar,https://www.ticketera.com/events/detail/asi-o-mas-vulgar,Así o Más Vulgar,"comedia, edgardo soto, bayamon, teatro braulio castillo, asi o mas vulgar",Comedia,10,,true,3,1,11,Bayamón,11,11,Teatro Braulio Castillo,"Teatro Braulio Castillo, Bayamón",3,2026-05-16,2026-05-17
210,uagm-food-fest-2026,https://www.ticketera.com/events/detail/uagm-food-fest-2026,UAGM Food Fest 2026,"uaman production, ana g mendez, carolina, uagm, recinto de carolina, food fest",Gastronomía,8,,true,1,1,16,Carolina,16,16,"UAGM, Recinto de Carolina","UAGM, Recinto de Carolina",1,2026-05-16,2026-05-16
211,esto-si-es-un-show,https://www.ticketera.com/events/detail/esto-si-es-un-show,Esto Sí Es Un Show,"Esto Sí Es Un Show Producciones Girasol, Inc. CBA Santurce esto si es un show cba santurce teatro yaguez mayaguez teatro ideal yauco cba san sebastian",Comedia,10,,true,4,3,50,Mayagüez,50|67|78,50|67|78,Teatro Yagüez,"Teatro Yagüez, Mayagüez",4,2026-05-16,2026-05-24
212,jonathan-barber-vision-ahead,https://www.ticketera.com/events/detail/jonathan-barber-vision-ahead,Jonathan Barber & Vision Ahead,jonathan barber vision ahead teatro inter metro Pro Arte Musical univerisidad interamericana recinto metropolitana,Comedia,10,,true,1,1,65,San Juan,65,65,Teatro Inter Metro,"Teatro Inter Metro, San Juan",1,2026-05-16,2026-05-16
213,grupo-mania-the-originals,https://www.ticketera.com/events/detail/grupo-mania-the-originals,Grupo Mania - The Originals,Grupo Mania - The Originals Eric Duars LLC CPR Choliseo Coliseo de Puerto Rico cpr,Conciertos,1,,true,1,1,65,San Juan,65,65,Coliseo de Puerto Rico,"Coliseo de Puerto Rico, San Juan",1,2026-05-16,2026-05-16
214,sr-family-ni-santos-ni-perfectos,https://www.ticketera.com/events/detail/sr-family-ni-santos-ni-perfectos,SR Family: Ni santos ni perfectos,sr family ni santos ni perfectos cba centro de bellas artes de san sebastian Alexandra LLC teatro ideal barceloneta ernesto ramos antonini fajardo jose m lugo emanuelli lajas juventud humacao vega baja america,Conciertos,1,,true,3,3,67,San Sebastián,58|67,58|67,Teatro Ernesto Ramos Antonini,"Teatro Ernesto Ramos Antonini, San Sebastián",3,2026-05-16,2026-05-24
215,lamb-of-god-in-flames-fit-for-an-autopsy,https://www.ticketera.com/events/detail/lamb-of-god-in-flames-fit-for-an-autopsy,Lamb of God & In Flames - Fit for an Autopsy,lamb of god & in flames coliseo de puerto rico choli cpr,Conciertos,1,,true,1,1,65,San Juan,65,65,Coliseo de Puerto Rico,"Coliseo de Puerto Rico, San Juan",1,2026-05-20,2026-05-20
216,nicky-jam-el-regreso-a-casa,https://www.ticketera.com/events/detail/nicky-jam-el-regreso-a-casa,Nicky Jam - El Regreso a Casa,nicky jam el regreso a casa coliseo de puerto rico vrdg entertainment llc cpr choli,Conciertos,1,,true,2,1,65,San Juan,65,65,Coliseo de Puerto Rico,"Coliseo de Puerto Rico, San Juan",2,2026-05-23,2026-05-24
217,jay-wheeler-mundo-rueditas-live,https://www.ticketera.com/events/detail/jay-wheeler-mundo-rueditas-live,Jay Wheeler,"pepe dueno, jose dueno, cpr, choli, zamira, jay, rueditas, wheeler, live",Conciertos,1,,true,1,1,65,San Juan,65,65,Coliseo de Puerto Rico,"Coliseo de Puerto Rico, San Juan",1,2026-05-29,2026-05-29
218,carlos-vives-la-provincia-tour-al-sol,https://www.ticketera.com/events/detail/carlos-vives-la-provincia-tour-al-sol,Carlos Vives & La Provincia “Tour al Sol”,"paco lopez, no limit, cpr, choliseo, vallenato, colombia, carlos",Conciertos,1,,true,1,1,65,San Juan,65,65,Coliseo de Puerto Rico,"Coliseo de Puerto Rico, San Juan",1,2026-06-05,2026-06-05
219,gaby-alicea-en-el-choli-el-boricua-es-otra-cosa,https://www.ticketera.com/events/detail/gaby-alicea-en-el-choli-el-boricua-es-otra-cosa,"Gaby Alicea: En el Choli, el Boricua es otra cosa","juan ward, alexandra llc, choli, risas, comedia, cpr gaby alicea boricua",Comedia,10,,true,1,1,65,San Juan,65,65,Coliseo de Puerto Rico,"Coliseo de Puerto Rico, San Juan",1,2026-06-13,2026-06-13
220,sin-bandera,https://www.ticketera.com/events/detail/sin-bandera,Sin Bandera,Sin Bandera R&M Entertainment LLC CPR Choliseo Coliseo de Puerto Rico cpr choli coliseo de puerto rico sin bandera,Conciertos,1,,true,1,1,65,San Juan,65,65,Coliseo de Puerto Rico,"Coliseo de Puerto Rico, San Juan",1,2026-08-28,2026-08-28
221,rosalia,https://www.ticketera.com/events/detail/rosalia,Rosalía Lux Tour,"moto mami, lux, paco lopez, no limit, cpr, choliseo, espana",Conciertos,1,,true,1,1,65,San Juan,65,65,Coliseo de Puerto Rico,"Coliseo de Puerto Rico, San Juan",1,2026-09-03,2026-09-03
222,tercer-cielo,https://www.ticketera.com/events/detail/tercer-cielo,Tercer Cielo,"paco lopez, no limit, entertainment, cpr, choliseo, sacra, tercer cielo",Conciertos,1,,true,1,1,65,San Juan,65,65,Coliseo de Puerto Rico,"Coliseo de Puerto Rico, San Juan",1,2026-09-05,2026-09-05
223,ricardo-montaner-el-ultimo-regreso-tour,https://www.ticketera.com/events/detail/ricardo-montaner-el-ultimo-regreso-tour,Ricardo Montaner “El Ultimo Regreso” Tour,Ricardo Montaner “El Ultimo Regreso” Tour Cajina Pro CPR Choliseo Coliseo de Puerto Rico,Conciertos,1,,true,1,1,65,San Juan,65,65,Coliseo de Puerto Rico,"Coliseo de Puerto Rico, San Juan",1,2026-09-18,2026-09-18
224,grupo-frontera,https://www.ticketera.com/events/detail/grupo-frontera,Grupo Frontera,"frontera, cpr, choliseo, move concert, mexicano, regional,",Conciertos,1,,true,1,1,65,San Juan,65,65,Coliseo de Puerto Rico,"Coliseo de Puerto Rico, San Juan",1,2026-09-19,2026-09-19
225,isabel-pantoja-50-aniversario,https://www.ticketera.com/events/detail/isabel-pantoja-50-aniversario,Isabel Pantoja / 50 Aniversario,isabel pantoja 50 aniversario coca cola music hall ENTERPRISE USA-PR LLC ccmh,Conciertos,1,,true,1,1,65,San Juan,65,65,Coca-Cola Music Hall,"Coca-Cola Music Hall, San Juan",1,2026-05-17,2026-05-17
226,elena-rose,https://www.ticketera.com/events/detail/elena-rose,ELENA ROSE,Elena Rose No Limit Entertainment Coca-Cola Music Hall ccmh,Conciertos,1,,true,1,1,65,San Juan,65,65,Coca-Cola Music Hall,"Coca-Cola Music Hall, San Juan",1,2026-05-21,2026-05-21
227,hector-el-torito,https://www.ticketera.com/events/detail/hector-el-torito,Hector Acosta,hector el torito coca cola music hall opm events inc cchm,Conciertos,1,,true,1,1,65,San Juan,65,65,Coca-Cola Music Hall,"Coca-Cola Music Hall, San Juan",1,2026-05-23,2026-05-23
228,premios-tu-musica-urbana,https://www.ticketera.com/events/detail/premios-tu-musica-urbana,Premios Tu Música Urbano Mix 2026,premio tu musica urbana ccmh coca cola music hall jose r rivera pedrogo,Conciertos,1,,true,1,1,65,San Juan,65,65,Coca-Cola Music Hall,"Coca-Cola Music Hall, San Juan",1,2026-06-04,2026-06-04
229,la-iglesia-en-la-calle,https://www.ticketera.com/events/detail/la-iglesia-en-la-calle,La Iglesia En La Calle,la iglesia en la calle ccmh UNCION EVENTS LLC,Conciertos,1,,true,1,1,65,San Juan,65,65,Coca-Cola Music Hall,"Coca-Cola Music Hall, San Juan",1,2026-06-07,2026-06-07
230,dante-gebel-1,https://www.ticketera.com/events/detail/dante-gebel-1,DANTE GEBEL,DANTE GEBEL JOSE DUENO PRESENTA Coca-Cola Music Hall cchm jose dueno dante gebel,Conciertos,1,,true,1,1,65,San Juan,65,65,Coca-Cola Music Hall,"Coca-Cola Music Hall, San Juan",1,2026-06-10,2026-06-10
231,george-lopez-live,https://www.ticketera.com/events/detail/george-lopez-live,George López Live,George Lopez Live Coca Cola Music Hall R & M ENTERTAINMENT LLC ccmh,Conciertos,1,,true,1,1,65,San Juan,65,65,Coca-Cola Music Hall,"Coca-Cola Music Hall, San Juan",1,2026-06-13,2026-06-13
232,elsa-y-elmar,https://www.ticketera.com/events/detail/elsa-y-elmar,Elsa y Elmar,elsa y elmar coca cola music hall seba rock entertainment llc ccmh,Conciertos,1,,true,1,1,65,San Juan,65,65,Coca-Cola Music Hall,"Coca-Cola Music Hall, San Juan",1,2026-07-10,2026-07-10
233,ub40,https://www.ticketera.com/events/detail/ub40,UB40,UB40 COCACOLA MUSIC HALL SINGLE STAR PRODUCTIONS CORP ccmh ub40 coca cola music hall,Conciertos,1,,true,1,1,65,San Juan,65,65,Coca-Cola Music Hall,"Coca-Cola Music Hall, San Juan",1,2026-07-11,2026-07-11
234,fronti-el-diamond-forever,https://www.ticketera.com/events/detail/fronti-el-diamond-forever,Fronti - El Diamond Forever,fronti el diamond forever coca cola music hall ccmh,Conciertos,1,,true,1,1,65,San Juan,65,65,Coca-Cola Music Hall,"Coca-Cola Music Hall, San Juan",1,2026-07-18,2026-07-18
235,el-mentalista,https://www.ticketera.com/events/detail/el-mentalista,El Mentalista,"El Mentalista Molusco, LLC Bellas Artes de Caguas",Otros,9,,true,1,1,13,Caguas,13,13,Bellas Artes de Caguas,Bellas Artes de Caguas,1,2026-05-30,2026-05-30
236,odilio-gonzalez-la-despedida-1,https://www.ticketera.com/events/detail/odilio-gonzalez-la-despedida-1,"Odilio González, La Despedida","agustin rosario, taller uno, mayaguez, teatro yaguez, cba caguas, ponce, teatro monsenor vicente murga, cba san sebastian, universidad catolica",Conciertos,1,,true,1,1,13,Caguas,13,13,Bellas Artes de Caguas,Bellas Artes de Caguas,1,2026-05-31,2026-05-31
237,camerata-coral-con-calle,https://www.ticketera.com/events/detail/camerata-coral-con-calle,Camerata Con Calle,camerata coral con calle bellas artes de caguas corp cba caguas,Otros,9,,true,1,1,13,Caguas,13,13,Bellas Artes de Caguas,Bellas Artes de Caguas,1,2026-06-27,2026-06-27
238,dancing-queen-abba-tributo-filarmonico,https://www.ticketera.com/events/detail/dancing-queen-abba-tributo-filarmonico,Dancing Queen ABBA Tributo Filarmónico,dancing queen abba tributo filarmonico bellas artes corp cba caguas,Conciertos,1,,true,1,1,13,Caguas,13,13,Bellas Artes de Caguas,Bellas Artes de Caguas,1,2026-08-29,2026-08-29
239,el-padre-le-pere,https://www.ticketera.com/events/detail/el-padre-le-pere,El Padre (Le Père),el padre le pere bellas artes de caguas en pareja 2 inc teatro yaguez mayaguez,Cultura / Teatro,7,,true,4,2,50,Mayagüez,13|50,13|50,Teatro Yagüez,"Teatro Yagüez, Mayagüez",4,2026-09-05,2026-09-20
240,charlie-zaa-nacer-de-nuevo-tour,https://www.ticketera.com/events/detail/charlie-zaa-nacer-de-nuevo-tour,Charlie Zaa: Nacer de Nuevo Tour,"rosalis flores, rtf, caguas, bac, bellas artes, charlie zaa nacer de nuevo tour",Conciertos,1,,true,1,1,13,Caguas,13,13,Bellas Artes de Caguas,Bellas Artes de Caguas,1,2026-11-15,2026-11-15
241,puerto-rico-beer-fest-9e1sht,https://www.ticketera.com/events/detail/puerto-rico-beer-fest-9e1sht,Puerto Rico Beer Fest 2026,puerto rico beer fest vivo beach club 2026,Conciertos,1,,true,1,1,16,Carolina,16,16,Vivo Beach Club,"Vivo Beach Club, Carolina",1,2026-10-03,2026-10-03
242,mario-vi-10-anos-sin-reirme,https://www.ticketera.com/events/detail/mario-vi-10-anos-sin-reirme,Mario VI 10 Años Sin Reirme,Mario VI 10 Años Sin Reirme Fernando Zavala Moneró Café Teatro & Bar,Comedia,10,,true,1,1,13,Caguas,13,13,Moneró Café Teatro & Bar,"Moneró Café Teatro & Bar, Caguas",1,2026-05-28,2026-05-28
243,don-esteban-luis-esteban-perico-ortiz-y-carlos-esteban-fonseca,https://www.ticketera.com/events/detail/don-esteban-luis-esteban-perico-ortiz-y-carlos-esteban-fonseca,Don Esteban - Luis Esteban,don esteban luis esteban perico ortiz y carlos esteban fonseca monero cafe caguas en pareja inc,Conciertos,1,,true,1,1,13,Caguas,13,13,Moneró Café Teatro & Bar,"Moneró Café Teatro & Bar, Caguas",1,2026-05-22,2026-05-22
244,desde-el-componente-de-mama-musica-risas-y-nostalgia,https://www.ticketera.com/events/detail/desde-el-componente-de-mama-musica-risas-y-nostalgia,"Desde el Componente de Mamá, Música, Risas y Nostalgia","Desde el Componente de Mamá, Música, Risas y Nostalgia Moneró Café Teatro & Bar mama musica monero cafe",Conciertos,1,,true,2,1,13,Caguas,13,13,Moneró Café Teatro & Bar,"Moneró Café Teatro & Bar, Caguas",2,2026-05-24,2026-06-06
245,chucho-avellanet-en-jamas-te-olvidare,https://www.ticketera.com/events/detail/chucho-avellanet-en-jamas-te-olvidare,Chucho Avellanet en Jamás Te Olvidaré,Chucho Avellanet en Jamás Te Olvidaré Bellas Artes de Caguas Corp Moneró Café Teatro & Bar monero cafe teatro bar,Conciertos,1,,true,1,1,13,Caguas,13,13,Moneró Café Teatro & Bar,"Moneró Café Teatro & Bar, Caguas",1,2026-06-14,2026-06-14
246,charlie-sepulveda-celebrando-el-buena-vista-social-club,https://www.ticketera.com/events/detail/charlie-sepulveda-celebrando-el-buena-vista-social-club,Charlie Sepúlveda - Celebrando el Buena Vista Social Club,charlie sepulveda celebrando el buena vista social club cba caguas Moneró Café Teatro & Bar EN-PAREJA-2 INC monero cafe teatro bar caguas,Conciertos,1,,true,1,1,13,Caguas,13,13,Moneró Café Teatro & Bar,"Moneró Café Teatro & Bar, Caguas",1,2026-06-19,2026-06-19
247,o-brasil-nossa-historia,https://www.ticketera.com/events/detail/o-brasil-nossa-historia,O Brasil - Nossa História 2,o brasil nossa historica 2 cba caguas monero cafe teatro bar,Conciertos,1,,true,1,1,13,Caguas,13,13,Moneró Café Teatro & Bar,"Moneró Café Teatro & Bar, Caguas",1,2026-06-20,2026-06-20
248,gorda,https://www.ticketera.com/events/detail/gorda,Gorda,gorda monero cafe teatro bar bellas artes de caguas compañia de teatro anamin santiago inc,Comedia,10,,true,1,1,13,Caguas,13,13,Moneró Café Teatro & Bar,"Moneró Café Teatro & Bar, Caguas",1,2026-06-27,2026-06-27
249,com-capital-of-motors,https://www.ticketera.com/events/detail/com-capital-of-motors,COM: Capital Of Motors,COM: Capital Of Motors Puerto Rico Convention Center San Juan jlpromotions racers club de pr llc,Ferias,4,,true,1,1,65,San Juan,65,65,Puerto Rico Convention Center,"Puerto Rico Convention Center, San Juan",1,2026-05-24,2026-05-24
250,inflalandia,https://www.ticketera.com/events/detail/inflalandia,Inflalandia,"inflalandia, waleska sierra, centro convenciones, san juan, puerto rico convention center",Ferias,4,,true,2,1,65,San Juan,65,65,Puerto Rico Convention Center,"Puerto Rico Convention Center, San Juan",2,2026-07-18,2026-07-19
251,eliades-ochoa,https://www.ticketera.com/events/detail/eliades-ochoa,Eliades Ochoa,eliades ochoa cba santurce taller uno inc,Otros,9,,true,1,1,65,San Juan,65,65,CBA Santurce,"CBA Santurce, San Juan",1,2026-05-16,2026-05-16
252,bee-gees-sinfonico-1,https://www.ticketera.com/events/detail/bee-gees-sinfonico-1,Bee Gees Sinfónico,bee gees sinfonico cba santurce Taller Uno Inc,Conciertos,1,,true,1,1,65,San Juan,65,65,CBA Santurce,"CBA Santurce, San Juan",1,2026-05-17,2026-05-17
253,hamlet,https://www.ticketera.com/events/detail/hamlet,Hamlet,hamlet cba santurce broadway illusions inc,Cultura / Teatro,7,,true,1,1,65,San Juan,65,65,CBA Santurce,"CBA Santurce, San Juan",1,2026-05-24,2026-05-24
254,jala-jala-el-combo-filarmonico,https://www.ticketera.com/events/detail/jala-jala-el-combo-filarmonico,Jala Jala El Combo Filarmónico,jala jala el combo filarmonico cba santurce Fundación Arturo Somohano,Conciertos,1,,true,1,1,65,San Juan,65,65,CBA Santurce,"CBA Santurce, San Juan",1,2026-05-23,2026-05-23
255,festival-casals-de-puerto-rico-2026-concierto-inaugural,https://www.ticketera.com/events/detail/festival-casals-de-puerto-rico-2026-concierto-inaugural,Festival Casals de Puerto Rico 2026 - Concierto Inaugural,Festival Casals de Puerto Rico 2026 - Concierto Inaugural cba santurce,Conciertos,1,,true,1,1,65,San Juan,65,65,CBA Santurce,"CBA Santurce, San Juan",1,2026-05-23,2026-05-23
256,festival-casals-de-puerto-rico-2026-recital-de-chelo-y-piano,https://www.ticketera.com/events/detail/festival-casals-de-puerto-rico-2026-recital-de-chelo-y-piano,Festival Casals de Puerto Rico 2026 - Recital de Chelo y Piano,Festival Casals de Puerto Rico 2026 - Recital de Chelo y Piano cba santurce,Conciertos,1,,true,1,1,65,San Juan,65,65,CBA Santurce,"CBA Santurce, San Juan",1,2026-05-24,2026-05-24
257,festival-casals-de-puerto-rico-2026-las-troyanas,https://www.ticketera.com/events/detail/festival-casals-de-puerto-rico-2026-las-troyanas,Festival Casals de Puerto Rico 2026 - Las Troyanas,Festival Casals de Puerto Rico 2026 - Las Troyanas cba santurce,Otros,2,,true,2,1,65,San Juan,65,65,CBA Santurce,"CBA Santurce, San Juan",2,2026-05-29,2026-05-30
258,los-tres-pianistas-one-more-time,https://www.ticketera.com/events/detail/los-tres-pianistas-one-more-time,Los Tres Pianistas,"stevan micheo, franco, adlan cruz, clasico, musica, cba, santurce, centro bellas artes los tres pianistas one more time",Conciertos,1,,true,1,1,65,San Juan,65,65,CBA Santurce,"CBA Santurce, San Juan",1,2026-05-30,2026-05-30
259,festival-casals-de-puerto-rico-2026-boston-symphony-chamber-players,https://www.ticketera.com/events/detail/festival-casals-de-puerto-rico-2026-boston-symphony-chamber-players,Festival Casals de Puerto Rico 2026 - Boston Symphony Chamber Players,Festival Casals de Puerto Rico 2026 - Boston Symphony Chamber Players cba santurce,Conciertos,1,,true,1,1,65,San Juan,65,65,CBA Santurce,"CBA Santurce, San Juan",1,2026-05-31,2026-05-31
260,radel-ortiz-stand-up-comedy-tour-2026,https://www.ticketera.com/events/detail/radel-ortiz-stand-up-comedy-tour-2026,Radel Ortiz Stand Up Comedy Tour 2026,radel ortiz stand up comedy tour 2026 cba santurce lana productions inc.,Comedia,10,,true,1,1,65,San Juan,65,65,CBA Santurce,"CBA Santurce, San Juan",1,2026-05-31,2026-05-31
261,criollos-de-caguas-bsn-2026-temporada-regular,https://www.ticketera.com/events/detail/criollos-de-caguas-bsn-2026-temporada-regular,Criollos de Caguas BSN 2026 - Temporada Regular,criollos de caguas bsn 2026 temporada regular coliseo roger mendoza,Deportes,3,,true,8,1,13,Caguas,13,13,Coliseo Roger Mendoza,"Coliseo Roger Mendoza, Caguas",8,2026-05-18,2026-05-30
262,vaqueros-de-bayamon-bsn-2026-temporada-regular,https://www.ticketera.com/events/detail/vaqueros-de-bayamon-bsn-2026-temporada-regular,Vaqueros de Bayamon BSN 2026 - Temporada Regular,Vaqueros de Bayamon BSN 2026 emg sports vaqueros de bayamon bsn,Deportes,3,,true,6,1,11,Bayamón,11,11,Coliseo Rubén Rodríguez,"Coliseo Rubén Rodríguez, Bayamón",6,2026-05-18,2026-06-25
263,osos-de-manati-bsn-2026-temporada-regular,https://www.ticketera.com/events/detail/osos-de-manati-bsn-2026-temporada-regular,Osos de Manati BSN 2026 - Temporada Regular,Osos de Manati BSN 2026 SJ Events Coliseo Juan Aubín Cruz Bincito osos de manati bsn coliseo juan aubin cruz bincito,Deportes,3,,true,2,1,47,Manatí,47,47,"Coliseo Juan Aubín Cruz ""Bincito""","Coliseo Juan Aubín Cruz ""Bincito"", Manatí",2,2026-05-25,2026-05-30
264,choke-de-campeones,https://www.ticketera.com/events/detail/choke-de-campeones,Choke de Campeones,choke de campeones Palacio de Recreación y Deportes Universal Promotion mayaguez,Deportes,3,,true,1,1,50,Mayagüez,50,50,Palacio de Recreación y Deportes,"Palacio de Recreación y Deportes, Mayagüez",1,2026-05-30,2026-05-30
265,tributo-a-las-k-pop,https://www.ticketera.com/events/detail/tributo-a-las-k-pop,Tributo a las K-POP,tributo a las k-pop teatro municipal de cayey auditorio juan pachin vicens auditorio sixto escobar vargas centro de bellas artes de humacao centro de bellas artes de san sebastian palacio de recreacion y deportes mayaguez teatro juventud lajas teatro ideal yauco coliseo francisco pancho deida mendez hatillo convenciones coamo,Ferias,1,,true,2,2,22,Coamo,22|36,22|36,Centro de Convenciones de Coamo,Centro de Convenciones de Coamo,2,2026-05-17,2026-05-24
266,noche-de-san-juan,https://www.ticketera.com/events/detail/noche-de-san-juan,Día de San Juan,noche de san juan esj resort llc fairmont san juan hotel,Ferias,1,,true,1,1,65,San Juan,65,65,Fairmont El San Juan Hotel,Fairmont El San Juan Hotel,1,2026-06-20,2026-06-20
267,dino-encounter-jurassic-experience,https://www.ticketera.com/events/detail/dino-encounter-jurassic-experience,Dino Encounter - Jurassic Experience,Dino Encounter - Jurassic Experience Abel Durant Toro Centro de Bellas Artes de San Sebastian,Familiar,5,,true,1,1,67,San Sebastián,67,67,Centro de Bellas Artes de San Sebastián,Centro de Bellas Artes de San Sebastián,1,2026-07-19,2026-07-19
268,mojito-fest,https://www.ticketera.com/events/detail/mojito-fest,Mojito Fest,mojito fest parque agroturistico el dorado capital entertainment inc,Gastronomía,8,,true,1,1,26,Dorado,26,26,Parque Agroturístico El Dorado,Parque Agroturístico El Dorado,1,2026-05-23,2026-05-23
269,el-guaynabito-de-corozal,https://www.ticketera.com/events/detail/el-guaynabito-de-corozal,El Guaynabito de Corozal,el guaynabito de corozal cba santurce edgardo soto llc gianluca perotti el borimbiano teatro yagüez monero teatro bar teatro ideal cine teatro manuel nieves quintero corozal yauco braulio castillo bayamon,Comedia,10,,true,3,3,78,Yauco,11|50|78,11|50|78,Teatro Ideal,"Teatro Ideal, Yauco",3,2026-05-30,2026-06-20
270,dear-evan-hansen,https://www.ticketera.com/events/detail/dear-evan-hansen,Dear Evan Hansen,"dear evan hansen, cba, santurce, broadway illusions, jose rosario",Conciertos,1,,true,3,1,65,San Juan,65,65,CBA Santurce,"CBA Santurce, San Juan",3,2026-06-05,2026-06-06
271,cuca-gomez-la-cenicienta,https://www.ticketera.com/events/detail/cuca-gomez-la-cenicienta,Cuca Gómez: La Cenicienta,"alexandra llc, cba, santurce, biscocho, otilio warrintong, juan ward, cuca gomez, la cenicienta, teatro yaguez, mayaguez",Comedia,10,,true,4,2,65,San Juan,50|65,50|65,CBA Santurce,"CBA Santurce, San Juan",4,2026-06-06,2026-06-13
272,something-rotten,https://www.ticketera.com/events/detail/something-rotten,Something Rotten!,"peter promotions, san juan, teatro, arrivi, something rotten",Comedia,10,,true,2,1,65,San Juan,65,65,Teatro Francisco Arriví,"Teatro Francisco Arriví, San Juan",2,2026-06-06,2026-06-07
273,la-noche-santa,https://www.ticketera.com/events/detail/la-noche-santa,La Noche Santa,la noche santa cba santurce Producciones Eche,Otros,9,,true,3,1,65,San Juan,65,65,CBA Santurce,"CBA Santurce, San Juan",3,2026-06-12,2026-06-14
274,soy-menopausica-y-que,https://www.ticketera.com/events/detail/soy-menopausica-y-que,Soy Menopáusica ¡Y Qué!,"marian pabon, lajas, soy menopausica y que, buster vega, teatro juventud",Comedia,10,,true,1,1,41,Lajas,41,41,Teatro Juventud,"Teatro Juventud, Lajas",1,2026-06-20,2026-06-20
