evento_id,source,source_event_id,url_evento,logo_key,prioridad,activo
215,ticketera,gigantes-bsn-2026-temporada-regular,https://www.ticketera.com/events/detail/gigantes-bsn-2026-temporada-regular,ticketera,30,true
216,ticketera,laura-pausini-world-tour,https://www.ticketera.com/events/detail/laura-pausini-world-tour,ticketera,30,true
217,ticketera,los-tigres-del-norte,https://www.ticketera.com/events/detail/los-tigres-del-norte,ticketera,30,true
218,ticketera,aterciopelados,https://www.ticketera.com/events/detail/aterciopelados,ticketera,30,true
219,ticketera,asi-o-mas-vulgar,https://www.ticketera.com/events/detail/asi-o-mas-vulgar,ticketera,30,true
220,ticketera,uagm-food-fest-2026,https://www.ticketera.com/events/detail/uagm-food-fest-2026,ticketera,30,true
221,ticketera,esto-si-es-un-show,https://www.ticketera.com/events/detail/esto-si-es-un-show,ticketera,30,true
222,ticketera,jonathan-barber-vision-ahead,https://www.ticketera.com/events/detail/jonathan-barber-vision-ahead,ticketera,30,true
223,ticketera,grupo-mania-the-originals,https://www.ticketera.com/events/detail/grupo-mania-the-originals,ticketera,30,true
224,ticketera,sr-family-ni-santos-ni-perfectos,https://www.ticketera.com/events/detail/sr-family-ni-santos-ni-perfectos,ticketera,30,true
225,ticketera,lamb-of-god-in-flames-fit-for-an-autopsy,https://www.ticketera.com/events/detail/lamb-of-god-in-flames-fit-for-an-autopsy,ticketera,30,true
226,ticketera,nicky-jam-el-regreso-a-casa,https://www.ticketera.com/events/detail/nicky-jam-el-regreso-a-casa,ticketera,30,true
227,ticketera,jay-wheeler-mundo-rueditas-live,https://www.ticketera.com/events/detail/jay-wheeler-mundo-rueditas-live,ticketera,30,true
228,ticketera,carlos-vives-la-provincia-tour-al-sol,https://www.ticketera.com/events/detail/carlos-vives-la-provincia-tour-al-sol,ticketera,30,true
229,ticketera,gaby-alicea-en-el-choli-el-boricua-es-otra-cosa,https://www.ticketera.com/events/detail/gaby-alicea-en-el-choli-el-boricua-es-otra-cosa,ticketera,30,true
230,ticketera,sin-bandera,https://www.ticketera.com/events/detail/sin-bandera,ticketera,30,true
231,ticketera,rosalia,https://www.ticketera.com/events/detail/rosalia,ticketera,30,true
232,ticketera,tercer-cielo,https://www.ticketera.com/events/detail/tercer-cielo,ticketera,30,true
233,ticketera,ricardo-montaner-el-ultimo-regreso-tour,https://www.ticketera.com/events/detail/ricardo-montaner-el-ultimo-regreso-tour,ticketera,30,true
234,ticketera,grupo-frontera,https://www.ticketera.com/events/detail/grupo-frontera,ticketera,30,true
235,ticketera,isabel-pantoja-50-aniversario,https://www.ticketera.com/events/detail/isabel-pantoja-50-aniversario,ticketera,30,true
236,ticketera,elena-rose,https://www.ticketera.com/events/detail/elena-rose,ticketera,30,true
237,ticketera,hector-el-torito,https://www.ticketera.com/events/detail/hector-el-torito,ticketera,30,true
238,ticketera,premios-tu-musica-urbana,https://www.ticketera.com/events/detail/premios-tu-musica-urbana,ticketera,30,true
239,ticketera,la-iglesia-en-la-calle,https://www.ticketera.com/events/detail/la-iglesia-en-la-calle,ticketera,30,true
240,ticketera,dante-gebel-1,https://www.ticketera.com/events/detail/dante-gebel-1,ticketera,30,true
241,ticketera,george-lopez-live,https://www.ticketera.com/events/detail/george-lopez-live,ticketera,30,true
242,ticketera,elsa-y-elmar,https://www.ticketera.com/events/detail/elsa-y-elmar,ticketera,30,true
243,ticketera,ub40,https://www.ticketera.com/events/detail/ub40,ticketera,30,true
244,ticketera,fronti-el-diamond-forever,https://www.ticketera.com/events/detail/fronti-el-diamond-forever,ticketera,30,true
245,ticketera,el-mentalista,https://www.ticketera.com/events/detail/el-mentalista,ticketera,30,true
246,ticketera,odilio-gonzalez-la-despedida-1,https://www.ticketera.com/events/detail/odilio-gonzalez-la-despedida-1,ticketera,30,true
247,ticketera,camerata-coral-con-calle,https://www.ticketera.com/events/detail/camerata-coral-con-calle,ticketera,30,true
248,ticketera,dancing-queen-abba-tributo-filarmonico,https://www.ticketera.com/events/detail/dancing-queen-abba-tributo-filarmonico,ticketera,30,true
249,ticketera,el-padre-le-pere,https://www.ticketera.com/events/detail/el-padre-le-pere,ticketera,30,true
250,ticketera,charlie-zaa-nacer-de-nuevo-tour,https://www.ticketera.com/events/detail/charlie-zaa-nacer-de-nuevo-tour,ticketera,30,true
251,ticketera,puerto-rico-beer-fest-9e1sht,https://www.ticketera.com/events/detail/puerto-rico-beer-fest-9e1sht,ticketera,30,true
252,ticketera,mario-vi-10-anos-sin-reirme,https://www.ticketera.com/events/detail/mario-vi-10-anos-sin-reirme,ticketera,30,true
253,ticketera,don-esteban-luis-esteban-perico-ortiz-y-carlos-esteban-fonseca,https://www.ticketera.com/events/detail/don-esteban-luis-esteban-perico-ortiz-y-carlos-esteban-fonseca,ticketera,30,true
254,ticketera,desde-el-componente-de-mama-musica-risas-y-nostalgia,https://www.ticketera.com/events/detail/desde-el-componente-de-mama-musica-risas-y-nostalgia,ticketera,30,true
255,ticketera,chucho-avellanet-en-jamas-te-olvidare,https://www.ticketera.com/events/detail/chucho-avellanet-en-jamas-te-olvidare,ticketera,30,true
256,ticketera,charlie-sepulveda-celebrando-el-buena-vista-social-club,https://www.ticketera.com/events/detail/charlie-sepulveda-celebrando-el-buena-vista-social-club,ticketera,30,true
257,ticketera,o-brasil-nossa-historia,https://www.ticketera.com/events/detail/o-brasil-nossa-historia,ticketera,30,true
258,ticketera,gorda,https://www.ticketera.com/events/detail/gorda,ticketera,30,true
259,ticketera,com-capital-of-motors,https://www.ticketera.com/events/detail/com-capital-of-motors,ticketera,30,true
260,ticketera,inflalandia,https://www.ticketera.com/events/detail/inflalandia,ticketera,30,true
261,ticketera,eliades-ochoa,https://www.ticketera.com/events/detail/eliades-ochoa,ticketera,30,true
262,ticketera,bee-gees-sinfonico-1,https://www.ticketera.com/events/detail/bee-gees-sinfonico-1,ticketera,30,true
263,ticketera,hamlet,https://www.ticketera.com/events/detail/hamlet,ticketera,30,true
264,ticketera,jala-jala-el-combo-filarmonico,https://www.ticketera.com/events/detail/jala-jala-el-combo-filarmonico,ticketera,30,true
265,ticketera,festival-casals-de-puerto-rico-2026-concierto-inaugural,https://www.ticketera.com/events/detail/festival-casals-de-puerto-rico-2026-concierto-inaugural,ticketera,30,true
266,ticketera,festival-casals-de-puerto-rico-2026-recital-de-chelo-y-piano,https://www.ticketera.com/events/detail/festival-casals-de-puerto-rico-2026-recital-de-chelo-y-piano,ticketera,30,true
267,ticketera,festival-casals-de-puerto-rico-2026-las-troyanas,https://www.ticketera.com/events/detail/festival-casals-de-puerto-rico-2026-las-troyanas,ticketera,30,true
268,ticketera,los-tres-pianistas-one-more-time,https://www.ticketera.com/events/detail/los-tres-pianistas-one-more-time,ticketera,30,true
269,ticketera,festival-casals-de-puerto-rico-2026-boston-symphony-chamber-players,https://www.ticketera.com/events/detail/festival-casals-de-puerto-rico-2026-boston-symphony-chamber-players,ticketera,30,true
270,ticketera,radel-ortiz-stand-up-comedy-tour-2026,https://www.ticketera.com/events/detail/radel-ortiz-stand-up-comedy-tour-2026,ticketera,30,true
271,ticketera,criollos-de-caguas-bsn-2026-temporada-regular,https://www.ticketera.com/events/detail/criollos-de-caguas-bsn-2026-temporada-regular,ticketera,30,true
272,ticketera,vaqueros-de-bayamon-bsn-2026-temporada-regular,https://www.ticketera.com/events/detail/vaqueros-de-bayamon-bsn-2026-temporada-regular,ticketera,30,true
273,ticketera,osos-de-manati-bsn-2026-temporada-regular,https://www.ticketera.com/events/detail/osos-de-manati-bsn-2026-temporada-regular,ticketera,30,true
274,ticketera,choke-de-campeones,https://www.ticketera.com/events/detail/choke-de-campeones,ticketera,30,true
275,ticketera,tributo-a-las-k-pop,https://www.ticketera.com/events/detail/tributo-a-las-k-pop,ticketera,30,true
276,ticketera,noche-de-san-juan,https://www.ticketera.com/events/detail/noche-de-san-juan,ticketera,30,true
277,ticketera,dino-encounter-jurassic-experience,https://www.ticketera.com/events/detail/dino-encounter-jurassic-experience,ticketera,30,true
278,ticketera,mojito-fest,https://www.ticketera.com/events/detail/mojito-fest,ticketera,30,true
279,ticketera,el-guaynabito-de-corozal,https://www.ticketera.com/events/detail/el-guaynabito-de-corozal,ticketera,30,true
280,ticketera,dear-evan-hansen,https://www.ticketera.com/events/detail/dear-evan-hansen,ticketera,30,true
281,ticketera,cuca-gomez-la-cenicienta,https://www.ticketera.com/events/detail/cuca-gomez-la-cenicienta,ticketera,30,true
282,ticketera,something-rotten,https://www.ticketera.com/events/detail/something-rotten,ticketera,30,true
283,ticketera,la-noche-santa,https://www.ticketera.com/events/detail/la-noche-santa,ticketera,30,true
284,ticketera,soy-menopausica-y-que,https://www.ticketera.com/events/detail/soy-menopausica-y-que,ticketera,30,true
