key,nombre_lugar,municipio_id,direccion,place_id,latitud,longitud,fuente,updated_at
3 day pass complejo ferial de puerto rico|58,3 DAY PASS - Complejo Ferial de Puerto Rico,58,"Av Rafael Cordero Santiago, Ponce, 00716, Puerto Rico",ChIJow6UhObVHIwRHSB9TCXXLk0,17.9872554,-66.599768,google_places,2026-05-14T20:24:46+00:00
abracadabra counter cafe|65,Abracadabra Counter Cafe,65,"1651 Av. Manuel Fernández Juncos, San Juan, 00909, Puerto Rico",ChIJf9RoW0tvA4wRnpCUTZAx4bE,18.4427013,-66.0659247,google_places,2026-05-14T20:19:34+00:00
abracadabra enumerado new|65,Abracadabra Enumerado New,65,"1651 Av. Manuel Fernández Juncos, San Juan, 00909, Puerto Rico",ChIJf9RoW0tvA4wRnpCUTZAx4bE,18.4427013,-66.0659247,google_places,2026-05-14T20:19:37+00:00
abracadabra|65,Abracadabra,65,"1651 Av. Manuel Fernández Juncos, San Juan, 00909, Puerto Rico",ChIJf9RoW0tvA4wRnpCUTZAx4bE,18.4427013,-66.0659247,google_places,2026-05-14T20:24:30+00:00
aguadilla|3,Aguadilla,3,"00603, Puerto Rico",ChIJO6HUS-28AowRIDi6m7d3HQc,18.4295875,-67.15410969999999,google_places,2026-05-14T20:19:23+00:00
aqua by dreams hotel amp bar amp grill|70,Aqua by Dreams Hotel &amp; Bar &amp; Grill,70,"Calle Manuel Enriquez km 1.8, Toa Baja, 00949, Puerto Rico",ChIJc-pz175vA4wRwK9VJRagYhs,18.4639638,-66.1399334,google_places,2026-05-14T20:24:28+00:00
arecibo motorsport|7,Arecibo Motorsport,7,"F79X+V85, Cambalache, Arecibo 00612, Puerto Rico",ChIJiTEh8s_gAowR0iZXOB3wpsQ,18.4696265,-66.70163509999999,google_places,2026-05-14T20:24:27+00:00
bambalinas cafe teatro amp musica|2,Bambalinas Café Teatro &amp; Música,2,"Sector Casualidad, Aguada, 00602, Puerto Rico",ChIJ9fVcEQClAowRQ2LOWwRgR48,18.3781737,-67.1984205,google_places,2026-05-14T20:24:19+00:00
bambalinas cafe teatro|2,Bambalinas Café Teatro,2,"Sector Casualidad, Aguada, 00602, Puerto Rico",ChIJ9fVcEQClAowRQ2LOWwRgR48,18.3781737,-67.1984205,google_places,2026-05-14T20:19:56+00:00
bellas artes de caguas|13,Bellas Artes de Caguas,13,"Calle Padial, Esquina, C. Ruiz Belvis, Caguas, 00725, Puerto Rico",ChIJD-PyAzdbA4wRSCZIK5nps4U,18.2359026,-66.0368165,google_places,2026-05-14T20:23:22+00:00
bsn general enumerado|59,BSN (General + Enumerado),59,"F36C+M88, Quebradillas, 00678, Puerto Rico",ChIJCWGSQ-fBAowR4AIaDbQG-Ls,18.4616667,-66.9291667,google_places,2026-05-14T20:49:08+00:00
cafe teatro el shorty|65,Café Teatro El Shorty,65,"607 C. del Parque, San Juan, 00909, Puerto Rico",ChIJZYRAIUtvA4wRVZAjsvpvvys,18.4441053,-66.0668601,google_places,2026-05-14T21:55:01+00:00
cangrejeros 2026|65,Cangrejeros 2026,65,"154 C. Eugenio Benítez Castaño, San Juan, 00911, Puerto Rico",ChIJ3dzxQIdvA4wRGCSCHMvFjMc,18.4483937,-66.0572605,google_places,2026-05-14T20:19:28+00:00
cba naranjito online|54,CBA Naranjito - .Online,54,"7PPW+WJV, Naranjito, 00719, Puerto Rico",ChIJv869QJ4_A4wRuxWi3DrnRIQ,18.2873653,-66.25344570000001,google_places,2026-05-14T20:19:54+00:00
cba santurce|65,CBA Santurce,65,"Ave. Ponce De León Pda. 22 1/2, San Juan, 00907, Puerto Rico",ChIJgXI932hoA4wRoro39iaHOFk,18.4465793,-66.06872129999999,google_places,2026-05-14T20:23:09+00:00
centro de bellas artes de humacao|36,Centro de Bellas Artes de Humacao,36,"45VM+M6W, Av. Blvd. Nicanor Varquez, Cataño, Humacao 00791, Puerto Rico",ChIJJTRoLNanBIwRFI-u2cPc1B0,18.1442377,-65.8169162,google_places,2026-05-14T20:23:35+00:00
centro de bellas artes de naranjito|54,Centro de Bellas Artes de Naranjito,54,"#97 C. Georgetti, Naranjito, 00719, Puerto Rico",ChIJVb6-ZFo_A4wRWOl1ojtLqVc,18.3007986,-66.24521410000001,google_places,2026-05-14T20:20:16+00:00
centro de bellas artes de san sebastian|67,Centro de Bellas Artes de San Sebastián,67,"9 Cll Betances, San Sebastián, 00685, Puerto Rico",ChIJ7Rh3xkfHAowR1bIgoz6qQXg,18.3348753,-66.9908289,google_places,2026-05-14T20:23:17+00:00
centro de bellas artes de santurce|65,Centro de Bellas Artes de Santurce,65,"Ave. Ponce De León Pda. 22 1/2, San Juan, 00907, Puerto Rico",ChIJgXI932hoA4wRoro39iaHOFk,18.4465793,-66.06872129999999,google_places,2026-05-14T20:23:54+00:00
centro de convenciones de aguada|2,Centro de Convenciones de Aguada,2,"9RPF+76J Centro Multiservicios Cooperativo de Aguada, Cooperativa de Ahorro y Credito de Aguada, Carr. 115, Aguada, 00602, Puerto Rico",ChIJu-6G8ze7AowRzqjTL6DJw9I,18.3853033,-67.1779355,google_places,2026-05-14T20:24:58+00:00
centro de convenciones de coamo|22,Centro de Convenciones de Coamo,22,"PR-14 Km 30, Coamo, 00769, Puerto Rico",ChIJr2hkjBkzA4wRrCqbI-lfCIk,18.0656884,-66.3692045,google_places,2026-05-14T20:23:34+00:00
cine teatro juventud lajas|41,Cine Teatro Juventud - Lajas,41,"2WVR+M78, Lajas, 00667, Puerto Rico",ChIJby_yctpLHYwRspa6w04ciqc,18.044174,-67.05929789999999,google_places,2026-05-14T20:20:24+00:00
cine teatro manuel nieves quintero|24,Cine Teatro Manuel Nieves Quintero,24,"Cll San Manuel, Corozal, 00783, Puerto Rico",ChIJlUfgVYg-A4wRJ66hahAbbhs,18.3400549,-66.3174147,google_places,2026-05-14T20:24:00+00:00
club brava en fairmont el san juan hotel|65,Club Brava en Fairmont El San Juan Hotel,65,"Fairmont Hotel, 6063 Av. Isla Verde, Carolina, 00979, Puerto Rico",ChIJ5x80In1iNFERUoLGn4_wqJk,18.4434829,-66.01810979999999,google_places,2026-05-14T20:19:58+00:00
coca cola music hall|65,Coca-Cola Music Hall,65,"250 Blvd. Centro de Convenciones, San Juan, 00907, Puerto Rico",ChIJd6U7RnxvA4wRa9Ffixh1QcU,18.455128,-66.0926951,google_places,2026-05-14T20:23:06+00:00
colegio de barberos y estilistas de puerto rico|65,Colegio de Barberos y Estilistas de Puerto Rico,65,"29 Av. Mayagüez, San Juan, 00917, Puerto Rico",ChIJXW5tCpxoA4wRu82ZqUSB2Tw,18.412117,-66.052251,google_places,2026-05-14T20:06:34+00:00
coliseito pedrin zorrilla general|65,Coliseito Pedrín Zorrilla General,65,"CW7H+X64, Calle Nemesio R. Canales, San Juan, 00918, Puerto Rico",ChIJb3APre5oA4wRh9uGL0IUEdk,18.4148863,-66.0719292,google_places,2026-05-14T20:19:40+00:00
coliseito pedrin zorrilla|65,Coliseito Pedrin Zorrilla,65,"CW7H+X64, Calle Nemesio R. Canales, San Juan, 00918, Puerto Rico",ChIJb3APre5oA4wRh9uGL0IUEdk,18.4148863,-66.0719292,google_places,2026-05-14T20:20:01+00:00
coliseo carlos miguel mangual|15,Coliseo Carlos Miguel Mangual,15,"94GH+R3H, PR-3, Canóvanas, 00729, Puerto Rico",ChIJ8StJI8xhA4wRRqXnRDlaKP0,18.3770629,-65.8722559,google_places,2026-05-14T20:22:59+00:00
coliseo de puerto rico|65,Coliseo de Puerto Rico,65,"500 Av. Arterial B, San Juan, 00918, Puerto Rico",ChIJVyGzq7toA4wR0lC9QI1tqvA,18.427731,-66.0613868,google_places,2026-05-14T20:23:01+00:00
coliseo juan aubin cruz bincito|47,"Coliseo Juan Aubín Cruz ""Bincito""",47,"CGFJ+Q4M, Av. Carlos Iván Beltrán, Manatí, 00674, Puerto Rico",ChIJfygm1rQZA4wR9OFs5Lm-J34,18.4244569,-66.4696945,google_places,2026-05-14T20:23:31+00:00
coliseo raymond dalmau|59,Coliseo Raymond Dalmau,59,"F36C+M88, Quebradillas, 00678, Puerto Rico",ChIJCWGSQ-fBAowR4AIaDbQG-Ls,18.4616667,-66.9291667,google_places,2026-05-14T21:55:04+00:00
coliseo roger mendoza|13,Coliseo Roger Mendoza,13,"6WQW+CC2, Avenida, Caguas, 00727, Puerto Rico",ChIJHaaqC8lEA4wRy7_pdbJStxE,18.2385113,-66.05396979999999,google_places,2026-05-14T20:23:28+00:00
coliseo ruben rodriguez|11,Coliseo Rubén Rodríguez,11,"9RVX+WJQ, Carr Puerto Rico 2, Bayamón, 00959, Puerto Rico",ChIJh9tg8SRqA4wRSlEUo3Pkc3Y,18.394832,-66.1508971,google_places,2026-05-14T20:23:29+00:00
comunidad aliento|11,Comunidad Aliento,11,"15 Calle Dávila, Bayamón, 00959, Puerto Rico",ChIJo0Wzz-BrA4wRG89Nb3qau0Y,18.4023658,-66.1800725,google_places,2026-05-14T20:24:13+00:00
crc disney|65,CRC_disney,65,"9WVP+R3X, San Juan, 00927, Puerto Rico",ChIJyRgUcGFoA4wRaV5iHijDp6M,18.3946243,-66.06475449999999,google_places,2026-05-14T20:19:36+00:00
dimension event center|28,Dimension Event Center,28,"2634 Tamiami Trl E, Naples, FL 34112, EE. UU.",ChIJE1JWUNHj2ogReTKDP2Mqcfw,26.1305941,-81.7725672,google_places,2026-05-14T20:24:06+00:00
duncan theatre|28,Duncan Theatre,28,"4200 S Congress Ave, Lake Worth Beach, FL 33461, EE. UU.",ChIJW1gNeXLY2IgR7E3nmqGVx_4,26.6118348,-80.0868981,google_places,2026-05-14T20:24:01+00:00
el patio fusion lounge|26,El Patio Fusion Lounge,26,"Paseo del Plata Shopping Village Ave. Jose Efron Esquina, PR-696, Dorado, 00646, Puerto Rico",ChIJDx-TG6oVA4wRBHeyHPUxnE8,18.4564391,-66.28226289999999,google_places,2026-05-14T20:23:55+00:00
embassy suites by hilton san juan hotel amp casino|16,Embassy Suites by Hilton San Juan Hotel &amp; Casino,16,"8000 C. José M. Tartak, Carolina, 00979, Puerto Rico",ChIJXQt7099lA4wRsDdD6EUYIzQ,18.4394497,-66.0221968,google_places,2026-05-14T20:25:00+00:00
facultad de humanidades|65,Facultad de Humanidades,65,"CW2X+XXH, Av. Universidad, San Juan, 00925, Puerto Rico",ChIJjy5w0INoA4wR2rOg2quBrKA,18.40243,-66.0500263,google_places,2026-05-14T20:19:48+00:00
fairmont el san juan hotel|65,Fairmont El San Juan Hotel,65,"6063 Av. Isla Verde, Carolina, 00979, Puerto Rico",ChIJX1t5_NtlA4wRuLwgT7A_evo,18.4433598,-66.01772249999999,google_places,2026-05-14T20:23:37+00:00
garner performing arts center|16,Garner Performing Arts Center,16,"Ave. Ponce De León Pda. 22 1/2, San Juan, 00907, Puerto Rico",ChIJgXI932hoA4wRoro39iaHOFk,18.4465793,-66.06872129999999,google_places,2026-05-14T20:24:08+00:00
general single ticket amp group pass complejo ferial de puerto rico|58,GENERAL SINGLE TICKET &amp; GROUP PASS - Complejo Ferial de Puerto Rico,58,"Av Rafael Cordero Santiago, Ponce, 00716, Puerto Rico",ChIJow6UhObVHIwRHSB9TCXXLk0,17.9872554,-66.599768,google_places,2026-05-14T20:24:48+00:00
general|65,General,65,"601 Avenida F.D. Roosevelt, San Juan, 00936, Puerto Rico",ChIJG377OuloA4wR8Key-sxhCOQ,18.417086,-66.0777639,google_places,2026-05-14T20:19:46+00:00
impro galeria|65,IMPRO Galería,65,"214 Av. Eleanor Roosevelt, San Juan, 00918, Puerto Rico",ChIJQ7QnUYlpA4wRfHR_avraOQU,18.4203209,-66.06076220000001,google_places,2026-05-14T20:23:58+00:00
killeen arts and activities center|28,Killeen Arts and Activities Center,28,"801 N 4th St B, Killeen, TX 76541, EE. UU.",ChIJPegZUXZMRYYRGI_Hg42jOrQ,31.1253515,-97.7279726,google_places,2026-05-14T20:24:18+00:00
la estacion|27,La Estación,27,"Fajardo, 00738, Puerto Rico",ChIJa7l5lxSXBIwRS4jwJmcapBM,18.3600625,-65.63793749999999,google_places,2026-05-14T20:24:51+00:00
la mordida taqueria mexicana|13,La Mordida Taqueria Mexicana,13,"70 C. Celís Aguilera, Caguas, 00725, Puerto Rico",ChIJG7csdDdbA4wR_RCKtdBZwPM,18.2361052,-66.0356264,google_places,2026-05-14T20:24:31+00:00
mesas y telon by dominguez|58,Mesas y Telón By Dominguez,58,"Esquina marina, C. Reina Isabel, Ponce, 00716, Puerto Rico",ChIJe6h4FADVHIwRdPam5DK_N38,18.0124375,-66.61350209999999,google_places,2026-05-14T20:24:44+00:00
midtown arts amp theater center|28,Midtown Arts &amp; Theater Center,28,"Ave. Ponce De León Pda. 22 1/2, San Juan, 00907, Puerto Rico",ChIJgXI932hoA4wRoro39iaHOFk,18.4465793,-66.06872129999999,google_places,2026-05-14T20:24:43+00:00
miller center for the arts|16,Miller Center for the Arts,16,"Ave. Ponce De León Pda. 22 1/2, San Juan, 00907, Puerto Rico",ChIJgXI932hoA4wRoro39iaHOFk,18.4465793,-66.06872129999999,google_places,2026-05-14T20:24:12+00:00
monero cafe teatro amp bar|13,Moneró Café Teatro &amp; Bar,13,"Calle Padial, Esq. Ruiz Belvis 3er Nivel, Centro de Bellas Artes de Caguas, Caguas, 00725, Puerto Rico",ChIJf6pzC8BbA4wRdnKMOvQuMw8,18.2362605,-66.0371798,google_places,2026-05-14T20:24:59+00:00
monero cafe teatro bar|13,Moneró Café Teatro & Bar,13,"Calle Padial, Esq. Ruiz Belvis 3er Nivel, Centro de Bellas Artes de Caguas, Caguas, 00725, Puerto Rico",ChIJf6pzC8BbA4wRdnKMOvQuMw8,18.2362605,-66.0371798,google_places,2026-05-14T20:23:25+00:00
monero online|13,Moneró - .Online,13,"Calle Padial, Esq. Ruiz Belvis 3er Nivel, Centro de Bellas Artes de Caguas, Caguas, 00725, Puerto Rico",ChIJf6pzC8BbA4wRdnKMOvQuMw8,18.2362605,-66.0371798,google_places,2026-05-14T20:20:05+00:00
museo de arte de puerto rico mapr|65,Museo de Arte de Puerto Rico (MAPR),65,"299 Av. de Diego, San Juan, 00909, Puerto Rico",ChIJGYZKTeNoA4wR6HGDU33r-LU,18.448276,-66.066284,google_places,2026-05-14T20:24:32+00:00
next generation 2026|71,Next Generation 2026,71,"47 PR-846, Trujillo Alto, 00976, Puerto Rico",ChIJ6wY-2sZnA4wRrajli4BltXA,18.3772882,-66.0256273,google_places,2026-05-14T20:19:57+00:00
ocala civic theater|28,Ocala Civic Theater,28,"4337 E Silver Springs Blvd, Ocala, FL 34470, EE. UU.",ChIJNZ_6WSIt5ogR2VETEPGk5Yk,29.2076918,-82.0756402,google_places,2026-05-14T20:24:03+00:00
palacio de recreacion y deportes|50,Palacio de Recreación y Deportes,50,"87 C. Miguel A. Santín, Mayagüez, 00680, Puerto Rico",ChIJYQvZ18uzAowRU665Z19nFqc,18.2063227,-67.1358935,google_places,2026-05-14T20:23:32+00:00
parking vip|65,Parking VIP,65,"Calle Joaquina, #19 Marginal Los Ángeles, Carolina, 00979, Puerto Rico",ChIJn8Pcp4BmA4wRPC_i2-8CgRk,18.4290516,-65.9986594,google_places,2026-05-14T20:20:10+00:00
parma snow library auditorium|28,Parma Snow Library Auditorium,28,"2121 Snow Rd, Parma, OH 44134, EE. UU.",ChIJ_4EMuGbvMIgRbot5YyuAW6c,41.4045619,-81.6973683,google_places,2026-05-14T20:24:36+00:00
parque agroturistico el dorado|26,Parque Agroturístico El Dorado,26,"FP3X+WXM, PR-165, Dorado, 00950, Puerto Rico",ChIJOV7Rv7oUA4wRBpS5srLNlKo,18.4548414,-66.25007819999999,google_places,2026-05-14T20:23:38+00:00
playa el escambron|65,Playa El Escambrón,65,"Balneario del Escambrón, San Juan, 00910, Puerto Rico",ChIJi5HmxiFvA4wRmJcpDYDbR4g,18.4669267,-66.08994109999999,google_places,2026-05-14T20:19:42+00:00
plaza de la independencia|65,Plaza de la Independencia,65,"CW8G+F6H, San Juan, 00918, Puerto Rico",ChIJs_xn8oBpA4wRcy-vMTceJT0,18.4161806,-66.0744002,google_places,2026-05-14T20:19:26+00:00
producciones arriaga|65,Producciones Arriaga,65,"408 Av. José Fidalgo Díaz, San Juan, 00912, Puerto Rico",ChIJaUp7UFFvA4wRCPLIOTXCmKE,18.4438879,-66.0641481,google_places,2026-05-14T21:55:06+00:00
puerto rico convention center|65,Puerto Rico Convention Center,65,"100 Blvd. Centro de Convenciones, San Juan, 00907, Puerto Rico",ChIJSa4blSlvA4wRONh8jsK1BKI,18.4534434,-66.0922646,google_places,2026-05-14T20:23:26+00:00
puntofijo|65,PuntoFijo,65,"Luis A. Ferre Theater, Av. Juan Ponce de León Pda 22 1/2, San Juan, 00907, Puerto Rico",ChIJEanZbEpvA4wR3dzyi-HOKg8,18.4472157,-66.06852649999999,google_places,2026-05-14T20:23:57+00:00
rancho grande anasco|6,"Rancho Grande, Añasco",6,"Carretera 401 Sector La Puente Bo, Añasco, 00610, Puerto Rico",ChIJFyGrAcWxAowRx45x9gFzbFc,18.2772099,-67.1887887,google_places,2026-05-14T20:20:21+00:00
saffra cowork|65,Saffra Cowork,65,"Edificio ILA, 1055 John Fitzgerald Kennedy Expy, San Juan, 00920, Puerto Rico",ChIJH23BgytpA4wRPZF4o-NSl8c,18.4333324,-66.0872411,google_places,2026-05-14T20:20:07+00:00
sheraton puerto rico hotel casino|65,Sheraton Puerto Rico Hotel & Casino,65,"200 Blvd. Centro de Convenciones, San Juan, 00907, Puerto Rico",ChIJd5KHAylvA4wRiY5wH4DF42o,18.4541629,-66.0902871,google_places,2026-05-14T20:20:08+00:00
shu community theatre|16,SHU Community Theatre,16,"1420 Post Rd, Fairfield, CT 06824, EE. UU.",ChIJYbMOzRQQ6IkRu5wX4sgqcug,41.1414826,-73.2568199,google_places,2026-05-14T20:24:04+00:00
shu community theatre|28,SHU Community Theatre,28,"1420 Post Rd, Fairfield, CT 06824, EE. UU.",ChIJYbMOzRQQ6IkRu5wX4sgqcug,41.1414826,-73.2568199,google_places,2026-05-14T20:24:37+00:00
strand theatre|28,Strand Theatre,28,"527 Duval St, Key West, FL 33040, EE. UU.",ChIJe99wZgC30YgRUxO8_Z5IsGc,24.5552551,-81.8020342,google_places,2026-05-14T20:24:40+00:00
studio 58 cafe teatro|30,Studio 58 Café Teatro,30,"Bo, Pueblo esquina baldorioty, Calle Calimano Martínez, Guayama, 00785, Puerto Rico",ChIJGWD0ZZmzHIwReKV79x8yBzk,17.9845591,-66.1140624,google_places,2026-05-14T20:24:15+00:00
studio 58 comedy club|58,Studio 58 Comedy Club,58,"58 C. Sol, Ponce, 00730, Puerto Rico",ChIJy49zeQDVHIwR2ID7kLCrbNA,18.0134874,-66.61450669999999,google_places,2026-05-14T20:24:25+00:00
studio 58 guayama|30,"Studio 58, Guayama",30,"Bo, Pueblo esquina baldorioty, Calle Calimano Martínez, Guayama, 00785, Puerto Rico",ChIJGWD0ZZmzHIwReKV79x8yBzk,17.9845591,-66.1140624,google_places,2026-05-14T20:19:31+00:00
studio 58 ponce|58,"Studio 58, Ponce",58,"58 C. Sol, Ponce, 00730, Puerto Rico",ChIJy49zeQDVHIwR2ID7kLCrbNA,18.0134874,-66.61450669999999,google_places,2026-05-14T20:20:18+00:00
sun on the beach|28,Sun On the Beach,28,"5770 W Irlo Bronson Memorial Hwy, Kissimmee, FL 34746, EE. UU.",ChIJd6lmgVh_3YgRvsyiFJwiSzE,28.330197,-81.515997,google_places,2026-05-14T20:24:16+00:00
t tapia 4 precios|65,T.Tapia - 4 precios,65,"4 C. Tapia, San Juan, 00911, Puerto Rico",Eig0IEMuIFRhcGlhLCBTYW4gSnVhbiwgMDA5MTEsIFB1ZXJ0byBSaWNvIjASLgoUChIJOc_29FlvA4wR_pVoptaERIIQBCoUChIJcScQ6VNvA4wRQIQDMUSHg4Q,18.4534996,-66.0521869,google_places,2026-05-14T20:19:38+00:00
teatro balboa armando quot chucho quot avellanet|50,Teatro Balboa - Armando &quot;Chucho&quot; Avellanet,50,"196 C. Méndez Vigo, Mayagüez, 00680, Puerto Rico",ChIJmexoIgCzAowRcMLqWhCZ-QU,18.2014361,-67.13526650000001,google_places,2026-05-14T20:24:57+00:00
teatro balboa mayaguez|50,"Teatro Balboa, Mayagüez",50,"196 C. Méndez Vigo, Mayagüez, 00680, Puerto Rico",ChIJmexoIgCzAowRcMLqWhCZ-QU,18.2014361,-67.13526650000001,google_places,2026-05-14T20:19:33+00:00
teatro braulio castillo|11,Teatro Braulio Castillo,11,"9RWV+JMH, Carr Puerto Rico 2, Bayamón, 00959, Puerto Rico",ChIJrwF3qDtqA4wRd3ImUEIX3Lw,18.3965648,-66.1557526,google_places,2026-05-14T20:23:11+00:00
teatro de la universidad interamericana recinto metro|65,Teatro de la Universidad Interamericana - Recinto Metro,65,"9W9C+PF5, C. Francisco Seín, San Juan, 00917, Puerto Rico",ChIJL2GUKQBpA4wRVIcH5rA6oCI,18.3692686,-66.0787715,google_places,2026-05-14T20:24:54+00:00
teatro del c3tec|13,Teatro del C3TEC,13,"59 Av. José Gautier Benítez, Caguas, 00725, Puerto Rico",ChIJa09JFDBbA4wRAgj9VlAGEcY,18.2290533,-66.03585199999999,google_places,2026-05-14T20:19:44+00:00
teatro ernesto ramos antonini|67,Teatro Ernesto Ramos Antonini,67,"FF44+8W9, Av. Palmas Altas, Barceloneta, 00617, Puerto Rico",ChIJV2s7L3ofA4wR2AnpO0mSA-M,18.4557889,-66.5426513,google_places,2026-05-14T20:23:19+00:00
teatro francisco arrivi 4 precios 2 2|65,Teatro Francisco Arriví - 4 PRECIOS (2/2),65,"CWVM+V86, C. del Parque, San Juan, 00909, Puerto Rico",ChIJQbvrHktvA4wROU7eJm1pbSg,18.4446574,-66.0667314,google_places,2026-05-14T20:19:51+00:00
teatro francisco arrivi|65,Teatro Francisco Arriví,65,"CWVM+V86, C. del Parque, San Juan, 00909, Puerto Rico",ChIJQbvrHktvA4wROU7eJm1pbSg,18.4446574,-66.0667314,google_places,2026-05-14T20:23:44+00:00
teatro ideal|78,Teatro Ideal,78,"17 Calle Comercio, Yauco, 00698, Puerto Rico",ChIJTUjXl0kyHYwRcZrfxzRSpmY,18.0348148,-66.8483808,google_places,2026-05-14T20:23:15+00:00
teatro inter metro|65,Teatro Inter Metro,65,"9W9C+PF5, C. Francisco Seín, San Juan, 00917, Puerto Rico",ChIJL2GUKQBpA4wRVIcH5rA6oCI,18.3692686,-66.0787715,google_places,2026-05-14T20:23:18+00:00
teatro interamericana de bayamon|11,Teatro Interamericana de Bayamón,11,"8RX8+VJW, Calle Universidad, Bayamón, 00956, Puerto Rico",ChIJS4hvKcpBA4wRKTyUSeaSmLk,18.3497493,-66.1834105,google_places,2026-05-14T20:24:55+00:00
teatro jose m lugo emanuelli|27,Teatro José M. Lugo Emanuelli,27,"88HX+3JF, C. Celís Aguilera, Fajardo, 00738, Puerto Rico",ChIJ67fthuWXBIwRHMguLyOi0uE,18.3276912,-65.6509585,google_places,2026-05-14T20:19:50+00:00
teatro juventud|41,Teatro Juventud,41,"2WVR+M78, Lajas, 00667, Puerto Rico",ChIJby_yctpLHYwRspa6w04ciqc,18.044174,-67.05929789999999,google_places,2026-05-14T20:23:49+00:00
teatro monsenor vicente murga ponce|58,"Teatro Monseñor Vicente Murga, Ponce",58,"292M+QR6, Ponce, 00717, Puerto Rico",ChIJ8zYHGPXVHIwRQ_1mDbaK1Jc,18.0019002,-66.6154799,google_places,2026-05-14T20:23:21+00:00
teatro sol|64,Teatro Sol,64,"21 C. Padres Agustinos, San Germán, 00683, Puerto Rico",ChIJOSxmVf5KHYwRNgmnaiq5tXE,18.0824114,-67.0429861,google_places,2026-05-14T20:24:52+00:00
teatro tapia reynold|65,Teatro Tapia-Reynold,65,"Calle Fortaleza, FV8Q+65P, C. de la Fortaleza, San Juan, 00901, Puerto Rico",ChIJA-3hytxuA4wR-U70RZMCYEk,18.4655882,-66.1120375,google_places,2026-05-14T20:20:02+00:00
teatro yaguez mayaguez|50,"Teatro Yagüez, Mayagüez",50,"2-98 C. Eduardo Riera, Mayagüez, 00682, Puerto Rico",ChIJG0BSUUqyAowRBt28NodVALY,18.2012898,-67.1403636,google_places,2026-05-14T20:19:53+00:00
teatro yaguez raynold|65,"Teatro Yagüez, Raynold",65,"2-98 C. Eduardo Riera, Mayagüez, 00682, Puerto Rico",ChIJG0BSUUqyAowRBt28NodVALY,18.2012898,-67.1403636,google_places,2026-05-14T20:20:04+00:00
teatro yaguez|50,Teatro Yagüez,50,"2-98 C. Eduardo Riera, Mayagüez, 00682, Puerto Rico",ChIJG0BSUUqyAowRBt28NodVALY,18.2012898,-67.1403636,google_places,2026-05-14T20:23:14+00:00
the asher theatre|16,The Asher Theatre,16,"Av. Jesús M. Fragoso, Carolina, 00983, Puerto Rico",ChIJP7cPYjtnA4wRl-PdLGfiTE8,18.3933694,-65.9747203,google_places,2026-05-14T20:24:07+00:00
the liberty center|28,The Liberty Center,28,"Virella Medina Shopping Center, 3000 Av. Roberto Sánchez Vilella, Carolina, 00982, Puerto Rico",ChIJpbyUHfFmA4wR1PhU5yeb8v4,18.4147501,-65.9928426,google_places,2026-05-14T20:24:38+00:00
the palace arts center|28,The Palace Arts Center,28,"Ave. Ponce De León Pda. 22 1/2, San Juan, 00907, Puerto Rico",ChIJgXI932hoA4wRoro39iaHOFk,18.4465793,-66.06872129999999,google_places,2026-05-14T20:24:41+00:00
the salvation army kroc corps community center|16,The Salvation Army Kroc Corps Community Center,16,"Bo. Machete Km. 1.1 Carr. 744, Guayama, 00784, Puerto Rico",ChIJ-TdQzw6zHIwRJ7u0xcHoo2w,17.9668978,-66.1104689,google_places,2026-05-14T20:24:10+00:00
tir center|28,TIR Center,28,"115 Cll 10, Florida, 00650, Puerto Rico",ChIJ233EwYghA4wR_NUdfGz733U,18.3620714,-66.55556279999999,google_places,2026-05-14T20:24:34+00:00
titan games|13,Titan Games,13,"13 Calle Luis Munoz Rivera, Caguas, 00725, Puerto Rico",ChIJaebHTD9bA4wRuJVwycN7GDI,18.2351244,-66.0352899,google_places,2026-05-14T20:19:29+00:00
two day pass friday amp saturday complejo ferial de puerto rico|58,TWO DAY PASS (FRIDAY &amp; SATURDAY) - Complejo Ferial de Puerto Rico,58,"Av Rafael Cordero Santiago, Ponce, 00716, Puerto Rico",ChIJow6UhObVHIwRHSB9TCXXLk0,17.9872554,-66.599768,google_places,2026-05-14T20:24:47+00:00
two day pass saturday amp sunday complejo ferial de puerto rico|58,TWO DAY PASS (SATURDAY &amp; SUNDAY) - Complejo Ferial de Puerto Rico,58,"Av Rafael Cordero Santiago, Ponce, 00716, Puerto Rico",ChIJow6UhObVHIwRHSB9TCXXLk0,17.9872554,-66.599768,google_places,2026-05-14T20:24:50+00:00
uagm recinto de carolina|16,"UAGM, Recinto de Carolina",16,"C278+9FH, PR-190, Carolina, 00984, Puerto Rico",ChIJIcxDfJFmA4wRN-aK6JKZEFE,18.4134399,-65.9837804,google_places,2026-05-14T20:23:12+00:00
vivo beach club|16,Vivo Beach Club,16,"7000 Carr. 187 RR2, Carolina, 00979, Puerto Rico",ChIJUc5ePc1lA4wRFiUV54rqmrE,18.4469466,-66.00006739999999,google_places,2026-05-14T20:23:24+00:00
wwc|65,WWC,65,"570 Av. Lic. Eugenio María de Hostos, San Juan, 00918, Puerto Rico",ChIJdapVGZFoA4wRDzQfgzpAilg,18.4129107,-66.06158049999999,google_places,2026-05-14T20:20:12+00:00
